com.samsung.shealth.step_daily_trend,6313013,6
binning_data,update_time,create_time,source_pkg_name,source_type,count,speed,distance,calorie,deviceuuid,pkg_name,datauuid,day_time
f0e994c0-8c94-4c20-b6c7-8319a0e8a02f.binning_data.json,2025-05-01 11:23:54.535,2025-05-01 11:23:54.535,com.sec.android.app.shealth,0,2507,1.2255406,1843.79,97.34999,kv/gFnHKRS,com.sec.android.app.shealth,f0e994c0-8c94-4c20-b6c7-8319a0e8a02f,1677369600000,
9fcca38a-2789-4dd7-a696-13562857bb3c.binning_data.json,2025-05-01 11:23:54.535,2025-05-01 11:23:54.535,com.sec.android.app.shealth,0,6921,1.3730732,5281.63,288.00998,kv/gFnHKRS,com.sec.android.app.shealth,9fcca38a-2789-4dd7-a696-13562857bb3c,1677456000000,
ce6eb819-ff3d-41af-a514-2c092c52da09.binning_data.json,2025-05-01 11:23:54.535,2025-05-01 11:23:54.535,com.sec.android.app.shealth,0,11144,1.3185428,8366.67,418.97998,kv/gFnHKRS,com.sec.android.app.shealth,ce6eb819-ff3d-41af-a514-2c092c52da09,1677542400000,
32e1a4f9-e9ee-45a9-99b4-99a9e0b5ceb2.binning_data.json,2025-05-01 11:23:54.535,2025-05-01 11:23:54.535,com.sec.android.app.shealth,0,706,1.2384331,519.83997,26.44,kv/gFnHKRS,com.sec.android.app.shealth,32e1a4f9-e9ee-45a9-99b4-99a9e0b5ceb2,1677628800000,
0fafc3d7-143b-4b19-ae78-90a6ff0c2e39.binning_data.json,2025-05-01 11:23:54.535,2025-05-01 11:23:54.535,com.sec.android.app.shealth,0,2477,1.2684166,1798.19,98.799995,kv/gFnHKRS,com.sec.android.app.shealth,0fafc3d7-143b-4b19-ae78-90a6ff0c2e39,1677715200000,
dc96703a-db65-45dc-9bb9-c70be7447063.binning_data.json,2025-05-01 11:23:54.535,2025-05-01 11:23:54.535,com.sec.android.app.shealth,0,7163,1.2637979,5223.44,286.03,kv/gFnHKRS,com.sec.android.app.shealth,dc96703a-db65-45dc-9bb9-c70be7447063,1677801600000,
0531c132-1af0-4140-a435-ececc3570884.binning_data.json,2025-05-01 11:23:54.535,2025-05-01 11:23:54.535,com.sec.android.app.shealth,0,5023,1.241107,3726.26,192.22,kv/gFnHKRS,com.sec.android.app.shealth,0531c132-1af0-4140-a435-ececc3570884,1677888000000,
e140b986-ab4b-434a-bd23-96eb16bf64b5.binning_data.json,2025-05-01 11:23:54.535,2025-05-01 11:23:54.535,com.sec.android.app.shealth,0,5703,1.2539841,4221.6,223.45,kv/gFnHKRS,com.sec.android.app.shealth,e140b986-ab4b-434a-bd23-96eb16bf64b5,1677974400000,
140445fb-17ca-4a52-9e7c-9b8add03cb6d.binning_data.json,2025-05-01 11:23:54.535,2025-05-01 11:23:54.535,com.sec.android.app.shealth,0,7498,1.2862611,5453.4697,292.77,kv/gFnHKRS,com.sec.android.app.shealth,140445fb-17ca-4a52-9e7c-9b8add03cb6d,1678060800000,
362e0f47-73f1-4235-aefe-22c37e3fc852.binning_data.json,2025-05-01 11:23:54.535,2025-05-01 11:23:54.535,com.sec.android.app.shealth,0,7138,1.2679465,5265.49,282.47,kv/gFnHKRS,com.sec.android.app.shealth,362e0f47-73f1-4235-aefe-22c37e3fc852,1678147200000,
34071684-b65b-4552-a6db-50040bec659d.binning_data.json,2025-05-01 11:23:54.535,2025-05-01 11:23:54.535,com.sec.android.app.shealth,0,5277,1.3143586,3890.32,211.29,kv/gFnHKRS,com.sec.android.app.shealth,34071684-b65b-4552-a6db-50040bec659d,1678233600000,
20019495-d8f2-4f32-9cca-cf4db6f85db1.binning_data.json,2025-05-01 11:23:54.535,2025-05-01 11:23:54.535,com.sec.android.app.shealth,0,13547,1.2898828,10014.65,526.74,kv/gFnHKRS,com.sec.android.app.shealth,20019495-d8f2-4f32-9cca-cf4db6f85db1,1678320000000,
4789fc31-9c0d-44ff-8ab3-16c618cce981.binning_data.json,2025-05-01 11:23:54.535,2025-05-01 11:23:54.535,com.sec.android.app.shealth,0,2763,1.3231214,2088.12,104.54,kv/gFnHKRS,com.sec.android.app.shealth,4789fc31-9c0d-44ff-8ab3-16c618cce981,1678406400000,
89e68369-1442-4929-bce0-714565922ab5.binning_data.json,2025-05-01 11:23:54.535,2025-05-01 11:23:54.535,com.sec.android.app.shealth,0,1650,1.3432541,1234.18,59.98,kv/gFnHKRS,com.sec.android.app.shealth,89e68369-1442-4929-bce0-714565922ab5,1678492800000,
ea48bd21-75ad-4f18-9139-797576f0eec8.binning_data.json,2025-05-01 11:23:54.535,2025-05-01 11:23:54.535,com.sec.android.app.shealth,0,6478,1.3531523,4914.4,260.19,kv/gFnHKRS,com.sec.android.app.shealth,ea48bd21-75ad-4f18-9139-797576f0eec8,1678579200000,
aa0d067d-ced4-4515-9a2a-a8f9ffdc6146.binning_data.json,2025-05-01 11:23:54.536,2025-05-01 11:23:54.536,com.sec.android.app.shealth,0,9338,1.3252462,7058.9897,376.06995,kv/gFnHKRS,com.sec.android.app.shealth,aa0d067d-ced4-4515-9a2a-a8f9ffdc6146,1678665600000,
bbc566e3-2237-409e-8012-5d1decb921c6.binning_data.json,2025-05-01 11:23:54.536,2025-05-01 11:23:54.536,com.sec.android.app.shealth,0,4218,1.3014902,3092.43,168.15999,kv/gFnHKRS,com.sec.android.app.shealth,bbc566e3-2237-409e-8012-5d1decb921c6,1678752000000,
a1b963bc-e550-4da1-ab08-e37600682b9e.binning_data.json,2025-05-01 11:23:54.536,2025-05-01 11:23:54.536,com.sec.android.app.shealth,0,1729,1.2642726,1278.1599,64.63,kv/gFnHKRS,com.sec.android.app.shealth,a1b963bc-e550-4da1-ab08-e37600682b9e,1678838400000,
b8999e5c-288b-48bb-a1d5-163f5e96f254.binning_data.json,2025-05-01 11:23:54.536,2025-05-01 11:23:54.536,com.sec.android.app.shealth,0,1506,1.2957766,1118.26,56.72,kv/gFnHKRS,com.sec.android.app.shealth,b8999e5c-288b-48bb-a1d5-163f5e96f254,1678924800000,
241c175a-753b-4486-9dad-4ee469c57277.binning_data.json,2025-05-01 11:23:54.536,2025-05-01 11:23:54.536,com.sec.android.app.shealth,0,5513,1.2889208,3971.0,220.28,kv/gFnHKRS,com.sec.android.app.shealth,241c175a-753b-4486-9dad-4ee469c57277,1679011200000,
070be77d-1104-4e13-98c9-635c8e9fd0fd.binning_data.json,2025-05-01 11:23:54.536,2025-05-01 11:23:54.536,com.sec.android.app.shealth,0,9031,1.3405991,6857.1797,348.87997,kv/gFnHKRS,com.sec.android.app.shealth,070be77d-1104-4e13-98c9-635c8e9fd0fd,1679097600000,
35135644-df2c-4008-b79d-320186eefe31.binning_data.json,2025-05-01 11:23:54.536,2025-05-01 11:23:54.536,com.sec.android.app.shealth,0,2113,1.3059007,1600.75,77.86,kv/gFnHKRS,com.sec.android.app.shealth,35135644-df2c-4008-b79d-320186eefe31,1679184000000,
f4c0a009-c39d-453f-ac2a-cbc3449599b8.binning_data.json,2025-05-01 11:23:54.536,2025-05-01 11:23:54.536,com.sec.android.app.shealth,0,3730,1.2945114,2692.05,148.04999,kv/gFnHKRS,com.sec.android.app.shealth,f4c0a009-c39d-453f-ac2a-cbc3449599b8,1679270400000,
6dcbf7c6-50b7-4557-80ca-480ea623eb59.binning_data.json,2025-05-01 11:23:54.536,2025-05-01 11:23:54.536,com.sec.android.app.shealth,0,4809,1.264691,3515.94,189.40999,kv/gFnHKRS,com.sec.android.app.shealth,6dcbf7c6-50b7-4557-80ca-480ea623eb59,1679356800000,
4e36dafc-94db-42ad-8b56-b586456dcf22.binning_data.json,2025-05-01 11:23:54.536,2025-05-01 11:23:54.536,com.sec.android.app.shealth,0,6791,1.3112653,4977.49,267.90997,kv/gFnHKRS,com.sec.android.app.shealth,4e36dafc-94db-42ad-8b56-b586456dcf22,1679443200000,
b3ad91a2-1e96-4567-9811-b04769079b3a.binning_data.json,2025-05-01 11:23:54.536,2025-05-01 11:23:54.536,com.sec.android.app.shealth,0,5778,1.2701275,4229.42,223.19,kv/gFnHKRS,com.sec.android.app.shealth,b3ad91a2-1e96-4567-9811-b04769079b3a,1679529600000,
8534844a-6f87-4109-8104-1de9b0bc1f16.binning_data.json,2025-05-01 11:23:54.536,2025-05-01 11:23:54.536,com.sec.android.app.shealth,0,6538,1.2639986,4845.85,248.93999,kv/gFnHKRS,com.sec.android.app.shealth,8534844a-6f87-4109-8104-1de9b0bc1f16,1679616000000,
343a75cf-0f48-49d4-961a-0b25b8e6b8ce.binning_data.json,2025-05-01 11:23:54.536,2025-05-01 11:23:54.536,com.sec.android.app.shealth,0,7579,1.2831286,5588.49,294.27,kv/gFnHKRS,com.sec.android.app.shealth,343a75cf-0f48-49d4-961a-0b25b8e6b8ce,1679702400000,
bdf84ec1-d77e-4018-8862-1df327093bde.binning_data.json,2025-05-01 11:23:54.536,2025-05-01 11:23:54.536,com.sec.android.app.shealth,0,817,1.2817521,616.49,29.66,kv/gFnHKRS,com.sec.android.app.shealth,bdf84ec1-d77e-4018-8862-1df327093bde,1679788800000,
98d41d21-bd55-4ad0-b0a7-d65dda925234.binning_data.json,2025-05-01 11:23:54.536,2025-05-01 11:23:54.536,com.sec.android.app.shealth,0,6645,1.3122567,4913.58,255.29,kv/gFnHKRS,com.sec.android.app.shealth,98d41d21-bd55-4ad0-b0a7-d65dda925234,1679875200000,
39b30457-4df4-4dcb-a7b6-4aabce091a71.binning_data.json,2025-05-01 11:23:54.536,2025-05-01 11:23:54.536,com.sec.android.app.shealth,0,5193,1.2877305,3795.6501,205.12,kv/gFnHKRS,com.sec.android.app.shealth,39b30457-4df4-4dcb-a7b6-4aabce091a71,1679961600000,
e3d49687-378d-4f51-945c-49bf5b70473f.binning_data.json,2025-05-01 11:23:54.536,2025-05-01 11:23:54.536,com.sec.android.app.shealth,0,3784,1.2272242,2788.79,147.4,kv/gFnHKRS,com.sec.android.app.shealth,e3d49687-378d-4f51-945c-49bf5b70473f,1680048000000,
a4007979-d081-4b72-b472-441d84a298f2.binning_data.json,2025-05-01 11:23:54.537,2025-05-01 11:23:54.537,com.sec.android.app.shealth,0,7002,1.2686161,5160.25,272.93,kv/gFnHKRS,com.sec.android.app.shealth,a4007979-d081-4b72-b472-441d84a298f2,1680134400000,
0ce69378-eb02-4692-be01-ec8e1ead8d2a.binning_data.json,2025-05-01 11:23:54.537,2025-05-01 11:23:54.537,com.sec.android.app.shealth,0,2738,1.2825841,2034.32,101.59,kv/gFnHKRS,com.sec.android.app.shealth,0ce69378-eb02-4692-be01-ec8e1ead8d2a,1680220800000,
649c3051-0034-41ba-b8ae-05d993ce1878.binning_data.json,2025-05-01 11:23:54.537,2025-05-01 11:23:54.537,com.sec.android.app.shealth,0,6827,1.2045949,5034.28,265.08,kv/gFnHKRS,com.sec.android.app.shealth,649c3051-0034-41ba-b8ae-05d993ce1878,1680307200000,
71aa4b0e-b707-4b3d-b476-4d1134083915.binning_data.json,2025-05-01 11:23:54.537,2025-05-01 11:23:54.537,com.sec.android.app.shealth,0,1989,1.3663282,1500.75,73.96,kv/gFnHKRS,com.sec.android.app.shealth,71aa4b0e-b707-4b3d-b476-4d1134083915,1680393600000,
d47e1761-c67f-439b-a547-90c600d44d32.binning_data.json,2025-05-01 11:23:54.537,2025-05-01 11:23:54.537,com.sec.android.app.shealth,0,981,1.3477386,730.42,38.27,kv/gFnHKRS,com.sec.android.app.shealth,d47e1761-c67f-439b-a547-90c600d44d32,1680480000000,
37a2caa1-79d3-4607-bb46-b3a4fd0c1ffd.binning_data.json,2025-05-01 11:23:54.537,2025-05-01 11:23:54.537,com.sec.android.app.shealth,0,11142,1.1954837,8211.62,432.66,kv/gFnHKRS,com.sec.android.app.shealth,37a2caa1-79d3-4607-bb46-b3a4fd0c1ffd,1680566400000,
4b2f8205-c6dc-4909-9fa2-2deefcf7880b.binning_data.json,2025-05-01 11:23:54.537,2025-05-01 11:23:54.537,com.sec.android.app.shealth,0,1093,1.2347667,810.05,40.11,kv/gFnHKRS,com.sec.android.app.shealth,4b2f8205-c6dc-4909-9fa2-2deefcf7880b,1680652800000,
968900e5-a3d0-46d8-8e5d-f3c29c0338e8.binning_data.json,2025-05-01 11:23:54.537,2025-05-01 11:23:54.537,com.sec.android.app.shealth,0,1668,1.2900916,1252.9299,61.989998,kv/gFnHKRS,com.sec.android.app.shealth,968900e5-a3d0-46d8-8e5d-f3c29c0338e8,1680739200000,
a9b34bf3-ae4a-4a2c-8550-045422926f7d.binning_data.json,2025-05-01 11:23:54.537,2025-05-01 11:23:54.537,com.sec.android.app.shealth,0,8006,1.2979906,6058.69,308.78998,kv/gFnHKRS,com.sec.android.app.shealth,a9b34bf3-ae4a-4a2c-8550-045422926f7d,1680825600000,
94ab152e-5a74-4966-965d-b799e82ba600.binning_data.json,2025-05-01 11:23:54.537,2025-05-01 11:23:54.537,com.sec.android.app.shealth,0,4738,1.2885365,3548.07,174.70999,kv/gFnHKRS,com.sec.android.app.shealth,94ab152e-5a74-4966-965d-b799e82ba600,1680912000000,
7c523e58-bb90-4067-9312-d95f2e3bd1ad.binning_data.json,2025-05-01 11:23:54.537,2025-05-01 11:23:54.537,com.sec.android.app.shealth,0,1882,1.2496201,1401.13,72.39,kv/gFnHKRS,com.sec.android.app.shealth,7c523e58-bb90-4067-9312-d95f2e3bd1ad,1680998400000,
41cf3e62-bb9a-4bdb-840c-2471bc273706.binning_data.json,2025-05-01 11:23:54.537,2025-05-01 11:23:54.537,com.sec.android.app.shealth,0,3983,1.3355483,2994.4,154.2,kv/gFnHKRS,com.sec.android.app.shealth,41cf3e62-bb9a-4bdb-840c-2471bc273706,1681084800000,
77e46946-cd08-4b12-93d3-de8297e8712f.binning_data.json,2025-05-01 11:23:54.537,2025-05-01 11:23:54.537,com.sec.android.app.shealth,0,1129,1.2635154,837.4,41.25,kv/gFnHKRS,com.sec.android.app.shealth,77e46946-cd08-4b12-93d3-de8297e8712f,1681171200000,
f3f4628b-e379-4e82-95c3-a7565af3411c.binning_data.json,2025-05-01 11:23:54.537,2025-05-01 11:23:54.537,com.sec.android.app.shealth,0,2469,1.2899425,1857.55,92.15,kv/gFnHKRS,com.sec.android.app.shealth,f3f4628b-e379-4e82-95c3-a7565af3411c,1681257600000,
42793127-7960-4250-b661-66817e024acf.binning_data.json,2025-05-01 11:23:54.537,2025-05-01 11:23:54.537,com.sec.android.app.shealth,0,4488,1.3787818,3446.0,169.45,kv/gFnHKRS,com.sec.android.app.shealth,42793127-7960-4250-b661-66817e024acf,1681344000000,
b90b10b7-9046-4fb3-8622-4618f40a0fe6.binning_data.json,2025-05-01 11:23:54.537,2025-05-01 11:23:54.537,com.sec.android.app.shealth,0,4260,1.2167002,3165.17,161.2,kv/gFnHKRS,com.sec.android.app.shealth,b90b10b7-9046-4fb3-8622-4618f40a0fe6,1723939200000,
5e88ed89-d77f-4ed5-bd8d-75211040af8c.binning_data.json,2025-05-01 11:23:54.537,2025-05-01 11:23:54.537,com.sec.android.app.shealth,0,16429,1.2065244,12162.34,638.99994,kv/gFnHKRS,com.sec.android.app.shealth,5e88ed89-d77f-4ed5-bd8d-75211040af8c,1724025600000,
444b36b1-ece8-4de7-a761-e25d3861cd83.binning_data.json,2025-05-01 11:23:54.537,2025-05-01 11:23:54.537,com.sec.android.app.shealth,0,8766,1.199255,6601.32,355.07,kv/gFnHKRS,com.sec.android.app.shealth,444b36b1-ece8-4de7-a761-e25d3861cd83,1724112000000,
2fd122dd-ba15-4918-9da9-ebe878cfcc05.binning_data.json,2025-05-01 11:23:54.538,2025-05-01 11:23:54.538,com.sec.android.app.shealth,0,5326,1.1439316,3907.84,204.75,kv/gFnHKRS,com.sec.android.app.shealth,2fd122dd-ba15-4918-9da9-ebe878cfcc05,1724198400000,
aa228919-5a01-4402-9d81-118a9d394d8f.binning_data.json,2025-05-01 11:23:54.538,2025-05-01 11:23:54.538,com.sec.android.app.shealth,0,4932,1.2007326,3650.16,185.56999,kv/gFnHKRS,com.sec.android.app.shealth,aa228919-5a01-4402-9d81-118a9d394d8f,1724284800000,
ab25f163-7ac2-4f70-ad30-8ce3d36f7d0e.binning_data.json,2025-05-01 11:23:54.538,2025-05-01 11:23:54.538,com.sec.android.app.shealth,0,4593,1.2326176,3417.59,173.58,kv/gFnHKRS,com.sec.android.app.shealth,ab25f163-7ac2-4f70-ad30-8ce3d36f7d0e,1724371200000,
53c8913b-85cd-4667-8e04-d48abfa2bf2e.binning_data.json,2025-05-01 11:23:54.538,2025-05-01 11:23:54.538,com.sec.android.app.shealth,0,3640,1.2720981,2731.65,136.13,kv/gFnHKRS,com.sec.android.app.shealth,53c8913b-85cd-4667-8e04-d48abfa2bf2e,1724457600000,
f6eae7d4-0b40-459f-966c-1edd24879351.binning_data.json,2025-05-01 11:23:54.538,2025-05-01 11:23:54.538,com.sec.android.app.shealth,0,3552,1.2229185,2636.04,136.09,kv/gFnHKRS,com.sec.android.app.shealth,f6eae7d4-0b40-459f-966c-1edd24879351,1724544000000,
20daa0d0-74fd-472a-b658-e94c2e83e29a.binning_data.json,2025-05-01 11:23:54.538,2025-05-01 11:23:54.538,com.sec.android.app.shealth,0,939,1.2570362,705.21,34.469997,kv/gFnHKRS,com.sec.android.app.shealth,20daa0d0-74fd-472a-b658-e94c2e83e29a,1724630400000,
e9159308-bbc6-4cd8-859f-b697dc0246be.binning_data.json,2025-05-01 11:23:54.538,2025-05-01 11:23:54.538,com.sec.android.app.shealth,0,3271,1.134381,2398.98,125.079994,kv/gFnHKRS,com.sec.android.app.shealth,e9159308-bbc6-4cd8-859f-b697dc0246be,1724716800000,
0da6778b-566a-4753-953b-3e3094521d39.binning_data.json,2025-05-01 11:23:54.538,2025-05-01 11:23:54.538,com.sec.android.app.shealth,0,1883,1.2275438,1401.83,68.9,kv/gFnHKRS,com.sec.android.app.shealth,0da6778b-566a-4753-953b-3e3094521d39,1724803200000,
80298173-4ed2-4a8b-8df6-e12a965bc4ef.binning_data.json,2025-05-01 11:23:54.538,2025-05-01 11:23:54.538,com.sec.android.app.shealth,0,1169,1.2072823,869.62,42.85,kv/gFnHKRS,com.sec.android.app.shealth,80298173-4ed2-4a8b-8df6-e12a965bc4ef,1724889600000,
b6d0e784-acc6-4f8d-8330-7fece404a445.binning_data.json,2025-05-01 11:23:54.538,2025-05-01 11:23:54.538,com.sec.android.app.shealth,0,5118,1.1520114,3767.33,195.39,kv/gFnHKRS,com.sec.android.app.shealth,b6d0e784-acc6-4f8d-8330-7fece404a445,1724976000000,
ca2afbf8-c99e-409b-b3e5-099b7bcdf131.binning_data.json,2025-05-01 11:23:54.538,2025-05-01 11:23:54.538,com.sec.android.app.shealth,0,9232,1.2758384,6893.08,359.59,kv/gFnHKRS,com.sec.android.app.shealth,ca2afbf8-c99e-409b-b3e5-099b7bcdf131,1725062400000,
5568e9e7-b602-4ce2-a9bc-0987b91203da.binning_data.json,2025-05-01 11:23:54.538,2025-05-01 11:23:54.538,com.sec.android.app.shealth,0,6596,1.2757826,4947.7,250.52997,kv/gFnHKRS,com.sec.android.app.shealth,5568e9e7-b602-4ce2-a9bc-0987b91203da,1725148800000,
ef42b849-e340-4993-8a4d-05275f870eac.binning_data.json,2025-05-01 11:23:54.538,2025-05-01 11:23:54.538,com.sec.android.app.shealth,0,1815,1.2829827,1360.34,65.69,kv/gFnHKRS,com.sec.android.app.shealth,ef42b849-e340-4993-8a4d-05275f870eac,1725235200000,
6aef1e90-0b58-476d-ac51-1eae30cd13de.binning_data.json,2025-05-01 11:23:54.538,2025-05-01 11:23:54.538,com.sec.android.app.shealth,0,2756,1.240687,2061.4102,104.829994,kv/gFnHKRS,com.sec.android.app.shealth,6aef1e90-0b58-476d-ac51-1eae30cd13de,1725321600000,
c945f4c3-81d2-4499-8ee1-de19081af274.binning_data.json,2025-05-01 11:23:54.539,2025-05-01 11:23:54.539,com.sec.android.app.shealth,0,8973,1.219076,6645.14,351.23996,kv/gFnHKRS,com.sec.android.app.shealth,c945f4c3-81d2-4499-8ee1-de19081af274,1725408000000,
73f11d79-768a-4cb4-ab4f-fe96682640c9.binning_data.json,2025-05-01 11:23:54.539,2025-05-01 11:23:54.539,com.sec.android.app.shealth,0,5972,1.2416164,4440.79,226.94,kv/gFnHKRS,com.sec.android.app.shealth,73f11d79-768a-4cb4-ab4f-fe96682640c9,1725494400000,
aaba76d4-d195-4e97-94c2-b6c8038a872d.binning_data.json,2025-05-01 11:23:54.539,2025-05-01 11:23:54.539,com.sec.android.app.shealth,0,17791,1.3379261,13470.77,663.64,kv/gFnHKRS,com.sec.android.app.shealth,aaba76d4-d195-4e97-94c2-b6c8038a872d,1725580800000,
b024037f-bdad-4ebc-b41f-1865639fa503.binning_data.json,2025-05-01 11:23:54.539,2025-05-01 11:23:54.539,com.sec.android.app.shealth,0,3135,1.3542659,2415.48,124.47,kv/gFnHKRS,com.sec.android.app.shealth,b024037f-bdad-4ebc-b41f-1865639fa503,1725667200000,
a6dcc34e-1c33-409d-ac49-cd6ef3c7d8bd.binning_data.json,2025-05-01 11:23:54.539,2025-05-01 11:23:54.539,com.sec.android.app.shealth,0,4724,1.2137069,3530.6,179.92,kv/gFnHKRS,com.sec.android.app.shealth,a6dcc34e-1c33-409d-ac49-cd6ef3c7d8bd,1725753600000,
a9b8c96a-6ea8-4033-9711-e5890a4b3208.binning_data.json,2025-05-01 11:23:54.539,2025-05-01 11:23:54.539,com.sec.android.app.shealth,0,15461,1.2859342,11538.359,606.38995,kv/gFnHKRS,com.sec.android.app.shealth,a9b8c96a-6ea8-4033-9711-e5890a4b3208,1725840000000,
5522b451-55b3-47bb-95d6-1c9f7f12524c.binning_data.json,2025-05-01 11:23:54.539,2025-05-01 11:23:54.539,com.sec.android.app.shealth,0,11068,1.3196719,8324.75,421.45996,kv/gFnHKRS,com.sec.android.app.shealth,5522b451-55b3-47bb-95d6-1c9f7f12524c,1725926400000,
888fd941-dab3-4830-8eae-7e7554a3754a.binning_data.json,2025-05-01 11:23:54.539,2025-05-01 11:23:54.539,com.sec.android.app.shealth,0,6116,1.3371187,4633.9,234.37,kv/gFnHKRS,com.sec.android.app.shealth,888fd941-dab3-4830-8eae-7e7554a3754a,1726012800000,
cf73a4ce-b74f-42fc-b665-b18522f1b376.binning_data.json,2025-05-01 11:23:54.539,2025-05-01 11:23:54.539,com.sec.android.app.shealth,0,17592,1.1942397,12970.44,695.41986,kv/gFnHKRS,com.sec.android.app.shealth,cf73a4ce-b74f-42fc-b665-b18522f1b376,1726099200000,
1911a455-b8f7-4d51-931e-452d87e19c0e.binning_data.json,2025-05-01 11:23:54.539,2025-05-01 11:23:54.539,com.sec.android.app.shealth,0,6436,1.393711,4924.29,233.1,kv/gFnHKRS,com.sec.android.app.shealth,1911a455-b8f7-4d51-931e-452d87e19c0e,1726185600000,
708cb5f9-503f-4953-a347-8680e527230b.binning_data.json,2025-05-01 11:23:54.539,2025-05-01 11:23:54.539,com.sec.android.app.shealth,0,5973,1.279663,4468.67,232.12997,kv/gFnHKRS,com.sec.android.app.shealth,708cb5f9-503f-4953-a347-8680e527230b,1726272000000,
f0061c91-4c79-417e-8e08-0e09e0867b63.binning_data.json,2025-05-01 11:23:54.539,2025-05-01 11:23:54.539,com.sec.android.app.shealth,0,5768,1.209743,4280.65,224.65997,kv/gFnHKRS,com.sec.android.app.shealth,f0061c91-4c79-417e-8e08-0e09e0867b63,1726358400000,
749f77c5-9c01-4ee2-9cb5-85c26c1cf392.binning_data.json,2025-05-01 11:23:54.539,2025-05-01 11:23:54.539,com.sec.android.app.shealth,0,20111,1.2558641,14958.221,788.9399,kv/gFnHKRS,com.sec.android.app.shealth,749f77c5-9c01-4ee2-9cb5-85c26c1cf392,1726444800000,
a66b6e8a-43ee-42f4-a8f7-a6ae6b33f48e.binning_data.json,2025-05-01 11:23:54.539,2025-05-01 11:23:54.539,com.sec.android.app.shealth,0,25335,1.3571184,19266.03,956.55994,kv/gFnHKRS,com.sec.android.app.shealth,a66b6e8a-43ee-42f4-a8f7-a6ae6b33f48e,1726531200000,
08c916a5-b0d2-43ab-94a4-ace60383c50b.binning_data.json,2025-05-01 11:23:54.539,2025-05-01 11:23:54.539,com.sec.android.app.shealth,0,10648,1.218698,7883.3306,418.55988,kv/gFnHKRS,com.sec.android.app.shealth,08c916a5-b0d2-43ab-94a4-ace60383c50b,1726617600000,
24edc8d4-5745-4faf-b8be-d21908063280.binning_data.json,2025-05-01 11:23:54.539,2025-05-01 11:23:54.539,com.sec.android.app.shealth,0,19146,1.2632065,14292.19,743.4399,kv/gFnHKRS,com.sec.android.app.shealth,24edc8d4-5745-4faf-b8be-d21908063280,1726704000000,
02669ccd-d1f3-4f23-9782-d82be8026917.binning_data.json,2025-05-01 11:23:54.539,2025-05-01 11:23:54.539,com.sec.android.app.shealth,0,30232,1.2737467,22574.271,1176.8997,kv/gFnHKRS,com.sec.android.app.shealth,02669ccd-d1f3-4f23-9782-d82be8026917,1726790400000,
4e13d7f9-6787-4b78-a5f3-50a2c3b4b43e.binning_data.json,2025-05-01 11:23:54.539,2025-05-01 11:23:54.539,com.sec.android.app.shealth,0,16865,1.2512742,12507.72,668.6099,kv/gFnHKRS,com.sec.android.app.shealth,4e13d7f9-6787-4b78-a5f3-50a2c3b4b43e,1726876800000,
8ae5ba4f-f1ac-4fd3-81d5-2a0c20cb0cb3.binning_data.json,2025-05-01 11:23:54.540,2025-05-01 11:23:54.540,com.sec.android.app.shealth,0,2294,1.1663086,1692.36,85.97,kv/gFnHKRS,com.sec.android.app.shealth,8ae5ba4f-f1ac-4fd3-81d5-2a0c20cb0cb3,1726963200000,
6a2ee893-8754-48b2-9819-3e1388bf11e2.binning_data.json,2025-05-01 11:23:54.540,2025-05-01 11:23:54.540,com.sec.android.app.shealth,0,22379,1.2616767,16661.74,876.09985,kv/gFnHKRS,com.sec.android.app.shealth,6a2ee893-8754-48b2-9819-3e1388bf11e2,1727049600000,
f8873f29-fa7c-41ff-b157-618410049d5d.binning_data.json,2025-05-01 11:23:54.540,2025-05-01 11:23:54.540,com.sec.android.app.shealth,0,18256,1.2532405,13562.62,719.5098,kv/gFnHKRS,com.sec.android.app.shealth,f8873f29-fa7c-41ff-b157-618410049d5d,1727136000000,
00cd4d00-a434-4469-9110-7d8d902f0f3f.binning_data.json,2025-05-01 11:23:54.540,2025-05-01 11:23:54.540,com.sec.android.app.shealth,0,12744,1.2221956,9422.91,501.04996,kv/gFnHKRS,com.sec.android.app.shealth,00cd4d00-a434-4469-9110-7d8d902f0f3f,1727222400000,
eda7d42b-4804-44fc-9d90-a41eec874468.binning_data.json,2025-05-01 11:23:54.540,2025-05-01 11:23:54.540,com.sec.android.app.shealth,0,16729,1.2598819,12473.391,651.5999,kv/gFnHKRS,com.sec.android.app.shealth,eda7d42b-4804-44fc-9d90-a41eec874468,1727308800000,
54708369-62ba-4f62-ba13-0829af9cbd8a.binning_data.json,2025-05-01 11:23:54.540,2025-05-01 11:23:54.540,com.sec.android.app.shealth,0,24954,1.2652909,18579.06,983.98975,kv/gFnHKRS,com.sec.android.app.shealth,54708369-62ba-4f62-ba13-0829af9cbd8a,1727395200000,
564c3a5d-a66d-4f98-bebd-a8ff74591bcd.binning_data.json,2025-05-01 11:23:54.540,2025-05-01 11:23:54.540,com.sec.android.app.shealth,0,3333,1.2444713,2492.38,124.4,kv/gFnHKRS,com.sec.android.app.shealth,564c3a5d-a66d-4f98-bebd-a8ff74591bcd,1727481600000,
eab6e76a-b327-4177-9064-41b9c2362ab3.binning_data.json,2025-05-01 11:23:54.540,2025-05-01 11:23:54.540,com.sec.android.app.shealth,0,1423,1.2558565,1064.63,50.95,kv/gFnHKRS,com.sec.android.app.shealth,eab6e76a-b327-4177-9064-41b9c2362ab3,1727568000000,
a98350e6-f49a-496c-b2d6-85f32641f70e.binning_data.json,2025-05-01 11:23:54.540,2025-05-01 11:23:54.540,com.sec.android.app.shealth,0,12449,1.2231567,9204.86,486.31992,kv/gFnHKRS,com.sec.android.app.shealth,a98350e6-f49a-496c-b2d6-85f32641f70e,1727654400000,
d2d13fcb-2f91-4e1f-8453-9e7e721b35fb.binning_data.json,2025-05-01 11:23:54.540,2025-05-01 11:23:54.540,com.sec.android.app.shealth,0,20498,1.2619262,15261.591,804.1999,kv/gFnHKRS,com.sec.android.app.shealth,d2d13fcb-2f91-4e1f-8453-9e7e721b35fb,1727740800000,
3601435a-af1b-477c-9913-6acb0e4e959b.binning_data.json,2025-05-01 11:23:54.540,2025-05-01 11:23:54.540,com.sec.android.app.shealth,0,10487,1.2608131,7811.0605,409.84995,kv/gFnHKRS,com.sec.android.app.shealth,3601435a-af1b-477c-9913-6acb0e4e959b,1727827200000,
ce53c43d-8994-48a4-b458-f13c1740743a.binning_data.json,2025-05-01 11:23:54.540,2025-05-01 11:23:54.540,com.sec.android.app.shealth,0,20656,1.2874185,15460.5205,804.74976,kv/gFnHKRS,com.sec.android.app.shealth,ce53c43d-8994-48a4-b458-f13c1740743a,1727913600000,
12d915ed-cf9b-4053-8615-52f4f5056f35.binning_data.json,2025-05-01 11:23:54.540,2025-05-01 11:23:54.540,com.sec.android.app.shealth,0,9631,1.2776359,7194.1104,371.02988,kv/gFnHKRS,com.sec.android.app.shealth,12d915ed-cf9b-4053-8615-52f4f5056f35,1728000000000,
fef89868-a1ca-4364-825d-e725c573a6ff.binning_data.json,2025-05-01 11:23:54.540,2025-05-01 11:23:54.540,com.sec.android.app.shealth,0,843,1.2710717,635.76,30.800001,kv/gFnHKRS,com.sec.android.app.shealth,fef89868-a1ca-4364-825d-e725c573a6ff,1728086400000,
74811d65-c9d1-4c61-ae1f-d9963ba640e8.binning_data.json,2025-05-01 11:23:54.540,2025-05-01 11:23:54.540,com.sec.android.app.shealth,0,4573,1.2350358,3402.8103,174.55997,kv/gFnHKRS,com.sec.android.app.shealth,74811d65-c9d1-4c61-ae1f-d9963ba640e8,1728172800000,
96a3382e-5322-47c2-a764-ab09b78d4e98.binning_data.json,2025-05-01 11:23:54.540,2025-05-01 11:23:54.540,com.sec.android.app.shealth,0,18524,1.2574699,13803.88,719.3099,kv/gFnHKRS,com.sec.android.app.shealth,96a3382e-5322-47c2-a764-ab09b78d4e98,1728259200000,
0ea8e199-c51e-41e4-a1c3-0fad3f7cd454.binning_data.json,2025-05-01 11:23:54.540,2025-05-01 11:23:54.540,com.sec.android.app.shealth,0,18416,1.2962732,13785.43,724.6998,kv/gFnHKRS,com.sec.android.app.shealth,0ea8e199-c51e-41e4-a1c3-0fad3f7cd454,1728345600000,
e29a0974-9826-45db-8307-16b45c460666.binning_data.json,2025-05-01 11:23:54.540,2025-05-01 11:23:54.540,com.sec.android.app.shealth,0,8392,1.2195783,6206.6006,328.75995,kv/gFnHKRS,com.sec.android.app.shealth,e29a0974-9826-45db-8307-16b45c460666,1728432000000,
17091c7b-af0f-4b22-a285-ec6a99af729b.binning_data.json,2025-05-01 11:23:54.540,2025-05-01 11:23:54.540,com.sec.android.app.shealth,0,14781,1.2767564,11058.201,569.97986,kv/gFnHKRS,com.sec.android.app.shealth,17091c7b-af0f-4b22-a285-ec6a99af729b,1728518400000,
56b9e0ff-0ef2-4d7d-840a-e99cd8637523.binning_data.json,2025-05-01 11:23:54.541,2025-05-01 11:23:54.541,com.sec.android.app.shealth,0,10900,1.2982503,8212.61,428.46994,kv/gFnHKRS,com.sec.android.app.shealth,56b9e0ff-0ef2-4d7d-840a-e99cd8637523,1728604800000,
94148e42-2d51-4a6e-9369-96fea8074720.binning_data.json,2025-05-01 11:23:54.541,2025-05-01 11:23:54.541,com.sec.android.app.shealth,0,6607,1.2142395,4886.7407,257.71994,kv/gFnHKRS,com.sec.android.app.shealth,94148e42-2d51-4a6e-9369-96fea8074720,1728691200000,
3fa88b7c-aff8-4698-b753-5800c1036dd8.binning_data.json,2025-05-01 11:23:54.541,2025-05-01 11:23:54.541,com.sec.android.app.shealth,0,2127,1.2063582,1581.94,78.27,kv/gFnHKRS,com.sec.android.app.shealth,3fa88b7c-aff8-4698-b753-5800c1036dd8,1728777600000,
c2130f81-43a4-48ac-a42b-4d0476b00910.binning_data.json,2025-05-01 11:23:54.541,2025-05-01 11:23:54.541,com.sec.android.app.shealth,0,13145,1.2412003,9837.82,522.68994,kv/gFnHKRS,com.sec.android.app.shealth,c2130f81-43a4-48ac-a42b-4d0476b00910,1728864000000,
b6b62a62-3327-4c95-a5e0-6ed01b40832c.binning_data.json,2025-05-01 11:23:54.541,2025-05-01 11:23:54.541,com.sec.android.app.shealth,0,14412,1.2605126,10728.081,563.95984,kv/gFnHKRS,com.sec.android.app.shealth,b6b62a62-3327-4c95-a5e0-6ed01b40832c,1728950400000,
d39bb9c4-eda8-40f0-8c69-11ca93973e79.binning_data.json,2025-05-01 11:23:54.541,2025-05-01 11:23:54.541,com.sec.android.app.shealth,0,14910,1.2726097,11111.58,581.0799,kv/gFnHKRS,com.sec.android.app.shealth,d39bb9c4-eda8-40f0-8c69-11ca93973e79,1729036800000,
286e0453-e1eb-4ff3-8d86-b6b65d51f75b.binning_data.json,2025-05-01 11:23:54.541,2025-05-01 11:23:54.541,com.sec.android.app.shealth,0,14110,1.3258442,10670.83,535.9599,kv/gFnHKRS,com.sec.android.app.shealth,286e0453-e1eb-4ff3-8d86-b6b65d51f75b,1729123200000,
befb07ab-25d0-439b-8199-a2f77825f3e8.binning_data.json,2025-05-01 11:23:54.541,2025-05-01 11:23:54.541,com.sec.android.app.shealth,0,14541,1.225553,10760.642,568.9998,kv/gFnHKRS,com.sec.android.app.shealth,befb07ab-25d0-439b-8199-a2f77825f3e8,1729209600000,
7405d3f8-2bb9-4436-9ce8-45659e53a58e.binning_data.json,2025-05-01 11:23:54.541,2025-05-01 11:23:54.541,com.sec.android.app.shealth,0,584,1.1957633,431.89,21.15,kv/gFnHKRS,com.sec.android.app.shealth,7405d3f8-2bb9-4436-9ce8-45659e53a58e,1729296000000,
cd7e0e7b-2675-46b8-944f-f762559e892f.binning_data.json,2025-05-01 11:23:54.541,2025-05-01 11:23:54.541,com.sec.android.app.shealth,0,1637,1.1954125,1211.51,59.6,kv/gFnHKRS,com.sec.android.app.shealth,cd7e0e7b-2675-46b8-944f-f762559e892f,1729382400000,
dc8a32f4-58da-42ab-bdf0-7a95beadf855.binning_data.json,2025-05-01 11:23:54.541,2025-05-01 11:23:54.541,com.sec.android.app.shealth,0,12977,1.2943175,9732.101,500.9899,kv/gFnHKRS,com.sec.android.app.shealth,dc8a32f4-58da-42ab-bdf0-7a95beadf855,1729468800000,
da2259e3-2306-4a45-b5bb-e4bed8bbfa09.binning_data.json,2025-05-01 11:23:54.541,2025-05-01 11:23:54.541,com.sec.android.app.shealth,0,6674,1.3016179,5003.49,257.89993,kv/gFnHKRS,com.sec.android.app.shealth,da2259e3-2306-4a45-b5bb-e4bed8bbfa09,1729555200000,
7886036a-8e16-4553-8216-27403f12d603.binning_data.json,2025-05-01 11:23:54.541,2025-05-01 11:23:54.541,com.sec.android.app.shealth,0,20097,1.3037187,15080.91,788.84985,kv/gFnHKRS,com.sec.android.app.shealth,7886036a-8e16-4553-8216-27403f12d603,1729641600000,
cbed09c1-e459-4975-bcdd-83d282da43f9.binning_data.json,2025-05-01 11:23:54.541,2025-05-01 11:23:54.541,com.sec.android.app.shealth,0,12691,1.3241147,9554.7,495.14987,kv/gFnHKRS,com.sec.android.app.shealth,cbed09c1-e459-4975-bcdd-83d282da43f9,1729728000000,
b17f028a-a1d4-4154-a145-e23072539af1.binning_data.json,2025-05-01 11:23:54.541,2025-05-01 11:23:54.541,com.sec.android.app.shealth,0,7596,1.2369357,5644.1504,292.66992,kv/gFnHKRS,com.sec.android.app.shealth,b17f028a-a1d4-4154-a145-e23072539af1,1729814400000,
bfdd2323-d224-469a-9a8c-343b94cf29ee.binning_data.json,2025-05-01 11:23:54.541,2025-05-01 11:23:54.541,com.sec.android.app.shealth,0,4249,1.2479879,3170.03,160.62999,kv/gFnHKRS,com.sec.android.app.shealth,bfdd2323-d224-469a-9a8c-343b94cf29ee,1729900800000,
44af9bb3-aa4f-4855-af26-8d126a2828e5.binning_data.json,2025-05-01 11:23:54.541,2025-05-01 11:23:54.541,com.sec.android.app.shealth,0,7651,1.2213403,5678.48,295.34998,kv/gFnHKRS,com.sec.android.app.shealth,44af9bb3-aa4f-4855-af26-8d126a2828e5,1729987200000,
46109a41-0ff7-4e8b-b7b4-8af6a693a29a.binning_data.json,2025-05-01 11:23:54.542,2025-05-01 11:23:54.542,com.sec.android.app.shealth,0,6591,1.2074751,4896.8,253.15999,kv/gFnHKRS,com.sec.android.app.shealth,46109a41-0ff7-4e8b-b7b4-8af6a693a29a,1730073600000,
034799c0-ac1a-4ad6-b23a-611239512076.binning_data.json,2025-05-01 11:23:54.542,2025-05-01 11:23:54.542,com.sec.android.app.shealth,0,20256,1.2277625,15022.78,791.68,kv/gFnHKRS,com.sec.android.app.shealth,034799c0-ac1a-4ad6-b23a-611239512076,1730160000000,
d55b9c12-b04d-40db-9b78-c97f69483d26.binning_data.json,2025-05-01 11:23:54.542,2025-05-01 11:23:54.542,com.sec.android.app.shealth,0,9888,1.2365134,7333.21,385.90994,kv/gFnHKRS,com.sec.android.app.shealth,d55b9c12-b04d-40db-9b78-c97f69483d26,1730246400000,
e2ba2b97-e0ad-4541-ba7a-e397ec94db99.binning_data.json,2025-05-01 11:23:54.542,2025-05-01 11:23:54.542,com.sec.android.app.shealth,0,11773,1.3086913,8810.19,460.39996,kv/gFnHKRS,com.sec.android.app.shealth,e2ba2b97-e0ad-4541-ba7a-e397ec94db99,1730332800000,
0b4a305c-d5d4-4151-9370-537532b08277.binning_data.json,2025-05-01 11:23:54.542,2025-05-01 11:23:54.542,com.sec.android.app.shealth,0,16741,1.2111411,12354.601,658.19,kv/gFnHKRS,com.sec.android.app.shealth,0b4a305c-d5d4-4151-9370-537532b08277,1730419200000,
9a887537-30d6-4049-a8e3-bb240a3685da.binning_data.json,2025-05-01 11:23:54.542,2025-05-01 11:23:54.542,com.sec.android.app.shealth,0,3355,1.2518176,2505.69,129.68,kv/gFnHKRS,com.sec.android.app.shealth,9a887537-30d6-4049-a8e3-bb240a3685da,1730505600000,
0874a4a3-a1eb-4b61-9be3-5f5fa6b34e9d.binning_data.json,2025-05-01 11:23:54.542,2025-05-01 11:23:54.542,com.sec.android.app.shealth,0,1420,1.2320852,1055.63,51.96,kv/gFnHKRS,com.sec.android.app.shealth,0874a4a3-a1eb-4b61-9be3-5f5fa6b34e9d,1730592000000,
fd8178e8-6e18-4730-9c7f-72b5d72de523.binning_data.json,2025-05-01 11:23:54.542,2025-05-01 11:23:54.542,com.sec.android.app.shealth,0,13654,1.2449596,10121.561,538.5298,kv/gFnHKRS,com.sec.android.app.shealth,fd8178e8-6e18-4730-9c7f-72b5d72de523,1730678400000,
a8254749-c208-493f-a37e-ff2a67f3702c.binning_data.json,2025-05-01 11:23:54.542,2025-05-01 11:23:54.542,com.sec.android.app.shealth,0,14796,1.2708557,11026.83,583.13983,kv/gFnHKRS,com.sec.android.app.shealth,a8254749-c208-493f-a37e-ff2a67f3702c,1730764800000,
d677a561-2d86-48d2-afaf-5f3452cbb735.binning_data.json,2025-05-01 11:23:54.542,2025-05-01 11:23:54.542,com.sec.android.app.shealth,0,10383,1.247618,7716.96,406.15994,kv/gFnHKRS,com.sec.android.app.shealth,d677a561-2d86-48d2-afaf-5f3452cbb735,1730851200000,
8fcdf8e1-5f84-4717-818f-ca3244c3a8b0.binning_data.json,2025-05-01 11:23:54.542,2025-05-01 11:23:54.542,com.sec.android.app.shealth,0,17811,1.2720454,13356.54,703.8799,kv/gFnHKRS,com.sec.android.app.shealth,8fcdf8e1-5f84-4717-818f-ca3244c3a8b0,1730937600000,
791acf67-a0dc-4cef-acc3-963498cce029.binning_data.json,2025-05-01 11:23:54.542,2025-05-01 11:23:54.542,com.sec.android.app.shealth,0,13540,1.3011317,10180.17,525.6599,kv/gFnHKRS,com.sec.android.app.shealth,791acf67-a0dc-4cef-acc3-963498cce029,1731024000000,
68e6355e-d725-490b-9073-9452a3fc54ac.binning_data.json,2025-05-01 11:23:54.542,2025-05-01 11:23:54.542,com.sec.android.app.shealth,0,943,1.2257003,703.15,34.239998,kv/gFnHKRS,com.sec.android.app.shealth,68e6355e-d725-490b-9073-9452a3fc54ac,1731110400000,
5d0ecea9-688d-4028-8c07-45f6a4c32d0a.binning_data.json,2025-05-01 11:23:54.542,2025-05-01 11:23:54.542,com.sec.android.app.shealth,0,2714,1.2022548,2012.22,101.39,kv/gFnHKRS,com.sec.android.app.shealth,5d0ecea9-688d-4028-8c07-45f6a4c32d0a,1731196800000,
cb24eaed-650b-436c-923f-e42ab4bd55d5.binning_data.json,2025-05-01 11:23:54.542,2025-05-01 11:23:54.542,com.sec.android.app.shealth,0,8360,1.2866194,6243.8003,325.50992,kv/gFnHKRS,com.sec.android.app.shealth,cb24eaed-650b-436c-923f-e42ab4bd55d5,1731283200000,
15ae10c2-d236-460a-b33a-69f29824b237.binning_data.json,2025-05-01 11:23:54.542,2025-05-01 11:23:54.542,com.sec.android.app.shealth,0,8479,1.2619356,6302.2905,332.66995,kv/gFnHKRS,com.sec.android.app.shealth,15ae10c2-d236-460a-b33a-69f29824b237,1731369600000,
83562370-9264-4a45-87da-77b4ffa15449.binning_data.json,2025-05-01 11:23:54.542,2025-05-01 11:23:54.542,com.sec.android.app.shealth,0,15745,1.2714195,11714.751,621.2598,kv/gFnHKRS,com.sec.android.app.shealth,83562370-9264-4a45-87da-77b4ffa15449,1731456000000,
e7f346f2-03d0-49de-9135-16789b68293c.binning_data.json,2025-05-01 11:23:54.542,2025-05-01 11:23:54.542,com.sec.android.app.shealth,0,9330,1.2714069,6949.2705,369.5999,kv/gFnHKRS,com.sec.android.app.shealth,e7f346f2-03d0-49de-9135-16789b68293c,1731542400000,
2388e93c-92ec-4881-b849-61845f6ced4f.binning_data.json,2025-05-01 11:23:54.542,2025-05-01 11:23:54.542,com.sec.android.app.shealth,0,19668,1.2695922,14655.512,775.04974,kv/gFnHKRS,com.sec.android.app.shealth,2388e93c-92ec-4881-b849-61845f6ced4f,1731628800000,
4e0774ce-2805-4219-84da-2b64f9caec53.binning_data.json,2025-05-01 11:23:54.543,2025-05-01 11:23:54.543,com.sec.android.app.shealth,0,368,1.2000189,271.03998,13.179999,kv/gFnHKRS,com.sec.android.app.shealth,4e0774ce-2805-4219-84da-2b64f9caec53,1731715200000,
7e0291e5-67a8-4fea-9f7c-63ec514f9377.binning_data.json,2025-05-01 11:23:54.543,2025-05-01 11:23:54.543,com.sec.android.app.shealth,0,3866,1.1822126,2854.6,147.59999,kv/gFnHKRS,com.sec.android.app.shealth,7e0291e5-67a8-4fea-9f7c-63ec514f9377,1731801600000,
352bad5e-9dcc-4d4e-917f-c8085392e511.binning_data.json,2025-05-01 11:23:54.543,2025-05-01 11:23:54.543,com.sec.android.app.shealth,0,7748,1.2477596,5771.2505,302.2499,kv/gFnHKRS,com.sec.android.app.shealth,352bad5e-9dcc-4d4e-917f-c8085392e511,1731888000000,
8db7cfe8-a54f-41e7-91af-989949700bfc.binning_data.json,2025-05-01 11:23:54.543,2025-05-01 11:23:54.543,com.sec.android.app.shealth,0,6584,1.2386817,4882.6104,257.88995,kv/gFnHKRS,com.sec.android.app.shealth,8db7cfe8-a54f-41e7-91af-989949700bfc,1731974400000,
7499a980-61b4-4cca-82ee-522ddf13131f.binning_data.json,2025-05-01 11:23:54.543,2025-05-01 11:23:54.543,com.sec.android.app.shealth,0,16671,1.2314807,12333.57,658.8198,kv/gFnHKRS,com.sec.android.app.shealth,7499a980-61b4-4cca-82ee-522ddf13131f,1732060800000,
0f83e52a-aee3-49a0-8859-080d40b90ab8.binning_data.json,2025-05-01 11:23:54.543,2025-05-01 11:23:54.543,com.sec.android.app.shealth,0,14402,1.2451154,10712.131,567.5199,kv/gFnHKRS,com.sec.android.app.shealth,0f83e52a-aee3-49a0-8859-080d40b90ab8,1732147200000,
f93e4c1c-c750-4feb-a498-879861013757.binning_data.json,2025-05-01 11:23:54.543,2025-05-01 11:23:54.543,com.sec.android.app.shealth,0,6170,1.2383728,4577.2905,239.48991,kv/gFnHKRS,com.sec.android.app.shealth,f93e4c1c-c750-4feb-a498-879861013757,1732233600000,
0368004b-b498-4f57-9ae0-94fa50e671c4.binning_data.json,2025-05-01 11:23:54.543,2025-05-01 11:23:54.543,com.sec.android.app.shealth,0,726,1.3255613,556.92,27.1,kv/gFnHKRS,com.sec.android.app.shealth,0368004b-b498-4f57-9ae0-94fa50e671c4,1732320000000,
102e9c08-e290-40ac-8e81-56c63877b703.binning_data.json,2025-05-01 11:23:54.543,2025-05-01 11:23:54.543,com.sec.android.app.shealth,0,3499,1.2332226,2602.38,131.56,kv/gFnHKRS,com.sec.android.app.shealth,102e9c08-e290-40ac-8e81-56c63877b703,1732406400000,
9551a4de-c3ff-456c-bb75-fb0432a36955.binning_data.json,2025-05-01 11:23:54.543,2025-05-01 11:23:54.543,com.sec.android.app.shealth,0,12439,1.2632898,9274.66,480.96985,kv/gFnHKRS,com.sec.android.app.shealth,9551a4de-c3ff-456c-bb75-fb0432a36955,1732492800000,
470fc734-bfe8-43cd-9ec9-359b2e58aa00.binning_data.json,2025-05-01 11:23:54.543,2025-05-01 11:23:54.543,com.sec.android.app.shealth,0,5906,1.2720443,4409.4507,230.11995,kv/gFnHKRS,com.sec.android.app.shealth,470fc734-bfe8-43cd-9ec9-359b2e58aa00,1732579200000,
d38915fa-e379-4ed9-945a-5f8dd589f68e.binning_data.json,2025-05-01 11:23:54.543,2025-05-01 11:23:54.543,com.sec.android.app.shealth,0,9213,1.2614853,6844.4604,363.0199,kv/gFnHKRS,com.sec.android.app.shealth,d38915fa-e379-4ed9-945a-5f8dd589f68e,1732665600000,
6cc6c5eb-4817-4fb7-9302-4fb66d20aff4.binning_data.json,2025-05-01 11:23:54.543,2025-05-01 11:23:54.543,com.sec.android.app.shealth,0,12704,1.2843361,9487.87,495.9299,kv/gFnHKRS,com.sec.android.app.shealth,6cc6c5eb-4817-4fb7-9302-4fb66d20aff4,1732752000000,
9cebb15e-0a75-4730-94c3-38fddba7d3b4.binning_data.json,2025-05-01 11:23:54.543,2025-05-01 11:23:54.543,com.sec.android.app.shealth,0,8750,1.3082652,6552.2803,342.0999,kv/gFnHKRS,com.sec.android.app.shealth,9cebb15e-0a75-4730-94c3-38fddba7d3b4,1732838400000,
5e884517-a5c3-42d4-b97c-3ec131f1056f.binning_data.json,2025-05-01 11:23:54.543,2025-05-01 11:23:54.543,com.sec.android.app.shealth,0,1043,1.2128053,773.77,38.04,kv/gFnHKRS,com.sec.android.app.shealth,5e884517-a5c3-42d4-b97c-3ec131f1056f,1732924800000,
d6b3beb1-723c-422c-abb0-6c0643e181a6.binning_data.json,2025-05-01 11:23:54.543,2025-05-01 11:23:54.543,com.sec.android.app.shealth,0,1373,1.211903,1022.51,50.66,kv/gFnHKRS,com.sec.android.app.shealth,d6b3beb1-723c-422c-abb0-6c0643e181a6,1733011200000,
fc7dc5bb-23ad-4ebd-bea6-4aaf976d7e34.binning_data.json,2025-05-01 11:23:54.543,2025-05-01 11:23:54.543,com.sec.android.app.shealth,0,8459,1.2466556,6273.0703,331.6499,kv/gFnHKRS,com.sec.android.app.shealth,fc7dc5bb-23ad-4ebd-bea6-4aaf976d7e34,1733097600000,
655f65a3-f8f6-46c8-8380-504f5a99cb28.binning_data.json,2025-05-01 11:23:54.543,2025-05-01 11:23:54.543,com.sec.android.app.shealth,0,8153,1.244805,6064.611,319.40988,kv/gFnHKRS,com.sec.android.app.shealth,655f65a3-f8f6-46c8-8380-504f5a99cb28,1733184000000,
650dcb7f-c42f-478b-9cb2-37e6de41142b.binning_data.json,2025-05-01 11:23:54.543,2025-05-01 11:23:54.543,com.sec.android.app.shealth,0,10554,1.3061928,7937.41,414.67993,kv/gFnHKRS,com.sec.android.app.shealth,650dcb7f-c42f-478b-9cb2-37e6de41142b,1733270400000,
3cb4fafc-40b6-4304-8f6f-8ffd53276843.binning_data.json,2025-05-01 11:23:54.544,2025-05-01 11:23:54.544,com.sec.android.app.shealth,0,6321,1.3112527,4760.9004,238.03998,kv/gFnHKRS,com.sec.android.app.shealth,3cb4fafc-40b6-4304-8f6f-8ffd53276843,1733356800000,
e0c3fdf4-10c9-4098-9812-df40146c5988.binning_data.json,2025-05-01 11:23:54.544,2025-05-01 11:23:54.544,com.sec.android.app.shealth,0,11061,1.3333467,8393.79,415.28995,kv/gFnHKRS,com.sec.android.app.shealth,e0c3fdf4-10c9-4098-9812-df40146c5988,1733443200000,
e34b4583-ebd6-4ac1-b235-f7fc191a1b8e.binning_data.json,2025-05-01 11:23:54.544,2025-05-01 11:23:54.544,com.sec.android.app.shealth,0,2757,1.2644217,2065.94,100.36,kv/gFnHKRS,com.sec.android.app.shealth,e34b4583-ebd6-4ac1-b235-f7fc191a1b8e,1733529600000,
30040bce-2a82-48ca-badb-c99c979e3fc2.binning_data.json,2025-05-01 11:23:54.544,2025-05-01 11:23:54.544,com.sec.android.app.shealth,0,2133,1.1769133,1574.8,80.03,kv/gFnHKRS,com.sec.android.app.shealth,30040bce-2a82-48ca-badb-c99c979e3fc2,1733616000000,
465c1d56-b842-443d-95cb-edb5f0340dae.binning_data.json,2025-05-01 11:23:54.544,2025-05-01 11:23:54.544,com.sec.android.app.shealth,0,564,1.204824,419.41,20.34,kv/gFnHKRS,com.sec.android.app.shealth,465c1d56-b842-443d-95cb-edb5f0340dae,1733702400000,
3a8d4ef5-ed06-458f-bc1c-545997bace56.binning_data.json,2025-05-01 11:23:54.544,2025-05-01 11:23:54.544,com.sec.android.app.shealth,0,5680,1.3276417,4266.11,219.65,kv/gFnHKRS,com.sec.android.app.shealth,3a8d4ef5-ed06-458f-bc1c-545997bace56,1733788800000,
de9e9d2a-2486-4eb1-8003-c7067a3d43ad.binning_data.json,2025-05-01 11:23:54.544,2025-05-01 11:23:54.544,com.sec.android.app.shealth,0,8823,1.3483373,6689.52,341.12,kv/gFnHKRS,com.sec.android.app.shealth,de9e9d2a-2486-4eb1-8003-c7067a3d43ad,1733875200000,
08411141-f4d6-4b65-a889-68cab205b7cb.binning_data.json,2025-05-01 11:23:54.544,2025-05-01 11:23:54.544,com.sec.android.app.shealth,0,4694,1.3481675,3575.76,182.92998,kv/gFnHKRS,com.sec.android.app.shealth,08411141-f4d6-4b65-a889-68cab205b7cb,1733961600000,
80bc8e64-c5ba-49ac-94ed-2aacb550d73a.binning_data.json,2025-05-01 11:23:54.544,2025-05-01 11:23:54.544,com.sec.android.app.shealth,0,4377,1.3435885,3327.04,163.71997,kv/gFnHKRS,com.sec.android.app.shealth,80bc8e64-c5ba-49ac-94ed-2aacb550d73a,1734048000000,
e574cb36-7ed6-4f0b-ab3a-3e2c2a1b0f1d.binning_data.json,2025-05-01 11:23:54.544,2025-05-01 11:23:54.544,com.sec.android.app.shealth,0,8376,1.3464099,6383.31,332.34998,kv/gFnHKRS,com.sec.android.app.shealth,e574cb36-7ed6-4f0b-ab3a-3e2c2a1b0f1d,1734134400000,
f6f47a03-9291-4851-a301-537f1b4de603.binning_data.json,2025-05-01 11:23:54.544,2025-05-01 11:23:54.544,com.sec.android.app.shealth,0,8510,1.2275149,6306.8203,331.06,kv/gFnHKRS,com.sec.android.app.shealth,f6f47a03-9291-4851-a301-537f1b4de603,1734220800000,
9babeec7-4bc2-4858-9542-cca21a2d4b4c.binning_data.json,2025-05-01 11:23:54.544,2025-05-01 11:23:54.544,com.sec.android.app.shealth,0,10113,1.1742829,7441.18,394.41998,kv/gFnHKRS,com.sec.android.app.shealth,9babeec7-4bc2-4858-9542-cca21a2d4b4c,1734307200000,
dae4d4ef-6408-42ee-ba44-539bcc361c5a.binning_data.json,2025-05-01 11:23:54.544,2025-05-01 11:23:54.544,com.sec.android.app.shealth,0,938,1.2799075,706.12,34.34,kv/gFnHKRS,com.sec.android.app.shealth,dae4d4ef-6408-42ee-ba44-539bcc361c5a,1734393600000,
d40ef2c0-b852-4837-83d3-fe118e4d4883.binning_data.json,2025-05-01 11:23:54.544,2025-05-01 11:23:54.544,com.sec.android.app.shealth,0,8072,1.2337844,5978.38,316.97,kv/gFnHKRS,com.sec.android.app.shealth,d40ef2c0-b852-4837-83d3-fe118e4d4883,1734480000000,
df38da06-9811-49cf-abe5-20c8ec9333fc.binning_data.json,2025-05-01 11:23:54.544,2025-05-01 11:23:54.544,com.sec.android.app.shealth,0,12241,1.2408998,9100.66,478.4299,kv/gFnHKRS,com.sec.android.app.shealth,df38da06-9811-49cf-abe5-20c8ec9333fc,1734566400000,
c23e09e1-1098-4f63-8619-c35073a3ce19.binning_data.json,2025-05-01 11:23:54.544,2025-05-01 11:23:54.544,com.sec.android.app.shealth,0,8640,1.2243387,6394.58,337.56,kv/gFnHKRS,com.sec.android.app.shealth,c23e09e1-1098-4f63-8619-c35073a3ce19,1734652800000,
8e8a562d-abc0-4ca8-a926-933d55473b23.binning_data.json,2025-05-01 11:23:54.544,2025-05-01 11:23:54.544,com.sec.android.app.shealth,0,10993,1.3047335,8235.76,425.75998,kv/gFnHKRS,com.sec.android.app.shealth,8e8a562d-abc0-4ca8-a926-933d55473b23,1734739200000,
36532285-1983-42a9-bb9e-7b74fa42d991.binning_data.json,2025-05-01 11:23:54.544,2025-05-01 11:23:54.544,com.sec.android.app.shealth,0,5503,1.2577055,4123.03,210.27998,kv/gFnHKRS,com.sec.android.app.shealth,36532285-1983-42a9-bb9e-7b74fa42d991,1734825600000,
68d5c37a-3dcc-4ee6-a46a-200f06e5946a.binning_data.json,2025-05-01 11:23:54.544,2025-05-01 11:23:54.544,com.sec.android.app.shealth,0,14970,1.2988085,11278.1,583.64,kv/gFnHKRS,com.sec.android.app.shealth,68d5c37a-3dcc-4ee6-a46a-200f06e5946a,1734912000000,
834da220-e93a-4b3e-bf47-cc2021409245.binning_data.json,2025-05-01 11:23:54.545,2025-05-01 11:23:54.545,com.sec.android.app.shealth,0,7091,1.2203401,5266.11,270.74,kv/gFnHKRS,com.sec.android.app.shealth,834da220-e93a-4b3e-bf47-cc2021409245,1734998400000,
ded7bf47-0b10-4ef5-b3b0-de82cc3fb2e9.binning_data.json,2025-05-01 11:23:54.545,2025-05-01 11:23:54.545,com.sec.android.app.shealth,0,2852,1.2293113,2129.15,104.509995,kv/gFnHKRS,com.sec.android.app.shealth,ded7bf47-0b10-4ef5-b3b0-de82cc3fb2e9,1735084800000,
ff3cba4c-6b09-4795-b495-108aee4f9c6e.binning_data.json,2025-05-01 11:23:54.545,2025-05-01 11:23:54.545,com.sec.android.app.shealth,0,2515,1.246764,1881.33,93.81,kv/gFnHKRS,com.sec.android.app.shealth,ff3cba4c-6b09-4795-b495-108aee4f9c6e,1735171200000,
d80aea09-4e26-4a83-b5dd-c7a415ba65cf.binning_data.json,2025-05-01 11:23:54.545,2025-05-01 11:23:54.545,com.sec.android.app.shealth,0,6701,1.1513512,4923.22,258.33997,kv/gFnHKRS,com.sec.android.app.shealth,d80aea09-4e26-4a83-b5dd-c7a415ba65cf,1735257600000,
452fb535-397c-4c13-946e-cc43e28065c9.binning_data.json,2025-05-01 11:23:54.545,2025-05-01 11:23:54.545,com.sec.android.app.shealth,0,11390,1.1835766,8406.47,437.68,kv/gFnHKRS,com.sec.android.app.shealth,452fb535-397c-4c13-946e-cc43e28065c9,1735344000000,
900b814c-c1a8-4e3e-beca-8568463db5eb.binning_data.json,2025-05-01 11:23:54.545,2025-05-01 11:23:54.545,com.sec.android.app.shealth,0,7557,1.2713733,5676.9897,289.3,kv/gFnHKRS,com.sec.android.app.shealth,900b814c-c1a8-4e3e-beca-8568463db5eb,1735430400000,
359e1dd8-f1d0-48ef-b466-918e28f3fe4a.binning_data.json,2025-05-01 11:23:54.545,2025-05-01 11:23:54.545,com.sec.android.app.shealth,0,2101,1.2118702,1559.78,77.649994,kv/gFnHKRS,com.sec.android.app.shealth,359e1dd8-f1d0-48ef-b466-918e28f3fe4a,1735516800000,
508e5f17-5603-48bb-b461-9ecbb8e8782e.binning_data.json,2025-05-01 11:23:54.545,2025-05-01 11:23:54.545,com.sec.android.app.shealth,0,3975,1.2190799,2960.37,150.95,kv/gFnHKRS,com.sec.android.app.shealth,508e5f17-5603-48bb-b461-9ecbb8e8782e,1735603200000,
ed2a2bbb-f1f8-481b-8266-299a7b87f872.binning_data.json,2025-05-01 11:23:54.545,2025-05-01 11:23:54.545,com.sec.android.app.shealth,0,2109,1.2480146,1570.83,77.47,kv/gFnHKRS,com.sec.android.app.shealth,ed2a2bbb-f1f8-481b-8266-299a7b87f872,1735689600000,
0114b1e0-5c92-4c4f-bb0f-ce446d659e92.binning_data.json,2025-05-01 11:23:54.545,2025-05-01 11:23:54.545,com.sec.android.app.shealth,0,3767,1.173634,2781.97,143.24,kv/gFnHKRS,com.sec.android.app.shealth,0114b1e0-5c92-4c4f-bb0f-ce446d659e92,1735776000000,
e21fec8d-ac08-4b9e-bca9-4e675b13a990.binning_data.json,2025-05-01 11:23:54.545,2025-05-01 11:23:54.545,com.sec.android.app.shealth,0,5901,1.2043966,4380.17,225.94,kv/gFnHKRS,com.sec.android.app.shealth,e21fec8d-ac08-4b9e-bca9-4e675b13a990,1735862400000,
ecb58db2-5a68-4802-8dcd-7541a3e7629c.binning_data.json,2025-05-01 11:23:54.545,2025-05-01 11:23:54.545,com.sec.android.app.shealth,0,3087,1.2729827,2316.19,115.07,kv/gFnHKRS,com.sec.android.app.shealth,ecb58db2-5a68-4802-8dcd-7541a3e7629c,1735948800000,
0dae1920-67b2-4745-89c9-53e25ec7fcef.binning_data.json,2025-05-01 11:23:54.545,2025-05-01 11:23:54.545,com.sec.android.app.shealth,0,1812,1.1545482,1339.05,68.96,kv/gFnHKRS,com.sec.android.app.shealth,0dae1920-67b2-4745-89c9-53e25ec7fcef,1736035200000,
ff2cb715-a9af-4022-89f1-a9fdb1e8d9e3.binning_data.json,2025-05-01 11:23:54.545,2025-05-01 11:23:54.545,com.sec.android.app.shealth,0,5788,1.1827639,4264.06,223.68,kv/gFnHKRS,com.sec.android.app.shealth,ff2cb715-a9af-4022-89f1-a9fdb1e8d9e3,1736121600000,
0b938c86-e9a5-40a4-8a73-c68f07ed5dd1.binning_data.json,2025-05-01 11:23:54.545,2025-05-01 11:23:54.545,com.sec.android.app.shealth,0,12678,1.2166985,9414.49,487.18,kv/gFnHKRS,com.sec.android.app.shealth,0b938c86-e9a5-40a4-8a73-c68f07ed5dd1,1736208000000,
3ae992ac-fcb3-44e2-b90e-3b3ff4eaa63f.binning_data.json,2025-05-01 11:23:54.545,2025-05-01 11:23:54.545,com.sec.android.app.shealth,0,8513,1.195924,6276.1304,330.81998,kv/gFnHKRS,com.sec.android.app.shealth,3ae992ac-fcb3-44e2-b90e-3b3ff4eaa63f,1736294400000,
95aff51e-4a84-4a7f-9c62-86e9f35fa89d.binning_data.json,2025-05-01 11:23:54.545,2025-05-01 11:23:54.545,com.sec.android.app.shealth,0,3512,1.2077732,2619.2,136.79,kv/gFnHKRS,com.sec.android.app.shealth,95aff51e-4a84-4a7f-9c62-86e9f35fa89d,1736380800000,
41741146-ab0a-46ac-b9f8-be6646507300.binning_data.json,2025-05-01 11:23:54.545,2025-05-01 11:23:54.545,com.sec.android.app.shealth,0,3349,1.2051611,2493.9001,128.92,kv/gFnHKRS,com.sec.android.app.shealth,41741146-ab0a-46ac-b9f8-be6646507300,1736467200000,
8154c517-3ef7-453c-be4c-8f0e474409a3.binning_data.json,2025-05-01 11:23:54.545,2025-05-01 11:23:54.545,com.sec.android.app.shealth,0,8126,1.1563501,5954.62,319.16995,kv/gFnHKRS,com.sec.android.app.shealth,8154c517-3ef7-453c-be4c-8f0e474409a3,1736553600000,
2ceda2bd-10bc-4b2a-ad50-bcb2cd1265d8.binning_data.json,2025-05-01 11:23:54.546,2025-05-01 11:23:54.546,com.sec.android.app.shealth,0,1387,1.2073177,1028.48,50.82,kv/gFnHKRS,com.sec.android.app.shealth,2ceda2bd-10bc-4b2a-ad50-bcb2cd1265d8,1736640000000,
f67985fb-e85c-4a23-b307-9eb353b7a7fc.binning_data.json,2025-05-01 11:23:54.546,2025-05-01 11:23:54.546,com.sec.android.app.shealth,0,16572,1.2788528,12383.791,646.8599,kv/gFnHKRS,com.sec.android.app.shealth,f67985fb-e85c-4a23-b307-9eb353b7a7fc,1736726400000,
f2f528ed-befd-4bd4-aa3e-c864b9e2910b.binning_data.json,2025-05-01 11:23:54.546,2025-05-01 11:23:54.546,com.sec.android.app.shealth,0,12825,1.2351409,9549.681,498.0299,kv/gFnHKRS,com.sec.android.app.shealth,f2f528ed-befd-4bd4-aa3e-c864b9e2910b,1736812800000,
d3a873eb-364e-4fb0-98a7-322223d9f516.binning_data.json,2025-05-01 11:23:54.546,2025-05-01 11:23:54.546,com.sec.android.app.shealth,0,13503,1.2026259,9973.4,534.1198,kv/gFnHKRS,com.sec.android.app.shealth,d3a873eb-364e-4fb0-98a7-322223d9f516,1736899200000,
746590e9-37b7-404d-b25d-5cebdc3f3dec.binning_data.json,2025-05-01 11:23:54.546,2025-05-01 11:23:54.546,com.sec.android.app.shealth,0,15127,1.3008167,11359.671,584.88983,kv/gFnHKRS,com.sec.android.app.shealth,746590e9-37b7-404d-b25d-5cebdc3f3dec,1736985600000,
f874f923-e256-4b95-ac07-3d16e4f02ca6.binning_data.json,2025-05-01 11:23:54.546,2025-05-01 11:23:54.546,com.sec.android.app.shealth,0,10581,1.2680438,7921.5103,402.3099,kv/gFnHKRS,com.sec.android.app.shealth,f874f923-e256-4b95-ac07-3d16e4f02ca6,1737072000000,
4050f3ec-6547-4df1-a404-e0c144e406da.binning_data.json,2025-05-01 11:23:54.546,2025-05-01 11:23:54.546,com.sec.android.app.shealth,0,5641,1.2244384,4176.51,219.99998,kv/gFnHKRS,com.sec.android.app.shealth,4050f3ec-6547-4df1-a404-e0c144e406da,1737158400000,
b876dfd2-73dd-4abb-b21b-95c7b09d168f.binning_data.json,2025-05-01 11:23:54.546,2025-05-01 11:23:54.546,com.sec.android.app.shealth,0,1189,1.2141801,884.47003,44.16,kv/gFnHKRS,com.sec.android.app.shealth,b876dfd2-73dd-4abb-b21b-95c7b09d168f,1737244800000,
2aab5ecb-b862-446e-96ea-e8ca185907cc.binning_data.json,2025-05-01 11:23:54.546,2025-05-01 11:23:54.546,com.sec.android.app.shealth,0,713,1.158597,527.19,26.47,kv/gFnHKRS,com.sec.android.app.shealth,2aab5ecb-b862-446e-96ea-e8ca185907cc,1737331200000,
09b76af3-e5b2-4421-8475-6a00290421fa.binning_data.json,2025-05-01 11:23:54.546,2025-05-01 11:23:54.546,com.sec.android.app.shealth,0,9916,1.2542915,7370.2505,389.56992,kv/gFnHKRS,com.sec.android.app.shealth,09b76af3-e5b2-4421-8475-6a00290421fa,1737417600000,
90de1f37-df81-4980-97fd-ac1bd7b5d386.binning_data.json,2025-05-01 11:23:54.546,2025-05-01 11:23:54.546,com.sec.android.app.shealth,0,10926,1.1568074,8019.0405,429.6799,kv/gFnHKRS,com.sec.android.app.shealth,90de1f37-df81-4980-97fd-ac1bd7b5d386,1737504000000,
7f4eeba3-eea6-4264-8bbb-014fe209262e.binning_data.json,2025-05-01 11:23:54.546,2025-05-01 11:23:54.546,com.sec.android.app.shealth,0,7833,1.3092899,5881.8496,305.98996,kv/gFnHKRS,com.sec.android.app.shealth,7f4eeba3-eea6-4264-8bbb-014fe209262e,1737590400000,
58bd2013-36ae-4b10-b226-6e8c81aa5f78.binning_data.json,2025-05-01 11:23:54.546,2025-05-01 11:23:54.546,com.sec.android.app.shealth,0,864,1.2104408,642.93,31.439999,kv/gFnHKRS,com.sec.android.app.shealth,58bd2013-36ae-4b10-b226-6e8c81aa5f78,1737676800000,
02567daa-0e8a-463e-abd9-dcacf3c76e18.binning_data.json,2025-05-01 11:23:54.546,2025-05-01 11:23:54.546,com.sec.android.app.shealth,0,10934,1.2321242,8098.5703,428.3499,kv/gFnHKRS,com.sec.android.app.shealth,02567daa-0e8a-463e-abd9-dcacf3c76e18,1737763200000,
fbe9b798-1532-4b7e-a9ad-0d006d7eadcd.binning_data.json,2025-05-01 11:23:54.546,2025-05-01 11:23:54.546,com.sec.android.app.shealth,0,1449,1.1590649,1068.97,53.289997,kv/gFnHKRS,com.sec.android.app.shealth,fbe9b798-1532-4b7e-a9ad-0d006d7eadcd,1737849600000,
90825951-d1ac-49f0-a7e2-ca723d287792.binning_data.json,2025-05-01 11:23:54.546,2025-05-01 11:23:54.546,com.sec.android.app.shealth,0,14758,1.2724223,11027.971,579.9899,kv/gFnHKRS,com.sec.android.app.shealth,90825951-d1ac-49f0-a7e2-ca723d287792,1737936000000,
0f853509-7e73-4079-8705-8215bb4633a4.binning_data.json,2025-05-01 11:23:54.546,2025-05-01 11:23:54.546,com.sec.android.app.shealth,0,7157,1.2325017,5302.6704,280.61996,kv/gFnHKRS,com.sec.android.app.shealth,0f853509-7e73-4079-8705-8215bb4633a4,1738022400000,
3f7cb9a6-71dc-436c-9cc3-e803ec5c0db0.binning_data.json,2025-05-01 11:23:54.546,2025-05-01 11:23:54.546,com.sec.android.app.shealth,0,21331,1.2867849,15981.07,843.7599,kv/gFnHKRS,com.sec.android.app.shealth,3f7cb9a6-71dc-436c-9cc3-e803ec5c0db0,1738108800000,
0e4c7ddf-cac3-43ef-b039-ba96f1a2b855.binning_data.json,2025-05-01 11:23:54.546,2025-05-01 11:23:54.546,com.sec.android.app.shealth,0,6731,1.2082253,4977.15,261.67993,kv/gFnHKRS,com.sec.android.app.shealth,0e4c7ddf-cac3-43ef-b039-ba96f1a2b855,1738195200000,
8b4fee7f-b74b-4220-ba42-2586ce04f466.binning_data.json,2025-05-01 11:23:54.547,2025-05-01 11:23:54.547,com.sec.android.app.shealth,0,5596,1.311853,4236.12,205.98996,kv/gFnHKRS,com.sec.android.app.shealth,8b4fee7f-b74b-4220-ba42-2586ce04f466,1738281600000,
35b07309-a364-4149-be97-2809251a8aa8.binning_data.json,2025-05-01 11:23:54.547,2025-05-01 11:23:54.547,com.sec.android.app.shealth,0,8621,1.3257653,6474.03,337.24994,kv/gFnHKRS,com.sec.android.app.shealth,35b07309-a364-4149-be97-2809251a8aa8,1738368000000,
aadf16c7-e3e0-44d7-9c84-f6561f2dd0e9.binning_data.json,2025-05-01 11:23:54.547,2025-05-01 11:23:54.547,com.sec.android.app.shealth,0,1878,1.1706212,1386.89,70.66,kv/gFnHKRS,com.sec.android.app.shealth,aadf16c7-e3e0-44d7-9c84-f6561f2dd0e9,1738454400000,
c251d8d4-d6f4-4211-8614-d9ee08ea4f40.binning_data.json,2025-05-01 11:23:54.547,2025-05-01 11:23:54.547,com.sec.android.app.shealth,0,580,1.2206017,432.9,21.15,kv/gFnHKRS,com.sec.android.app.shealth,c251d8d4-d6f4-4211-8614-d9ee08ea4f40,1738540800000,
f0de69e5-9e7e-4fef-8ec1-e75e4047d615.binning_data.json,2025-05-01 11:23:54.547,2025-05-01 11:23:54.547,com.sec.android.app.shealth,0,6917,1.2455189,5137.3203,270.28995,kv/gFnHKRS,com.sec.android.app.shealth,f0de69e5-9e7e-4fef-8ec1-e75e4047d615,1738627200000,
21235cb5-e9a0-4526-ad3f-ef093779a964.binning_data.json,2025-05-01 11:23:54.547,2025-05-01 11:23:54.547,com.sec.android.app.shealth,0,14422,1.2283587,10678.421,566.4399,kv/gFnHKRS,com.sec.android.app.shealth,21235cb5-e9a0-4526-ad3f-ef093779a964,1738713600000,
9a459f5e-2a92-4f15-86ea-b7027405be63.binning_data.json,2025-05-01 11:23:54.547,2025-05-01 11:23:54.547,com.sec.android.app.shealth,0,14845,1.2670138,11111.11,560.4099,kv/gFnHKRS,com.sec.android.app.shealth,9a459f5e-2a92-4f15-86ea-b7027405be63,1738800000000,
b7bad24f-da27-4dde-9169-8423a6604762.binning_data.json,2025-05-01 11:23:54.547,2025-05-01 11:23:54.547,com.sec.android.app.shealth,0,1541,1.3559437,1176.73,55.0,kv/gFnHKRS,com.sec.android.app.shealth,b7bad24f-da27-4dde-9169-8423a6604762,1738886400000,
ac8fa2c1-1ad0-44dc-8a27-577264edf5a3.binning_data.json,2025-05-01 11:23:54.547,2025-05-01 11:23:54.547,com.sec.android.app.shealth,0,10589,1.2112659,7833.541,415.57983,kv/gFnHKRS,com.sec.android.app.shealth,ac8fa2c1-1ad0-44dc-8a27-577264edf5a3,1738972800000,
1db52514-2758-4d94-83cc-b750fa892f24.binning_data.json,2025-05-01 11:23:54.547,2025-05-01 11:23:54.547,com.sec.android.app.shealth,0,1253,1.2591546,943.38,45.94,kv/gFnHKRS,com.sec.android.app.shealth,1db52514-2758-4d94-83cc-b750fa892f24,1739059200000,
f6c300da-9535-4b47-a9bb-38251283211c.binning_data.json,2025-05-01 11:23:54.547,2025-05-01 11:23:54.547,com.sec.android.app.shealth,0,9650,1.2472223,7171.2305,377.6499,kv/gFnHKRS,com.sec.android.app.shealth,f6c300da-9535-4b47-a9bb-38251283211c,1739145600000,
4dbc3033-c6db-4624-8a70-b7ac1379708f.binning_data.json,2025-05-01 11:23:54.547,2025-05-01 11:23:54.547,com.sec.android.app.shealth,0,7829,1.2862815,5848.13,306.24994,kv/gFnHKRS,com.sec.android.app.shealth,4dbc3033-c6db-4624-8a70-b7ac1379708f,1739232000000,
84d0ae22-9c6d-426b-9d86-55f72e602316.binning_data.json,2025-05-01 11:23:54.547,2025-05-01 11:23:54.547,com.sec.android.app.shealth,0,6814,1.2165939,5038.6304,267.4399,kv/gFnHKRS,com.sec.android.app.shealth,84d0ae22-9c6d-426b-9d86-55f72e602316,1739318400000,
9391beda-9db9-4251-bc35-fd712bbde3df.binning_data.json,2025-05-01 11:23:54.547,2025-05-01 11:23:54.547,com.sec.android.app.shealth,0,3641,1.2482959,2714.9302,142.28998,kv/gFnHKRS,com.sec.android.app.shealth,9391beda-9db9-4251-bc35-fd712bbde3df,1739404800000,
9defd051-22bb-4688-877d-e75322097fac.binning_data.json,2025-05-01 11:23:54.547,2025-05-01 11:23:54.547,com.sec.android.app.shealth,0,8285,1.2403611,6148.631,323.31992,kv/gFnHKRS,com.sec.android.app.shealth,9defd051-22bb-4688-877d-e75322097fac,1739491200000,
ee6dfa34-5e7a-46d6-868f-f144bee4cac4.binning_data.json,2025-05-01 11:23:54.547,2025-05-01 11:23:54.547,com.sec.android.app.shealth,0,6505,1.228097,4822.82,254.17,kv/gFnHKRS,com.sec.android.app.shealth,ee6dfa34-5e7a-46d6-868f-f144bee4cac4,1739577600000,
ad7808ac-e4a5-41c5-a899-6e3be97754bb.binning_data.json,2025-05-01 11:23:54.547,2025-05-01 11:23:54.547,com.sec.android.app.shealth,0,1530,1.2588102,1151.1,56.38,kv/gFnHKRS,com.sec.android.app.shealth,ad7808ac-e4a5-41c5-a899-6e3be97754bb,1739664000000,
a40bf7b3-96c7-4eb9-b70d-19a8ee681fb3.binning_data.json,2025-05-01 11:23:54.547,2025-05-01 11:23:54.547,com.sec.android.app.shealth,0,19018,1.15999,13964.2,746.5,kv/gFnHKRS,com.sec.android.app.shealth,a40bf7b3-96c7-4eb9-b70d-19a8ee681fb3,1739750400000,
a4e4095d-c341-4a94-9e61-463852bff068.binning_data.json,2025-05-01 11:23:54.547,2025-05-01 11:23:54.547,com.sec.android.app.shealth,0,6255,1.2161622,4623.82,244.20999,kv/gFnHKRS,com.sec.android.app.shealth,a4e4095d-c341-4a94-9e61-463852bff068,1739836800000,
f7d3061b-e096-4381-8b05-87e3a77c54b8.binning_data.json,2025-05-01 11:23:54.548,2025-05-01 11:23:54.548,com.sec.android.app.shealth,0,9735,1.2042568,7201.37,381.25998,kv/gFnHKRS,com.sec.android.app.shealth,f7d3061b-e096-4381-8b05-87e3a77c54b8,1739923200000,
78535c88-a0c8-40e8-be7f-2007c15560c7.binning_data.json,2025-05-01 11:23:54.548,2025-05-01 11:23:54.548,com.sec.android.app.shealth,0,7485,1.1782942,5509.97,292.97998,kv/gFnHKRS,com.sec.android.app.shealth,78535c88-a0c8-40e8-be7f-2007c15560c7,1740009600000,
e5af947d-6a54-405c-a42b-0a8c72c56f33.binning_data.json,2025-05-01 11:23:54.548,2025-05-01 11:23:54.548,com.sec.android.app.shealth,0,5023,1.2444764,3740.85,194.45,kv/gFnHKRS,com.sec.android.app.shealth,e5af947d-6a54-405c-a42b-0a8c72c56f33,1740096000000,
3837fcd4-039a-4588-a161-fe7833afe05b.binning_data.json,2025-05-01 11:23:54.548,2025-05-01 11:23:54.548,com.sec.android.app.shealth,0,9650,1.190522,7095.2104,378.70993,kv/gFnHKRS,com.sec.android.app.shealth,3837fcd4-039a-4588-a161-fe7833afe05b,1740182400000,
130e2c00-dd94-41e8-99c0-47fce0d39d32.binning_data.json,2025-05-01 11:23:54.548,2025-05-01 11:23:54.548,com.sec.android.app.shealth,0,716,1.3077987,551.38,26.43,kv/gFnHKRS,com.sec.android.app.shealth,130e2c00-dd94-41e8-99c0-47fce0d39d32,1740268800000,
96be3521-5222-4926-a2dd-b6bf9a014504.binning_data.json,2025-05-01 11:23:54.548,2025-05-01 11:23:54.548,com.sec.android.app.shealth,0,16752,1.2107075,12371.12,658.6598,kv/gFnHKRS,com.sec.android.app.shealth,96be3521-5222-4926-a2dd-b6bf9a014504,1740355200000,
40d3c4e7-8836-459b-b615-fd2379b9d51c.binning_data.json,2025-05-01 11:23:54.548,2025-05-01 11:23:54.548,com.sec.android.app.shealth,0,9135,1.1783396,6707.2104,358.32993,kv/gFnHKRS,com.sec.android.app.shealth,40d3c4e7-8836-459b-b615-fd2379b9d51c,1740441600000,
f4c1f808-74c2-4d57-a9d0-87d2c8740703.binning_data.json,2025-05-01 11:23:54.548,2025-05-01 11:23:54.548,com.sec.android.app.shealth,0,12136,1.179213,8916.811,476.7899,kv/gFnHKRS,com.sec.android.app.shealth,f4c1f808-74c2-4d57-a9d0-87d2c8740703,1740528000000,
7e825cf2-50dc-4009-af40-7b33042441fb.binning_data.json,2025-05-01 11:23:54.548,2025-05-01 11:23:54.548,com.sec.android.app.shealth,0,5123,1.1981202,3782.79,198.65996,kv/gFnHKRS,com.sec.android.app.shealth,7e825cf2-50dc-4009-af40-7b33042441fb,1740614400000,
0b36d7d4-57af-48f7-b291-2269ec55a624.binning_data.json,2025-05-01 11:23:54.548,2025-05-01 11:23:54.548,com.sec.android.app.shealth,0,7105,1.1826075,5235.45,274.15997,kv/gFnHKRS,com.sec.android.app.shealth,0b36d7d4-57af-48f7-b291-2269ec55a624,1740700800000,
55f04cdb-ac92-4af1-a690-be3600f1bd10.binning_data.json,2025-05-01 11:23:54.548,2025-05-01 11:23:54.548,com.sec.android.app.shealth,0,28708,1.3193026,21482.72,1139.02,kv/gFnHKRS,com.sec.android.app.shealth,55f04cdb-ac92-4af1-a690-be3600f1bd10,1740787200000,
2960a4ec-360e-4d22-94e8-034c16465350.binning_data.json,2025-05-01 11:23:54.548,2025-05-01 11:23:54.548,com.sec.android.app.shealth,0,5862,1.2264168,4323.57,229.93,kv/gFnHKRS,com.sec.android.app.shealth,2960a4ec-360e-4d22-94e8-034c16465350,1740873600000,
392e6424-30c4-4d1b-9e47-27d9b5263309.binning_data.json,2025-05-01 11:23:54.548,2025-05-01 11:23:54.548,com.sec.android.app.shealth,0,5520,1.190514,4063.9502,215.76996,kv/gFnHKRS,com.sec.android.app.shealth,392e6424-30c4-4d1b-9e47-27d9b5263309,1740960000000,
3dc61473-16db-4eed-b9e5-93d6d6723494.binning_data.json,2025-05-01 11:23:54.548,2025-05-01 11:23:54.548,com.sec.android.app.shealth,0,9989,1.1890517,7350.31,393.14993,kv/gFnHKRS,com.sec.android.app.shealth,3dc61473-16db-4eed-b9e5-93d6d6723494,1741046400000,
93ff6586-aaeb-4607-8541-6f7ae00d356f.binning_data.json,2025-05-01 11:23:54.548,2025-05-01 11:23:54.548,com.sec.android.app.shealth,0,15099,1.2582139,11283.971,590.8199,kv/gFnHKRS,com.sec.android.app.shealth,93ff6586-aaeb-4607-8541-6f7ae00d356f,1741132800000,
f995bea7-5c1f-4c96-8518-2e320b3c5cfe.binning_data.json,2025-05-01 11:23:54.548,2025-05-01 11:23:54.548,com.sec.android.app.shealth,0,11833,1.2313137,8780.261,458.77994,kv/gFnHKRS,com.sec.android.app.shealth,f995bea7-5c1f-4c96-8518-2e320b3c5cfe,1741219200000,
d6c67fc9-deb9-4b6c-a207-839e7a30ee1b.binning_data.json,2025-05-01 11:23:54.548,2025-05-01 11:23:54.548,com.sec.android.app.shealth,0,7200,1.14937,5255.4004,282.1199,kv/gFnHKRS,com.sec.android.app.shealth,d6c67fc9-deb9-4b6c-a207-839e7a30ee1b,1741305600000,
988a4f92-c023-4432-bbd9-2394b5165f79.binning_data.json,2025-05-01 11:23:54.548,2025-05-01 11:23:54.548,com.sec.android.app.shealth,0,3771,1.2932042,2844.87,146.20998,kv/gFnHKRS,com.sec.android.app.shealth,988a4f92-c023-4432-bbd9-2394b5165f79,1741392000000,
282483c6-5dc2-4762-94ef-52634e69aaa1.binning_data.json,2025-05-01 11:23:54.548,2025-05-01 11:23:54.548,com.sec.android.app.shealth,0,13970,1.1423221,10197.171,551.96985,kv/gFnHKRS,com.sec.android.app.shealth,282483c6-5dc2-4762-94ef-52634e69aaa1,1741478400000,
173f4ef9-10a7-48df-8c90-705b24fcda2a.binning_data.json,2025-05-01 11:23:54.548,2025-05-01 11:23:54.548,com.sec.android.app.shealth,0,15698,1.1983117,11588.94,618.5599,kv/gFnHKRS,com.sec.android.app.shealth,173f4ef9-10a7-48df-8c90-705b24fcda2a,1741564800000,
e7b73d90-84c4-4569-8968-17fd89c1f297.binning_data.json,2025-05-01 11:23:54.549,2025-05-01 11:23:54.549,com.sec.android.app.shealth,0,8597,1.1905609,6327.8403,338.71994,kv/gFnHKRS,com.sec.android.app.shealth,e7b73d90-84c4-4569-8968-17fd89c1f297,1741651200000,
a744fb87-7f0c-4a1c-b157-1930439b1014.binning_data.json,2025-05-01 11:23:54.549,2025-05-01 11:23:54.549,com.sec.android.app.shealth,0,12828,1.1786785,9411.25,506.84998,kv/gFnHKRS,com.sec.android.app.shealth,a744fb87-7f0c-4a1c-b157-1930439b1014,1741737600000,
0c59a029-13c7-4757-900d-37ef2bd62408.binning_data.json,2025-05-01 11:23:54.549,2025-05-01 11:23:54.549,com.sec.android.app.shealth,0,10469,1.1960608,7726.37,408.95993,kv/gFnHKRS,com.sec.android.app.shealth,0c59a029-13c7-4757-900d-37ef2bd62408,1741824000000,
c00d145e-f491-45f5-9a3c-2ae7c3f3c3b4.binning_data.json,2025-05-01 11:23:54.549,2025-05-01 11:23:54.549,com.sec.android.app.shealth,0,1474,1.2084416,1088.71,56.01,kv/gFnHKRS,com.sec.android.app.shealth,c00d145e-f491-45f5-9a3c-2ae7c3f3c3b4,1741910400000,
a38f05c4-c420-44de-8a82-320d1b66cf90.binning_data.json,2025-05-01 11:23:54.549,2025-05-01 11:23:54.549,com.sec.android.app.shealth,0,10004,1.2804542,7465.401,392.4599,kv/gFnHKRS,com.sec.android.app.shealth,a38f05c4-c420-44de-8a82-320d1b66cf90,1741996800000,
6cce3db4-6f01-4f99-8e0f-0e675fb9ef87.binning_data.json,2025-05-01 11:23:54.549,2025-05-01 11:23:54.549,com.sec.android.app.shealth,0,1089,1.1951598,805.05,39.81,kv/gFnHKRS,com.sec.android.app.shealth,6cce3db4-6f01-4f99-8e0f-0e675fb9ef87,1742083200000,
5ee40a94-bccf-4b60-ab76-946b83b227ea.binning_data.json,2025-05-01 11:23:54.549,2025-05-01 11:23:54.549,com.sec.android.app.shealth,0,10418,1.2591845,7759.4,409.15997,kv/gFnHKRS,com.sec.android.app.shealth,5ee40a94-bccf-4b60-ab76-946b83b227ea,1742169600000,
1b38eff6-4582-4e21-8b84-42cf25a4709c.binning_data.json,2025-05-01 11:23:54.549,2025-05-01 11:23:54.549,com.sec.android.app.shealth,0,3081,1.2139846,2279.3303,120.84996,kv/gFnHKRS,com.sec.android.app.shealth,1b38eff6-4582-4e21-8b84-42cf25a4709c,1742256000000,
6ceffd78-b723-40e2-a7b6-a30be4b14d11.binning_data.json,2025-05-01 11:23:54.549,2025-05-01 11:23:54.549,com.sec.android.app.shealth,0,10152,1.2264451,7506.69,399.93994,kv/gFnHKRS,com.sec.android.app.shealth,6ceffd78-b723-40e2-a7b6-a30be4b14d11,1742342400000,
28047413-879a-4ed8-880e-57a943c6eb76.binning_data.json,2025-05-01 11:23:54.549,2025-05-01 11:23:54.549,com.sec.android.app.shealth,0,7492,1.1707613,5498.7803,293.05994,kv/gFnHKRS,com.sec.android.app.shealth,28047413-879a-4ed8-880e-57a943c6eb76,1742428800000,
af733099-1918-4743-b592-ddd540f44e27.binning_data.json,2025-05-01 11:23:54.549,2025-05-01 11:23:54.549,com.sec.android.app.shealth,0,8375,1.292066,6261.14,327.87994,kv/gFnHKRS,com.sec.android.app.shealth,af733099-1918-4743-b592-ddd540f44e27,1742515200000,
6303199d-c318-4360-ac15-7a5f6505e449.binning_data.json,2025-05-01 11:23:54.549,2025-05-01 11:23:54.549,com.sec.android.app.shealth,0,8901,1.3220922,6705.4404,349.19992,kv/gFnHKRS,com.sec.android.app.shealth,6303199d-c318-4360-ac15-7a5f6505e449,1742601600000,
0f94ddb4-0713-4a4d-8849-4f4236b2e610.binning_data.json,2025-05-01 11:23:54.549,2025-05-01 11:23:54.549,com.sec.android.app.shealth,0,2132,1.2742565,1603.1501,82.36997,kv/gFnHKRS,com.sec.android.app.shealth,0f94ddb4-0713-4a4d-8849-4f4236b2e610,1742688000000,
80ef150c-96dc-47f4-89e8-9c8786ade7e4.binning_data.json,2025-05-01 11:23:54.549,2025-05-01 11:23:54.549,com.sec.android.app.shealth,0,7358,1.215343,5444.04,283.92996,kv/gFnHKRS,com.sec.android.app.shealth,80ef150c-96dc-47f4-89e8-9c8786ade7e4,1742774400000,
0973af9b-e710-41ab-8508-11d1d3aaccdd.binning_data.json,2025-05-01 11:23:54.549,2025-05-01 11:23:54.549,com.sec.android.app.shealth,0,14976,1.2243521,11072.5205,589.8098,kv/gFnHKRS,com.sec.android.app.shealth,0973af9b-e710-41ab-8508-11d1d3aaccdd,1742860800000,
b1deff33-5805-465d-8c0f-70d93efbd7e6.binning_data.json,2025-05-01 11:23:54.549,2025-05-01 11:23:54.549,com.sec.android.app.shealth,0,9353,1.1613034,6852.9404,367.8099,kv/gFnHKRS,com.sec.android.app.shealth,b1deff33-5805-465d-8c0f-70d93efbd7e6,1742947200000,
828d7a89-52bd-4495-987d-a9f4a9245fad.binning_data.json,2025-05-01 11:23:54.549,2025-05-01 11:23:54.549,com.sec.android.app.shealth,0,17297,1.3020215,12993.881,666.8398,kv/gFnHKRS,com.sec.android.app.shealth,828d7a89-52bd-4495-987d-a9f4a9245fad,1743033600000,
2a193a11-f575-4b92-a969-d14c9e817540.binning_data.json,2025-05-01 11:23:54.549,2025-05-01 11:23:54.549,com.sec.android.app.shealth,0,740,1.2327372,551.0,26.24,kv/gFnHKRS,com.sec.android.app.shealth,2a193a11-f575-4b92-a969-d14c9e817540,1743120000000,
8c1ad081-b063-4be9-9117-948290f82341.binning_data.json,2025-05-01 11:23:54.549,2025-05-01 11:23:54.549,com.sec.android.app.shealth,0,6057,1.3054277,4540.62,234.89998,kv/gFnHKRS,com.sec.android.app.shealth,8c1ad081-b063-4be9-9117-948290f82341,1743206400000,
957cfce4-a292-474b-bc96-8a8be0c405ac.binning_data.json,2025-05-01 11:23:54.550,2025-05-01 11:23:54.550,com.sec.android.app.shealth,0,1752,1.1570033,1293.85,64.47,kv/gFnHKRS,com.sec.android.app.shealth,957cfce4-a292-474b-bc96-8a8be0c405ac,1743292800000,
01bd7b00-cce7-412f-91ba-68522fc42c44.binning_data.json,2025-05-01 11:23:54.550,2025-05-01 11:23:54.550,com.sec.android.app.shealth,0,6157,1.2643393,4585.47,240.44994,kv/gFnHKRS,com.sec.android.app.shealth,01bd7b00-cce7-412f-91ba-68522fc42c44,1743379200000,
64288d7d-b5a8-4a4e-a90a-b9119ddc363f.binning_data.json,2025-05-01 11:23:54.550,2025-05-01 11:23:54.550,com.sec.android.app.shealth,0,15429,1.2064254,11416.5205,601.8099,kv/gFnHKRS,com.sec.android.app.shealth,64288d7d-b5a8-4a4e-a90a-b9119ddc363f,1743465600000,
b9ac35ca-cc09-424e-a54a-8e31b0a2b54d.binning_data.json,2025-05-01 11:23:54.550,2025-05-01 11:23:54.550,com.sec.android.app.shealth,0,8473,1.1462606,6200.52,332.35992,kv/gFnHKRS,com.sec.android.app.shealth,b9ac35ca-cc09-424e-a54a-8e31b0a2b54d,1743552000000,
d658fca3-ef74-4d11-9f42-7722d22aa399.binning_data.json,2025-05-01 11:23:54.550,2025-05-01 11:23:54.550,com.sec.android.app.shealth,0,4156,1.1834395,3065.9,160.40999,kv/gFnHKRS,com.sec.android.app.shealth,d658fca3-ef74-4d11-9f42-7722d22aa399,1743638400000,
92c4f2f7-17f4-4436-9593-b0e3fad754f2.binning_data.json,2025-05-01 11:23:54.550,2025-05-01 11:23:54.550,com.sec.android.app.shealth,0,4407,1.1944996,3254.36,172.55998,kv/gFnHKRS,com.sec.android.app.shealth,92c4f2f7-17f4-4436-9593-b0e3fad754f2,1743724800000,
99f27d5b-6d4e-4ac2-a3d4-63d1b7f547c7.binning_data.json,2025-05-01 11:23:54.550,2025-05-01 11:23:54.550,com.sec.android.app.shealth,0,8219,1.1379592,6018.17,319.05,kv/gFnHKRS,com.sec.android.app.shealth,99f27d5b-6d4e-4ac2-a3d4-63d1b7f547c7,1743811200000,
735c9d42-7013-461a-9b58-7c12bb41c09f.binning_data.json,2025-05-01 11:23:54.550,2025-05-01 11:23:54.550,com.sec.android.app.shealth,0,3175,1.2426987,2389.73,125.06,kv/gFnHKRS,com.sec.android.app.shealth,735c9d42-7013-461a-9b58-7c12bb41c09f,1743897600000,
8b113c26-34f3-4d5e-8f74-8a9d4883e992.binning_data.json,2025-05-01 11:23:54.550,2025-05-01 11:23:54.550,com.sec.android.app.shealth,0,161,1.2341564,119.64,5.84,kv/gFnHKRS,com.sec.android.app.shealth,8b113c26-34f3-4d5e-8f74-8a9d4883e992,1743984000000,
837b1334-83a9-4333-a1e4-05a5096f140b.binning_data.json,2025-05-01 11:23:54.550,2025-05-01 11:23:54.550,com.sec.android.app.shealth,-2,2507,1.2255406,1843.79,97.34999,VfS0qUERdZ,com.sec.android.app.shealth,837b1334-83a9-4333-a1e4-05a5096f140b,1677369600000,
fdee5008-f319-4c04-9e7b-0df9daa904d2.binning_data.json,2025-05-01 11:23:54.550,2025-05-01 11:23:54.550,com.sec.android.app.shealth,-2,6921,1.3730732,5281.63,288.00998,VfS0qUERdZ,com.sec.android.app.shealth,fdee5008-f319-4c04-9e7b-0df9daa904d2,1677456000000,
1f213391-beb4-4f78-a7c1-15873e70f328.binning_data.json,2025-05-01 11:23:54.550,2025-05-01 11:23:54.550,com.sec.android.app.shealth,-2,11144,1.3185428,8366.67,418.97998,VfS0qUERdZ,com.sec.android.app.shealth,1f213391-beb4-4f78-a7c1-15873e70f328,1677542400000,
ace213f3-a4f7-4234-9f01-9ef444ac043e.binning_data.json,2025-05-01 11:23:54.550,2025-05-01 11:23:54.550,com.sec.android.app.shealth,-2,706,1.2384331,519.83997,26.44,VfS0qUERdZ,com.sec.android.app.shealth,ace213f3-a4f7-4234-9f01-9ef444ac043e,1677628800000,
e6bb1e01-c2ab-4987-b46f-5a7179df9775.binning_data.json,2025-05-01 11:23:54.550,2025-05-01 11:23:54.550,com.sec.android.app.shealth,-2,2477,1.2684166,1798.19,98.799995,VfS0qUERdZ,com.sec.android.app.shealth,e6bb1e01-c2ab-4987-b46f-5a7179df9775,1677715200000,
a5cfdda2-16ae-4d5e-8b3d-86c52e5da46a.binning_data.json,2025-05-01 11:23:54.550,2025-05-01 11:23:54.550,com.sec.android.app.shealth,-2,7163,1.2637979,5223.44,286.03,VfS0qUERdZ,com.sec.android.app.shealth,a5cfdda2-16ae-4d5e-8b3d-86c52e5da46a,1677801600000,
504d842f-acd9-444a-a3f7-e103913801b9.binning_data.json,2025-05-01 11:23:54.550,2025-05-01 11:23:54.550,com.sec.android.app.shealth,-2,5023,1.241107,3726.26,192.22,VfS0qUERdZ,com.sec.android.app.shealth,504d842f-acd9-444a-a3f7-e103913801b9,1677888000000,
621bb2a0-1ebc-46e3-990f-2f18cf0f2a26.binning_data.json,2025-05-01 11:23:54.550,2025-05-01 11:23:54.550,com.sec.android.app.shealth,-2,5703,1.2539841,4221.6,223.45,VfS0qUERdZ,com.sec.android.app.shealth,621bb2a0-1ebc-46e3-990f-2f18cf0f2a26,1677974400000,
779fa874-e052-4766-b26d-3fcbd7473514.binning_data.json,2025-05-01 11:23:54.550,2025-05-01 11:23:54.550,com.sec.android.app.shealth,-2,7498,1.2862611,5453.4697,292.77,VfS0qUERdZ,com.sec.android.app.shealth,779fa874-e052-4766-b26d-3fcbd7473514,1678060800000,
7c743946-5c3a-4d53-9cb8-5f4a620ac258.binning_data.json,2025-05-01 11:23:54.550,2025-05-01 11:23:54.550,com.sec.android.app.shealth,-2,7138,1.2679465,5265.49,282.47,VfS0qUERdZ,com.sec.android.app.shealth,7c743946-5c3a-4d53-9cb8-5f4a620ac258,1678147200000,
811b33fb-11a5-4c0f-81d9-ea9ad287fc22.binning_data.json,2025-05-01 11:23:54.550,2025-05-01 11:23:54.550,com.sec.android.app.shealth,-2,5277,1.3143586,3890.32,211.29,VfS0qUERdZ,com.sec.android.app.shealth,811b33fb-11a5-4c0f-81d9-ea9ad287fc22,1678233600000,
8c8c9135-3f0f-43b4-84c9-85cfe683d147.binning_data.json,2025-05-01 11:23:54.551,2025-05-01 11:23:54.551,com.sec.android.app.shealth,-2,13547,1.2898828,10014.65,526.74,VfS0qUERdZ,com.sec.android.app.shealth,8c8c9135-3f0f-43b4-84c9-85cfe683d147,1678320000000,
0c161bb0-7ad0-45a5-9ee0-ad1d340d3001.binning_data.json,2025-05-01 11:23:54.551,2025-05-01 11:23:54.551,com.sec.android.app.shealth,-2,2763,1.3231214,2088.12,104.54,VfS0qUERdZ,com.sec.android.app.shealth,0c161bb0-7ad0-45a5-9ee0-ad1d340d3001,1678406400000,
d1b93ac0-6e5f-4600-92df-7202c4e46919.binning_data.json,2025-05-01 11:23:54.551,2025-05-01 11:23:54.551,com.sec.android.app.shealth,-2,1650,1.3432541,1234.18,59.98,VfS0qUERdZ,com.sec.android.app.shealth,d1b93ac0-6e5f-4600-92df-7202c4e46919,1678492800000,
c86d2c85-f826-4820-a9ab-c758e6bc6431.binning_data.json,2025-05-01 11:23:54.551,2025-05-01 11:23:54.551,com.sec.android.app.shealth,-2,6478,1.3531523,4914.4,260.19,VfS0qUERdZ,com.sec.android.app.shealth,c86d2c85-f826-4820-a9ab-c758e6bc6431,1678579200000,
6e7f313f-e6ff-4acf-95e9-c2fa9694bb40.binning_data.json,2025-05-01 11:23:54.551,2025-05-01 11:23:54.551,com.sec.android.app.shealth,-2,9338,1.3252462,7058.9897,376.06995,VfS0qUERdZ,com.sec.android.app.shealth,6e7f313f-e6ff-4acf-95e9-c2fa9694bb40,1678665600000,
235bbafc-ac08-4b02-acb0-c61086a6c739.binning_data.json,2025-05-01 11:23:54.551,2025-05-01 11:23:54.551,com.sec.android.app.shealth,-2,4218,1.3014902,3092.43,168.15999,VfS0qUERdZ,com.sec.android.app.shealth,235bbafc-ac08-4b02-acb0-c61086a6c739,1678752000000,
3eedc783-afed-44d9-bc31-fa8531aefccd.binning_data.json,2025-05-01 11:23:54.551,2025-05-01 11:23:54.551,com.sec.android.app.shealth,-2,1729,1.2642726,1278.1599,64.63,VfS0qUERdZ,com.sec.android.app.shealth,3eedc783-afed-44d9-bc31-fa8531aefccd,1678838400000,
68cd8867-a48f-4d0a-8227-96614e024d8a.binning_data.json,2025-05-01 11:23:54.551,2025-05-01 11:23:54.551,com.sec.android.app.shealth,-2,1506,1.2957766,1118.26,56.72,VfS0qUERdZ,com.sec.android.app.shealth,68cd8867-a48f-4d0a-8227-96614e024d8a,1678924800000,
c20ff474-8a2f-4552-9f99-dd8ea2ed739f.binning_data.json,2025-05-01 11:23:54.551,2025-05-01 11:23:54.551,com.sec.android.app.shealth,-2,5513,1.2889208,3971.0,220.28,VfS0qUERdZ,com.sec.android.app.shealth,c20ff474-8a2f-4552-9f99-dd8ea2ed739f,1679011200000,
4ba13698-09f0-4a7b-9e5d-f2b02ae8cd5c.binning_data.json,2025-05-01 11:23:54.551,2025-05-01 11:23:54.551,com.sec.android.app.shealth,-2,9031,1.3405991,6857.1797,348.87997,VfS0qUERdZ,com.sec.android.app.shealth,4ba13698-09f0-4a7b-9e5d-f2b02ae8cd5c,1679097600000,
2f0a76b0-2023-4224-95ed-06bac1a94d18.binning_data.json,2025-05-01 11:23:54.551,2025-05-01 11:23:54.551,com.sec.android.app.shealth,-2,2113,1.3059007,1600.75,77.86,VfS0qUERdZ,com.sec.android.app.shealth,2f0a76b0-2023-4224-95ed-06bac1a94d18,1679184000000,
f328a5fa-a6f5-4f25-a544-dc5961be0efc.binning_data.json,2025-05-01 11:23:54.551,2025-05-01 11:23:54.551,com.sec.android.app.shealth,-2,3730,1.2945114,2692.05,148.04999,VfS0qUERdZ,com.sec.android.app.shealth,f328a5fa-a6f5-4f25-a544-dc5961be0efc,1679270400000,
f48e7d08-8a53-48c7-8717-fc95f61cb3f8.binning_data.json,2025-05-01 11:23:54.551,2025-05-01 11:23:54.551,com.sec.android.app.shealth,-2,4809,1.264691,3515.94,189.40999,VfS0qUERdZ,com.sec.android.app.shealth,f48e7d08-8a53-48c7-8717-fc95f61cb3f8,1679356800000,
66f884d4-2ff7-45dc-ad8f-ff977ae12eed.binning_data.json,2025-05-01 11:23:54.551,2025-05-01 11:23:54.551,com.sec.android.app.shealth,-2,6791,1.3112653,4977.49,267.90997,VfS0qUERdZ,com.sec.android.app.shealth,66f884d4-2ff7-45dc-ad8f-ff977ae12eed,1679443200000,
5b451e5a-a769-4c40-82ad-e83480b5d1e1.binning_data.json,2025-05-01 11:23:54.551,2025-05-01 11:23:54.551,com.sec.android.app.shealth,-2,5778,1.2701275,4229.42,223.19,VfS0qUERdZ,com.sec.android.app.shealth,5b451e5a-a769-4c40-82ad-e83480b5d1e1,1679529600000,
becb1227-36e0-4f2e-a2fc-f73b02ea853e.binning_data.json,2025-05-01 11:23:54.551,2025-05-01 11:23:54.551,com.sec.android.app.shealth,-2,6538,1.2639986,4845.85,248.93999,VfS0qUERdZ,com.sec.android.app.shealth,becb1227-36e0-4f2e-a2fc-f73b02ea853e,1679616000000,
36b59a13-c3f4-4add-ac70-cc9f544fe0ee.binning_data.json,2025-05-01 11:23:54.551,2025-05-01 11:23:54.551,com.sec.android.app.shealth,-2,7579,1.2831286,5588.49,294.27,VfS0qUERdZ,com.sec.android.app.shealth,36b59a13-c3f4-4add-ac70-cc9f544fe0ee,1679702400000,
9a4e98e1-409b-48f5-80fc-a694d9004b50.binning_data.json,2025-05-01 11:23:54.551,2025-05-01 11:23:54.551,com.sec.android.app.shealth,-2,817,1.2817521,616.49,29.66,VfS0qUERdZ,com.sec.android.app.shealth,9a4e98e1-409b-48f5-80fc-a694d9004b50,1679788800000,
fa537a61-08aa-4b91-81f0-5784f85aa0e0.binning_data.json,2025-05-01 11:23:54.551,2025-05-01 11:23:54.551,com.sec.android.app.shealth,-2,6645,1.3122567,4913.58,255.29,VfS0qUERdZ,com.sec.android.app.shealth,fa537a61-08aa-4b91-81f0-5784f85aa0e0,1679875200000,
9228d440-b64c-46e1-96c3-49b1398ebf7f.binning_data.json,2025-05-01 11:23:54.551,2025-05-01 11:23:54.551,com.sec.android.app.shealth,-2,5193,1.2877305,3795.6501,205.12,VfS0qUERdZ,com.sec.android.app.shealth,9228d440-b64c-46e1-96c3-49b1398ebf7f,1679961600000,
66ef54ae-e6b7-498a-9e4e-a7e4e3e58a7a.binning_data.json,2025-05-01 11:23:54.552,2025-05-01 11:23:54.552,com.sec.android.app.shealth,-2,3784,1.2272242,2788.79,147.4,VfS0qUERdZ,com.sec.android.app.shealth,66ef54ae-e6b7-498a-9e4e-a7e4e3e58a7a,1680048000000,
ad9b189c-326b-4cb3-9d08-459cd56c6d6d.binning_data.json,2025-05-01 11:23:54.552,2025-05-01 11:23:54.552,com.sec.android.app.shealth,-2,7002,1.2686161,5160.25,272.93,VfS0qUERdZ,com.sec.android.app.shealth,ad9b189c-326b-4cb3-9d08-459cd56c6d6d,1680134400000,
ff6806dc-0651-491e-83b6-62fbbd52faaa.binning_data.json,2025-05-01 11:23:54.552,2025-05-01 11:23:54.552,com.sec.android.app.shealth,-2,2738,1.2825841,2034.32,101.59,VfS0qUERdZ,com.sec.android.app.shealth,ff6806dc-0651-491e-83b6-62fbbd52faaa,1680220800000,
3cb6377b-061c-434d-a9a5-262d58b76519.binning_data.json,2025-05-01 11:23:54.552,2025-05-01 11:23:54.552,com.sec.android.app.shealth,-2,6827,1.2045949,5034.28,265.08,VfS0qUERdZ,com.sec.android.app.shealth,3cb6377b-061c-434d-a9a5-262d58b76519,1680307200000,
53cff2c5-e170-471d-873d-24e0bffd8ae9.binning_data.json,2025-05-01 11:23:54.552,2025-05-01 11:23:54.552,com.sec.android.app.shealth,-2,1989,1.3663282,1500.75,73.96,VfS0qUERdZ,com.sec.android.app.shealth,53cff2c5-e170-471d-873d-24e0bffd8ae9,1680393600000,
7e9eb228-04e9-4c01-8ff3-43abd0e4ed42.binning_data.json,2025-05-01 11:23:54.552,2025-05-01 11:23:54.552,com.sec.android.app.shealth,-2,981,1.3477386,730.42,38.27,VfS0qUERdZ,com.sec.android.app.shealth,7e9eb228-04e9-4c01-8ff3-43abd0e4ed42,1680480000000,
e84adce9-e415-458d-9d11-740e1accf8e1.binning_data.json,2025-05-01 11:23:54.552,2025-05-01 11:23:54.552,com.sec.android.app.shealth,-2,11142,1.1954837,8211.62,432.66,VfS0qUERdZ,com.sec.android.app.shealth,e84adce9-e415-458d-9d11-740e1accf8e1,1680566400000,
4bb3485e-b0ee-4f8f-9c47-bbee1bd70776.binning_data.json,2025-05-01 11:23:54.552,2025-05-01 11:23:54.552,com.sec.android.app.shealth,-2,1093,1.2347667,810.05,40.11,VfS0qUERdZ,com.sec.android.app.shealth,4bb3485e-b0ee-4f8f-9c47-bbee1bd70776,1680652800000,
7647b7bb-b442-4fd5-ad70-68de851f6fae.binning_data.json,2025-05-01 11:23:54.552,2025-05-01 11:23:54.552,com.sec.android.app.shealth,-2,1668,1.2900916,1252.9299,61.989998,VfS0qUERdZ,com.sec.android.app.shealth,7647b7bb-b442-4fd5-ad70-68de851f6fae,1680739200000,
41b2d38a-1ea4-4a25-8772-f131b609c873.binning_data.json,2025-05-01 11:23:54.552,2025-05-01 11:23:54.552,com.sec.android.app.shealth,-2,8006,1.2979906,6058.69,308.78998,VfS0qUERdZ,com.sec.android.app.shealth,41b2d38a-1ea4-4a25-8772-f131b609c873,1680825600000,
957e0985-161b-49d6-ad31-1bcbdc05824a.binning_data.json,2025-05-01 11:23:54.552,2025-05-01 11:23:54.552,com.sec.android.app.shealth,-2,4738,1.2885365,3548.07,174.70999,VfS0qUERdZ,com.sec.android.app.shealth,957e0985-161b-49d6-ad31-1bcbdc05824a,1680912000000,
1763d75d-e8be-4485-b44b-68678a233ca6.binning_data.json,2025-05-01 11:23:54.552,2025-05-01 11:23:54.552,com.sec.android.app.shealth,-2,1882,1.2496201,1401.13,72.39,VfS0qUERdZ,com.sec.android.app.shealth,1763d75d-e8be-4485-b44b-68678a233ca6,1680998400000,
cd1120f9-29a2-4a18-a64b-9d521b6934eb.binning_data.json,2025-05-01 11:23:54.552,2025-05-01 11:23:54.552,com.sec.android.app.shealth,-2,3983,1.3355483,2994.4,154.2,VfS0qUERdZ,com.sec.android.app.shealth,cd1120f9-29a2-4a18-a64b-9d521b6934eb,1681084800000,
b0bb6d80-7469-472c-9140-7d925448867e.binning_data.json,2025-05-01 11:23:54.552,2025-05-01 11:23:54.552,com.sec.android.app.shealth,-2,1129,1.2635154,837.4,41.25,VfS0qUERdZ,com.sec.android.app.shealth,b0bb6d80-7469-472c-9140-7d925448867e,1681171200000,
b5d26625-bc6b-4e21-8510-77d679e5afc9.binning_data.json,2025-05-01 11:23:54.552,2025-05-01 11:23:54.552,com.sec.android.app.shealth,-2,2469,1.2899425,1857.55,92.15,VfS0qUERdZ,com.sec.android.app.shealth,b5d26625-bc6b-4e21-8510-77d679e5afc9,1681257600000,
046fccd6-bd29-4aae-8273-a0427689b1f3.binning_data.json,2025-05-01 11:23:54.552,2025-05-01 11:23:54.552,com.sec.android.app.shealth,-2,4488,1.3787818,3446.0,169.45,VfS0qUERdZ,com.sec.android.app.shealth,046fccd6-bd29-4aae-8273-a0427689b1f3,1681344000000,
9eff0051-bca3-47a0-864b-6d4418d69dc8.binning_data.json,2025-05-01 11:23:54.552,2025-05-01 11:23:54.552,com.sec.android.app.shealth,-2,2897,1.4486196,2289.42,123.35,VfS0qUERdZ,com.sec.android.app.shealth,9eff0051-bca3-47a0-864b-6d4418d69dc8,1681430400000,
a921efbb-5a3c-47a6-a805-98555b01e729.binning_data.json,2025-05-01 11:23:54.552,2025-05-01 11:23:54.552,com.sec.android.app.shealth,-2,84,1.1780009,62.12,3.11,VfS0qUERdZ,com.sec.android.app.shealth,a921efbb-5a3c-47a6-a805-98555b01e729,1685404800000,
1de22c67-60e5-42df-873f-89b82ecffe4b.binning_data.json,2025-05-01 11:23:54.552,2025-05-01 11:23:54.552,com.sec.android.app.shealth,-2,4260,1.2167002,3165.17,161.2,VfS0qUERdZ,com.sec.android.app.shealth,1de22c67-60e5-42df-873f-89b82ecffe4b,1723939200000,
8754d8b5-04c3-45dd-b903-409cfaf5439a.binning_data.json,2025-05-01 11:23:54.552,2025-05-01 11:23:54.552,com.sec.android.app.shealth,-2,16429,1.2065244,12162.34,638.99994,VfS0qUERdZ,com.sec.android.app.shealth,8754d8b5-04c3-45dd-b903-409cfaf5439a,1724025600000,
c025ecc0-1a07-4d2b-95c9-ee5938a74223.binning_data.json,2025-05-01 11:23:54.552,2025-05-01 11:23:54.552,com.sec.android.app.shealth,-2,8766,1.199255,6601.32,355.07,VfS0qUERdZ,com.sec.android.app.shealth,c025ecc0-1a07-4d2b-95c9-ee5938a74223,1724112000000,
01ebcef5-936b-461f-a00b-7f578da15219.binning_data.json,2025-05-01 11:23:54.553,2025-05-01 11:23:54.553,com.sec.android.app.shealth,-2,5326,1.1439316,3907.84,204.75,VfS0qUERdZ,com.sec.android.app.shealth,01ebcef5-936b-461f-a00b-7f578da15219,1724198400000,
dac27123-9824-40c4-bf79-2fe5347db583.binning_data.json,2025-05-01 11:23:54.553,2025-05-01 11:23:54.553,com.sec.android.app.shealth,-2,4932,1.2007326,3650.16,185.56999,VfS0qUERdZ,com.sec.android.app.shealth,dac27123-9824-40c4-bf79-2fe5347db583,1724284800000,
9246f48c-a3e1-4d3b-887d-0faa32c95bed.binning_data.json,2025-05-01 11:23:54.553,2025-05-01 11:23:54.553,com.sec.android.app.shealth,-2,4593,1.2326176,3417.59,173.58,VfS0qUERdZ,com.sec.android.app.shealth,9246f48c-a3e1-4d3b-887d-0faa32c95bed,1724371200000,
938c786c-2a10-4b92-9b96-4a85aa2c2af1.binning_data.json,2025-05-01 11:23:54.553,2025-05-01 11:23:54.553,com.sec.android.app.shealth,-2,3640,1.2720981,2731.65,136.13,VfS0qUERdZ,com.sec.android.app.shealth,938c786c-2a10-4b92-9b96-4a85aa2c2af1,1724457600000,
68624ee1-39ca-40fa-902d-c65d16d5bd9c.binning_data.json,2025-05-01 11:23:54.553,2025-05-01 11:23:54.553,com.sec.android.app.shealth,-2,3552,1.2229185,2636.04,136.09,VfS0qUERdZ,com.sec.android.app.shealth,68624ee1-39ca-40fa-902d-c65d16d5bd9c,1724544000000,
67982628-dbf5-4ad3-914a-24ae7eddc766.binning_data.json,2025-05-01 11:23:54.553,2025-05-01 11:23:54.553,com.sec.android.app.shealth,-2,939,1.2570362,705.21,34.469997,VfS0qUERdZ,com.sec.android.app.shealth,67982628-dbf5-4ad3-914a-24ae7eddc766,1724630400000,
75909d70-a383-4727-be4f-9452bb565650.binning_data.json,2025-05-01 11:23:54.553,2025-05-01 11:23:54.553,com.sec.android.app.shealth,-2,3271,1.134381,2398.98,125.079994,VfS0qUERdZ,com.sec.android.app.shealth,75909d70-a383-4727-be4f-9452bb565650,1724716800000,
3ff1dfb6-ca29-4a1f-9851-ba5de1b9fab4.binning_data.json,2025-05-01 11:23:54.553,2025-05-01 11:23:54.553,com.sec.android.app.shealth,-2,1883,1.2275438,1401.83,68.9,VfS0qUERdZ,com.sec.android.app.shealth,3ff1dfb6-ca29-4a1f-9851-ba5de1b9fab4,1724803200000,
b0f771fa-6b35-480b-a60a-85ce2ac9ae90.binning_data.json,2025-05-01 11:23:54.553,2025-05-01 11:23:54.553,com.sec.android.app.shealth,-2,1169,1.2072823,869.62,42.85,VfS0qUERdZ,com.sec.android.app.shealth,b0f771fa-6b35-480b-a60a-85ce2ac9ae90,1724889600000,
5912219a-2fed-49eb-8e6d-b0301da2d47b.binning_data.json,2025-05-01 11:23:54.553,2025-05-01 11:23:54.553,com.sec.android.app.shealth,-2,5118,1.1520114,3767.33,195.39,VfS0qUERdZ,com.sec.android.app.shealth,5912219a-2fed-49eb-8e6d-b0301da2d47b,1724976000000,
65e2ad38-58ca-416f-b07e-1e0f1c4f33ea.binning_data.json,2025-05-01 11:23:54.553,2025-05-01 11:23:54.553,com.sec.android.app.shealth,-2,9232,1.2758384,6893.08,359.59,VfS0qUERdZ,com.sec.android.app.shealth,65e2ad38-58ca-416f-b07e-1e0f1c4f33ea,1725062400000,
0f944e3c-63b8-436c-a1de-552d54bb5f1a.binning_data.json,2025-05-01 11:23:54.553,2025-05-01 11:23:54.553,com.sec.android.app.shealth,-2,6596,1.2757826,4947.7,250.52997,VfS0qUERdZ,com.sec.android.app.shealth,0f944e3c-63b8-436c-a1de-552d54bb5f1a,1725148800000,
56f7c542-2e17-45b2-b99f-2299d377a67d.binning_data.json,2025-05-01 11:23:54.553,2025-05-01 11:23:54.553,com.sec.android.app.shealth,-2,1815,1.2829827,1360.34,65.69,VfS0qUERdZ,com.sec.android.app.shealth,56f7c542-2e17-45b2-b99f-2299d377a67d,1725235200000,
42b2c9ae-6f47-4178-83dc-69c61798c5f6.binning_data.json,2025-05-01 11:23:54.553,2025-05-01 11:23:54.553,com.sec.android.app.shealth,-2,2756,1.240687,2061.4102,104.829994,VfS0qUERdZ,com.sec.android.app.shealth,42b2c9ae-6f47-4178-83dc-69c61798c5f6,1725321600000,
3d794f37-4179-4b7b-9838-4328d985d734.binning_data.json,2025-05-01 11:23:54.553,2025-05-01 11:23:54.553,com.sec.android.app.shealth,-2,8973,1.219076,6645.14,351.23996,VfS0qUERdZ,com.sec.android.app.shealth,3d794f37-4179-4b7b-9838-4328d985d734,1725408000000,
f08748d3-95e0-4a10-86a2-fe7a6cd8f6f5.binning_data.json,2025-05-01 11:23:54.553,2025-05-01 11:23:54.553,com.sec.android.app.shealth,-2,5972,1.2416164,4440.79,226.94,VfS0qUERdZ,com.sec.android.app.shealth,f08748d3-95e0-4a10-86a2-fe7a6cd8f6f5,1725494400000,
9163954a-1410-4c48-872c-9125f4d33a59.binning_data.json,2025-05-01 11:23:54.553,2025-05-01 11:23:54.553,com.sec.android.app.shealth,-2,17791,1.3379261,13470.77,663.64,VfS0qUERdZ,com.sec.android.app.shealth,9163954a-1410-4c48-872c-9125f4d33a59,1725580800000,
2878c79e-200e-4a85-9d33-19a6e71fa287.binning_data.json,2025-05-01 11:23:54.553,2025-05-01 11:23:54.553,com.sec.android.app.shealth,-2,3135,1.3542659,2415.48,124.47,VfS0qUERdZ,com.sec.android.app.shealth,2878c79e-200e-4a85-9d33-19a6e71fa287,1725667200000,
482ac7f5-41f8-444b-943a-ba958540a81a.binning_data.json,2025-05-01 11:23:54.553,2025-05-01 11:23:54.553,com.sec.android.app.shealth,-2,4724,1.2137069,3530.6,179.92,VfS0qUERdZ,com.sec.android.app.shealth,482ac7f5-41f8-444b-943a-ba958540a81a,1725753600000,
d38bf80c-18ac-4a5c-a9ca-3f46ab14ac13.binning_data.json,2025-05-01 11:23:54.554,2025-05-01 11:23:54.554,com.sec.android.app.shealth,-2,15461,1.2859342,11538.359,606.38995,VfS0qUERdZ,com.sec.android.app.shealth,d38bf80c-18ac-4a5c-a9ca-3f46ab14ac13,1725840000000,
b120445e-f8ab-427f-8ddf-29638553fe47.binning_data.json,2025-05-01 11:23:54.554,2025-05-01 11:23:54.554,com.sec.android.app.shealth,-2,11068,1.3196719,8324.75,421.45996,VfS0qUERdZ,com.sec.android.app.shealth,b120445e-f8ab-427f-8ddf-29638553fe47,1725926400000,
bebffea0-d388-4137-9203-a18cd4d3c6ac.binning_data.json,2025-05-01 11:23:54.554,2025-05-01 11:23:54.554,com.sec.android.app.shealth,-2,6116,1.3371187,4633.9,234.37,VfS0qUERdZ,com.sec.android.app.shealth,bebffea0-d388-4137-9203-a18cd4d3c6ac,1726012800000,
0c68ef9c-1305-4147-825e-f89b86ce3938.binning_data.json,2025-05-01 11:23:54.554,2025-05-01 11:23:54.554,com.sec.android.app.shealth,-2,17592,1.1942397,12970.44,695.41986,VfS0qUERdZ,com.sec.android.app.shealth,0c68ef9c-1305-4147-825e-f89b86ce3938,1726099200000,
159e5d60-dcf2-467d-be3c-2e9b8e3714c9.binning_data.json,2025-05-01 11:23:54.554,2025-05-01 11:23:54.554,com.sec.android.app.shealth,-2,6436,1.393711,4924.29,233.1,VfS0qUERdZ,com.sec.android.app.shealth,159e5d60-dcf2-467d-be3c-2e9b8e3714c9,1726185600000,
063dd49c-c961-4429-b1c0-0351eff48588.binning_data.json,2025-05-01 11:23:54.554,2025-05-01 11:23:54.554,com.sec.android.app.shealth,-2,5973,1.279663,4468.67,232.12997,VfS0qUERdZ,com.sec.android.app.shealth,063dd49c-c961-4429-b1c0-0351eff48588,1726272000000,
f00d8897-e00e-4cbb-a50d-31d4ceb0e0c8.binning_data.json,2025-05-01 11:23:54.554,2025-05-01 11:23:54.554,com.sec.android.app.shealth,-2,5768,1.209743,4280.65,224.65997,VfS0qUERdZ,com.sec.android.app.shealth,f00d8897-e00e-4cbb-a50d-31d4ceb0e0c8,1726358400000,
00a2fb23-18f8-4f2e-9a75-9f276f60497e.binning_data.json,2025-05-01 11:23:54.554,2025-05-01 11:23:54.554,com.sec.android.app.shealth,-2,20111,1.2558641,14958.221,788.9399,VfS0qUERdZ,com.sec.android.app.shealth,00a2fb23-18f8-4f2e-9a75-9f276f60497e,1726444800000,
4d12dff7-3015-4f96-adb2-f10755fbbed4.binning_data.json,2025-05-01 11:23:54.554,2025-05-01 11:23:54.554,com.sec.android.app.shealth,-2,25335,1.3571184,19266.03,956.55994,VfS0qUERdZ,com.sec.android.app.shealth,4d12dff7-3015-4f96-adb2-f10755fbbed4,1726531200000,
114c5617-a232-4686-a2f5-3941d9172239.binning_data.json,2025-05-01 11:23:54.554,2025-05-01 11:23:54.554,com.sec.android.app.shealth,-2,10648,1.218698,7883.3306,418.55988,VfS0qUERdZ,com.sec.android.app.shealth,114c5617-a232-4686-a2f5-3941d9172239,1726617600000,
9d254e6d-05f0-4dba-8a07-7e3575898502.binning_data.json,2025-05-01 11:23:54.554,2025-05-01 11:23:54.554,com.sec.android.app.shealth,-2,19146,1.2632065,14292.19,743.4399,VfS0qUERdZ,com.sec.android.app.shealth,9d254e6d-05f0-4dba-8a07-7e3575898502,1726704000000,
dfdb2ae2-0652-4f98-be7d-82949ef1cac2.binning_data.json,2025-05-01 11:23:54.554,2025-05-01 11:23:54.554,com.sec.android.app.shealth,-2,30232,1.2737467,22574.271,1176.8997,VfS0qUERdZ,com.sec.android.app.shealth,dfdb2ae2-0652-4f98-be7d-82949ef1cac2,1726790400000,
3388cd47-9698-466b-be1a-0e1b4741df94.binning_data.json,2025-05-01 11:23:54.554,2025-05-01 11:23:54.554,com.sec.android.app.shealth,-2,16865,1.2512742,12507.72,668.6099,VfS0qUERdZ,com.sec.android.app.shealth,3388cd47-9698-466b-be1a-0e1b4741df94,1726876800000,
35ca2e07-1aeb-4aa9-a932-1fd006055984.binning_data.json,2025-05-01 11:23:54.554,2025-05-01 11:23:54.554,com.sec.android.app.shealth,-2,2294,1.1663086,1692.36,85.97,VfS0qUERdZ,com.sec.android.app.shealth,35ca2e07-1aeb-4aa9-a932-1fd006055984,1726963200000,
140470b4-6589-4651-86dc-dd45c4432eba.binning_data.json,2025-05-01 11:23:54.554,2025-05-01 11:23:54.554,com.sec.android.app.shealth,-2,22379,1.2616767,16661.74,876.09985,VfS0qUERdZ,com.sec.android.app.shealth,140470b4-6589-4651-86dc-dd45c4432eba,1727049600000,
51dbb654-7e82-4691-aca4-7b05cd519214.binning_data.json,2025-05-01 11:23:54.554,2025-05-01 11:23:54.554,com.sec.android.app.shealth,-2,18256,1.2532405,13562.62,719.5098,VfS0qUERdZ,com.sec.android.app.shealth,51dbb654-7e82-4691-aca4-7b05cd519214,1727136000000,
3c08f4da-e091-4f90-91d6-64faf77bf39a.binning_data.json,2025-05-01 11:23:54.554,2025-05-01 11:23:54.554,com.sec.android.app.shealth,-2,12744,1.2221956,9422.91,501.04996,VfS0qUERdZ,com.sec.android.app.shealth,3c08f4da-e091-4f90-91d6-64faf77bf39a,1727222400000,
0b5e610d-58b1-41c0-bb98-b309e79df5ae.binning_data.json,2025-05-01 11:23:54.554,2025-05-01 11:23:54.554,com.sec.android.app.shealth,-2,16729,1.2598819,12473.391,651.5999,VfS0qUERdZ,com.sec.android.app.shealth,0b5e610d-58b1-41c0-bb98-b309e79df5ae,1727308800000,
29e080f5-dcb6-4f61-8913-68be2f53db2c.binning_data.json,2025-05-01 11:23:54.554,2025-05-01 11:23:54.554,com.sec.android.app.shealth,-2,24954,1.2652909,18579.06,983.98975,VfS0qUERdZ,com.sec.android.app.shealth,29e080f5-dcb6-4f61-8913-68be2f53db2c,1727395200000,
63772b2d-2b99-41ec-91f9-c997f0bd69ff.binning_data.json,2025-05-01 11:23:54.554,2025-05-01 11:23:54.554,com.sec.android.app.shealth,-2,3333,1.2444713,2492.38,124.4,VfS0qUERdZ,com.sec.android.app.shealth,63772b2d-2b99-41ec-91f9-c997f0bd69ff,1727481600000,
ff3cc1da-1a16-4bcf-9ec7-11afa09f0d71.binning_data.json,2025-05-01 11:23:54.554,2025-05-01 11:23:54.554,com.sec.android.app.shealth,-2,1423,1.2558565,1064.63,50.95,VfS0qUERdZ,com.sec.android.app.shealth,ff3cc1da-1a16-4bcf-9ec7-11afa09f0d71,1727568000000,
eb1e91f3-bfb1-40c8-8829-bc4ee700286b.binning_data.json,2025-05-01 11:23:54.555,2025-05-01 11:23:54.555,com.sec.android.app.shealth,-2,12449,1.2231567,9204.86,486.31992,VfS0qUERdZ,com.sec.android.app.shealth,eb1e91f3-bfb1-40c8-8829-bc4ee700286b,1727654400000,
3b64e4a6-925a-424a-871d-0c4920219522.binning_data.json,2025-05-01 11:23:54.555,2025-05-01 11:23:54.555,com.sec.android.app.shealth,-2,20498,1.2619262,15261.591,804.1999,VfS0qUERdZ,com.sec.android.app.shealth,3b64e4a6-925a-424a-871d-0c4920219522,1727740800000,
5b96cf3d-d1ed-4c0c-867b-bdca65ea36fd.binning_data.json,2025-05-01 11:23:54.555,2025-05-01 11:23:54.555,com.sec.android.app.shealth,-2,10487,1.2608131,7811.0605,409.84995,VfS0qUERdZ,com.sec.android.app.shealth,5b96cf3d-d1ed-4c0c-867b-bdca65ea36fd,1727827200000,
8ce9dddb-1798-4f7a-99f2-c120d5f5707d.binning_data.json,2025-05-01 11:23:54.555,2025-05-01 11:23:54.555,com.sec.android.app.shealth,-2,20656,1.2874185,15460.5205,804.74976,VfS0qUERdZ,com.sec.android.app.shealth,8ce9dddb-1798-4f7a-99f2-c120d5f5707d,1727913600000,
6c177e15-2c80-45ea-8846-a8cc7b15c668.binning_data.json,2025-05-01 11:23:54.555,2025-05-01 11:23:54.555,com.sec.android.app.shealth,-2,9631,1.2776359,7194.1104,371.02988,VfS0qUERdZ,com.sec.android.app.shealth,6c177e15-2c80-45ea-8846-a8cc7b15c668,1728000000000,
ad988b17-9b4e-4f56-a723-0a6bb5e62970.binning_data.json,2025-05-01 11:23:54.555,2025-05-01 11:23:54.555,com.sec.android.app.shealth,-2,843,1.2710717,635.76,30.800001,VfS0qUERdZ,com.sec.android.app.shealth,ad988b17-9b4e-4f56-a723-0a6bb5e62970,1728086400000,
145f94c6-b4a2-4385-acc0-bf0aae621b43.binning_data.json,2025-05-01 11:23:54.555,2025-05-01 11:23:54.555,com.sec.android.app.shealth,-2,4573,1.2350358,3402.8103,174.55997,VfS0qUERdZ,com.sec.android.app.shealth,145f94c6-b4a2-4385-acc0-bf0aae621b43,1728172800000,
122a56d7-c5ab-4148-8ae0-83cad09391aa.binning_data.json,2025-05-01 11:23:54.555,2025-05-01 11:23:54.555,com.sec.android.app.shealth,-2,18524,1.2574699,13803.88,719.3099,VfS0qUERdZ,com.sec.android.app.shealth,122a56d7-c5ab-4148-8ae0-83cad09391aa,1728259200000,
e3494e98-ef3b-4315-80be-a2c146a6d700.binning_data.json,2025-05-01 11:23:54.555,2025-05-01 11:23:54.555,com.sec.android.app.shealth,-2,18416,1.2962732,13785.43,724.6998,VfS0qUERdZ,com.sec.android.app.shealth,e3494e98-ef3b-4315-80be-a2c146a6d700,1728345600000,
f024579a-04cb-436e-aeba-e146c6990d3e.binning_data.json,2025-05-01 11:23:54.555,2025-05-01 11:23:54.555,com.sec.android.app.shealth,-2,8392,1.2195783,6206.6006,328.75995,VfS0qUERdZ,com.sec.android.app.shealth,f024579a-04cb-436e-aeba-e146c6990d3e,1728432000000,
2ac41a8e-383e-4551-9210-fd46fe32cce5.binning_data.json,2025-05-01 11:23:54.555,2025-05-01 11:23:54.555,com.sec.android.app.shealth,-2,14781,1.2767564,11058.201,569.97986,VfS0qUERdZ,com.sec.android.app.shealth,2ac41a8e-383e-4551-9210-fd46fe32cce5,1728518400000,
e08eb161-b57a-4ac6-8f3b-9b31d222bf37.binning_data.json,2025-05-01 11:23:54.555,2025-05-01 11:23:54.555,com.sec.android.app.shealth,-2,10900,1.2982503,8212.61,428.46994,VfS0qUERdZ,com.sec.android.app.shealth,e08eb161-b57a-4ac6-8f3b-9b31d222bf37,1728604800000,
839b2a6b-28b4-4944-a58b-7ce0b6076c83.binning_data.json,2025-05-01 11:23:54.555,2025-05-01 11:23:54.555,com.sec.android.app.shealth,-2,6607,1.2142395,4886.7407,257.71994,VfS0qUERdZ,com.sec.android.app.shealth,839b2a6b-28b4-4944-a58b-7ce0b6076c83,1728691200000,
2b6fe74f-e053-4b7a-8311-85ddb0fe5dcc.binning_data.json,2025-05-01 11:23:54.555,2025-05-01 11:23:54.555,com.sec.android.app.shealth,-2,2127,1.2063582,1581.94,78.27,VfS0qUERdZ,com.sec.android.app.shealth,2b6fe74f-e053-4b7a-8311-85ddb0fe5dcc,1728777600000,
aba90a2b-3412-444b-8993-d0abd9f998bd.binning_data.json,2025-05-01 11:23:54.555,2025-05-01 11:23:54.555,com.sec.android.app.shealth,-2,13145,1.2412003,9837.82,522.68994,VfS0qUERdZ,com.sec.android.app.shealth,aba90a2b-3412-444b-8993-d0abd9f998bd,1728864000000,
66b93b82-3c49-4faf-b4bb-7945f446e21a.binning_data.json,2025-05-01 11:23:54.555,2025-05-01 11:23:54.555,com.sec.android.app.shealth,-2,14412,1.2605126,10728.081,563.95984,VfS0qUERdZ,com.sec.android.app.shealth,66b93b82-3c49-4faf-b4bb-7945f446e21a,1728950400000,
2f301002-7cc4-46b0-b355-993f92cca349.binning_data.json,2025-05-01 11:23:54.555,2025-05-01 11:23:54.555,com.sec.android.app.shealth,-2,14910,1.2726097,11111.58,581.0799,VfS0qUERdZ,com.sec.android.app.shealth,2f301002-7cc4-46b0-b355-993f92cca349,1729036800000,
afa54c40-ebad-4799-88f7-3c02fc2dea97.binning_data.json,2025-05-01 11:23:54.555,2025-05-01 11:23:54.555,com.sec.android.app.shealth,-2,14110,1.3258442,10670.83,535.9599,VfS0qUERdZ,com.sec.android.app.shealth,afa54c40-ebad-4799-88f7-3c02fc2dea97,1729123200000,
0ae090af-81a5-4ab1-a4c8-c6cb03e8c969.binning_data.json,2025-05-01 11:23:54.555,2025-05-01 11:23:54.555,com.sec.android.app.shealth,-2,14541,1.225553,10760.642,568.9998,VfS0qUERdZ,com.sec.android.app.shealth,0ae090af-81a5-4ab1-a4c8-c6cb03e8c969,1729209600000,
fde78fae-bcbd-4471-970b-f1e47c90eec5.binning_data.json,2025-05-01 11:23:54.555,2025-05-01 11:23:54.555,com.sec.android.app.shealth,-2,584,1.1957633,431.89,21.15,VfS0qUERdZ,com.sec.android.app.shealth,fde78fae-bcbd-4471-970b-f1e47c90eec5,1729296000000,
386af64c-ab33-4d15-bc68-1965f8f4c8ec.binning_data.json,2025-05-01 11:23:54.555,2025-05-01 11:23:54.555,com.sec.android.app.shealth,-2,1637,1.1954125,1211.51,59.6,VfS0qUERdZ,com.sec.android.app.shealth,386af64c-ab33-4d15-bc68-1965f8f4c8ec,1729382400000,
624f7c9f-0577-4ce8-9bf3-50c481dc1028.binning_data.json,2025-05-01 11:23:54.555,2025-05-01 11:23:54.555,com.sec.android.app.shealth,-2,12977,1.2943175,9732.101,500.9899,VfS0qUERdZ,com.sec.android.app.shealth,624f7c9f-0577-4ce8-9bf3-50c481dc1028,1729468800000,
3320ad70-fbb6-4031-a507-ec6ad26d5f55.binning_data.json,2025-05-01 11:23:54.556,2025-05-01 11:23:54.556,com.sec.android.app.shealth,-2,6674,1.3016179,5003.49,257.89993,VfS0qUERdZ,com.sec.android.app.shealth,3320ad70-fbb6-4031-a507-ec6ad26d5f55,1729555200000,
49dc4989-ac64-42c0-adad-5a6e520bfa11.binning_data.json,2025-05-01 11:23:54.556,2025-05-01 11:23:54.556,com.sec.android.app.shealth,-2,20097,1.3037187,15080.91,788.84985,VfS0qUERdZ,com.sec.android.app.shealth,49dc4989-ac64-42c0-adad-5a6e520bfa11,1729641600000,
ee9f20d3-63c1-447b-9510-d48b10aa539b.binning_data.json,2025-05-01 11:23:54.556,2025-05-01 11:23:54.556,com.sec.android.app.shealth,-2,12691,1.3241147,9554.7,495.14987,VfS0qUERdZ,com.sec.android.app.shealth,ee9f20d3-63c1-447b-9510-d48b10aa539b,1729728000000,
ee616953-63e8-49bf-84b5-a5447928d52f.binning_data.json,2025-05-01 11:23:54.556,2025-05-01 11:23:54.556,com.sec.android.app.shealth,-2,7596,1.2369357,5644.1504,292.66992,VfS0qUERdZ,com.sec.android.app.shealth,ee616953-63e8-49bf-84b5-a5447928d52f,1729814400000,
c82f8c14-9052-4867-b4f1-61918b7b4f10.binning_data.json,2025-05-01 11:23:54.556,2025-05-01 11:23:54.556,com.sec.android.app.shealth,-2,4249,1.2479879,3170.03,160.62999,VfS0qUERdZ,com.sec.android.app.shealth,c82f8c14-9052-4867-b4f1-61918b7b4f10,1729900800000,
26fdd412-6084-4e84-b850-b22e7114e6dc.binning_data.json,2025-05-01 11:23:54.556,2025-05-01 11:23:54.556,com.sec.android.app.shealth,-2,7651,1.2213403,5678.48,295.34998,VfS0qUERdZ,com.sec.android.app.shealth,26fdd412-6084-4e84-b850-b22e7114e6dc,1729987200000,
8206ff64-73b7-4acf-9b88-35f52e6de9e7.binning_data.json,2025-05-01 11:23:54.556,2025-05-01 11:23:54.556,com.sec.android.app.shealth,-2,6591,1.2074751,4896.8,253.15999,VfS0qUERdZ,com.sec.android.app.shealth,8206ff64-73b7-4acf-9b88-35f52e6de9e7,1730073600000,
7de59d38-4f3e-429d-9d3a-e5f3fa8c4951.binning_data.json,2025-05-01 11:23:54.556,2025-05-01 11:23:54.556,com.sec.android.app.shealth,-2,20256,1.2277625,15022.78,791.68,VfS0qUERdZ,com.sec.android.app.shealth,7de59d38-4f3e-429d-9d3a-e5f3fa8c4951,1730160000000,
29f90528-fc5e-42dd-bdc5-848a7e68ae98.binning_data.json,2025-05-01 11:23:54.556,2025-05-01 11:23:54.556,com.sec.android.app.shealth,-2,9888,1.2365134,7333.21,385.90994,VfS0qUERdZ,com.sec.android.app.shealth,29f90528-fc5e-42dd-bdc5-848a7e68ae98,1730246400000,
148fc575-e7bd-4ff6-924e-7590d0d1da46.binning_data.json,2025-05-01 11:23:54.556,2025-05-01 11:23:54.556,com.sec.android.app.shealth,-2,11773,1.3086913,8810.19,460.39996,VfS0qUERdZ,com.sec.android.app.shealth,148fc575-e7bd-4ff6-924e-7590d0d1da46,1730332800000,
0a07f5a8-5d39-44d5-b4a0-85bb2590966c.binning_data.json,2025-05-01 11:23:54.556,2025-05-01 11:23:54.556,com.sec.android.app.shealth,-2,16741,1.2111411,12354.601,658.19,VfS0qUERdZ,com.sec.android.app.shealth,0a07f5a8-5d39-44d5-b4a0-85bb2590966c,1730419200000,
be337e7b-38b2-457c-891f-83b6f04b8bef.binning_data.json,2025-05-01 11:23:54.556,2025-05-01 11:23:54.556,com.sec.android.app.shealth,-2,3355,1.2518176,2505.69,129.68,VfS0qUERdZ,com.sec.android.app.shealth,be337e7b-38b2-457c-891f-83b6f04b8bef,1730505600000,
f50cbe88-6aeb-4fff-b13c-2ac10ddfe86e.binning_data.json,2025-05-01 11:23:54.556,2025-05-01 11:23:54.556,com.sec.android.app.shealth,-2,1420,1.2320852,1055.63,51.96,VfS0qUERdZ,com.sec.android.app.shealth,f50cbe88-6aeb-4fff-b13c-2ac10ddfe86e,1730592000000,
639e3507-7668-45c0-8608-6ac3aee120a6.binning_data.json,2025-05-01 11:23:54.556,2025-05-01 11:23:54.556,com.sec.android.app.shealth,-2,13654,1.2449596,10121.561,538.5298,VfS0qUERdZ,com.sec.android.app.shealth,639e3507-7668-45c0-8608-6ac3aee120a6,1730678400000,
e039ba58-c265-4626-a3d3-5379218f4d6d.binning_data.json,2025-05-01 11:23:54.556,2025-05-01 11:23:54.556,com.sec.android.app.shealth,-2,14796,1.2708557,11026.83,583.13983,VfS0qUERdZ,com.sec.android.app.shealth,e039ba58-c265-4626-a3d3-5379218f4d6d,1730764800000,
673c044e-7310-472a-9faa-e7e6e1d775ce.binning_data.json,2025-05-01 11:23:54.556,2025-05-01 11:23:54.556,com.sec.android.app.shealth,-2,10383,1.247618,7716.96,406.15994,VfS0qUERdZ,com.sec.android.app.shealth,673c044e-7310-472a-9faa-e7e6e1d775ce,1730851200000,
9d0f3f95-adb3-4e57-a688-4a72be2b9ad1.binning_data.json,2025-05-01 11:23:54.556,2025-05-01 11:23:54.556,com.sec.android.app.shealth,-2,17811,1.2720454,13356.54,703.8799,VfS0qUERdZ,com.sec.android.app.shealth,9d0f3f95-adb3-4e57-a688-4a72be2b9ad1,1730937600000,
54952b2c-e46c-4ba7-b50f-95376b70a0c0.binning_data.json,2025-05-01 11:23:54.556,2025-05-01 11:23:54.556,com.sec.android.app.shealth,-2,13540,1.3011317,10180.17,525.6599,VfS0qUERdZ,com.sec.android.app.shealth,54952b2c-e46c-4ba7-b50f-95376b70a0c0,1731024000000,
aaa57531-a50e-4fa4-8184-fe1f0958f0a0.binning_data.json,2025-05-01 11:23:54.556,2025-05-01 11:23:54.556,com.sec.android.app.shealth,-2,943,1.2257003,703.15,34.239998,VfS0qUERdZ,com.sec.android.app.shealth,aaa57531-a50e-4fa4-8184-fe1f0958f0a0,1731110400000,
163866c8-7553-476e-bdad-91af93f9f105.binning_data.json,2025-05-01 11:23:54.556,2025-05-01 11:23:54.556,com.sec.android.app.shealth,-2,2714,1.2022548,2012.22,101.39,VfS0qUERdZ,com.sec.android.app.shealth,163866c8-7553-476e-bdad-91af93f9f105,1731196800000,
b5fbca56-64ec-4e8b-a590-1fd17dec86dc.binning_data.json,2025-05-01 11:23:54.557,2025-05-01 11:23:54.557,com.sec.android.app.shealth,-2,8360,1.2866194,6243.8003,325.50992,VfS0qUERdZ,com.sec.android.app.shealth,b5fbca56-64ec-4e8b-a590-1fd17dec86dc,1731283200000,
5f6e1916-29b8-4556-b8e9-48b13f9a90ca.binning_data.json,2025-05-01 11:23:54.557,2025-05-01 11:23:54.557,com.sec.android.app.shealth,-2,8479,1.2619356,6302.2905,332.66995,VfS0qUERdZ,com.sec.android.app.shealth,5f6e1916-29b8-4556-b8e9-48b13f9a90ca,1731369600000,
fb7f1b23-cff0-442b-8dc4-f103d68a028c.binning_data.json,2025-05-01 11:23:54.557,2025-05-01 11:23:54.557,com.sec.android.app.shealth,-2,15745,1.2714195,11714.751,621.2598,VfS0qUERdZ,com.sec.android.app.shealth,fb7f1b23-cff0-442b-8dc4-f103d68a028c,1731456000000,
e9602676-78a3-4c09-9b8f-0d2772fa6479.binning_data.json,2025-05-01 11:23:54.557,2025-05-01 11:23:54.557,com.sec.android.app.shealth,-2,9330,1.2714069,6949.2705,369.5999,VfS0qUERdZ,com.sec.android.app.shealth,e9602676-78a3-4c09-9b8f-0d2772fa6479,1731542400000,
5d616fd4-7cdc-4051-901f-2242e9e67879.binning_data.json,2025-05-01 11:23:54.557,2025-05-01 11:23:54.557,com.sec.android.app.shealth,-2,19668,1.2695922,14655.512,775.04974,VfS0qUERdZ,com.sec.android.app.shealth,5d616fd4-7cdc-4051-901f-2242e9e67879,1731628800000,
77d769fb-9bec-422b-9354-2db67a7246e2.binning_data.json,2025-05-01 11:23:54.557,2025-05-01 11:23:54.557,com.sec.android.app.shealth,-2,368,1.2000189,271.03998,13.179999,VfS0qUERdZ,com.sec.android.app.shealth,77d769fb-9bec-422b-9354-2db67a7246e2,1731715200000,
5c65dd2e-47c7-4504-b5d6-ea869acc5537.binning_data.json,2025-05-01 11:23:54.557,2025-05-01 11:23:54.557,com.sec.android.app.shealth,-2,3866,1.1822126,2854.6,147.59999,VfS0qUERdZ,com.sec.android.app.shealth,5c65dd2e-47c7-4504-b5d6-ea869acc5537,1731801600000,
df5c8cf2-bd47-492b-8c4a-eb6720a080ee.binning_data.json,2025-05-01 11:23:54.557,2025-05-01 11:23:54.557,com.sec.android.app.shealth,-2,7748,1.2477596,5771.2505,302.2499,VfS0qUERdZ,com.sec.android.app.shealth,df5c8cf2-bd47-492b-8c4a-eb6720a080ee,1731888000000,
832b3b4c-7eba-4a50-8cf0-ba35b441564c.binning_data.json,2025-05-01 11:23:54.557,2025-05-01 11:23:54.557,com.sec.android.app.shealth,-2,6584,1.2386817,4882.6104,257.88995,VfS0qUERdZ,com.sec.android.app.shealth,832b3b4c-7eba-4a50-8cf0-ba35b441564c,1731974400000,
371dc99a-3170-4bcf-9305-f7f314633bdc.binning_data.json,2025-05-01 11:23:54.557,2025-05-01 11:23:54.557,com.sec.android.app.shealth,-2,16671,1.2314807,12333.57,658.8198,VfS0qUERdZ,com.sec.android.app.shealth,371dc99a-3170-4bcf-9305-f7f314633bdc,1732060800000,
2acd8ca3-db0b-450d-8cb9-14470d61ba29.binning_data.json,2025-05-01 11:23:54.557,2025-05-01 11:23:54.557,com.sec.android.app.shealth,-2,14402,1.2451154,10712.131,567.5199,VfS0qUERdZ,com.sec.android.app.shealth,2acd8ca3-db0b-450d-8cb9-14470d61ba29,1732147200000,
8037272b-da0e-491e-84de-b385ac6d4819.binning_data.json,2025-05-01 11:23:54.557,2025-05-01 11:23:54.557,com.sec.android.app.shealth,-2,6170,1.2383728,4577.2905,239.48991,VfS0qUERdZ,com.sec.android.app.shealth,8037272b-da0e-491e-84de-b385ac6d4819,1732233600000,
3b9b04ac-4a85-46b2-92d1-5088bde2ea76.binning_data.json,2025-05-01 11:23:54.557,2025-05-01 11:23:54.557,com.sec.android.app.shealth,-2,726,1.3255613,556.92,27.1,VfS0qUERdZ,com.sec.android.app.shealth,3b9b04ac-4a85-46b2-92d1-5088bde2ea76,1732320000000,
2a2e33d7-7d32-46c8-a463-dc1fd3a599cd.binning_data.json,2025-05-01 11:23:54.557,2025-05-01 11:23:54.557,com.sec.android.app.shealth,-2,3499,1.2332226,2602.38,131.56,VfS0qUERdZ,com.sec.android.app.shealth,2a2e33d7-7d32-46c8-a463-dc1fd3a599cd,1732406400000,
38366272-e75e-4d52-8116-f422ebae8224.binning_data.json,2025-05-01 11:23:54.557,2025-05-01 11:23:54.557,com.sec.android.app.shealth,-2,12439,1.2632898,9274.66,480.96985,VfS0qUERdZ,com.sec.android.app.shealth,38366272-e75e-4d52-8116-f422ebae8224,1732492800000,
0bc93053-cc5e-47c7-840a-527d54b2aac8.binning_data.json,2025-05-01 11:23:54.557,2025-05-01 11:23:54.557,com.sec.android.app.shealth,-2,5906,1.2720443,4409.4507,230.11995,VfS0qUERdZ,com.sec.android.app.shealth,0bc93053-cc5e-47c7-840a-527d54b2aac8,1732579200000,
ee0f4ed7-8198-4e04-91fc-1b1376706e0d.binning_data.json,2025-05-01 11:23:54.557,2025-05-01 11:23:54.557,com.sec.android.app.shealth,-2,9213,1.2614853,6844.4604,363.0199,VfS0qUERdZ,com.sec.android.app.shealth,ee0f4ed7-8198-4e04-91fc-1b1376706e0d,1732665600000,
2f32cbc3-adc4-43b9-899d-769280799d38.binning_data.json,2025-05-01 11:23:54.557,2025-05-01 11:23:54.557,com.sec.android.app.shealth,-2,12704,1.2843361,9487.87,495.9299,VfS0qUERdZ,com.sec.android.app.shealth,2f32cbc3-adc4-43b9-899d-769280799d38,1732752000000,
cd976038-5662-4734-97f8-ee94a4a69725.binning_data.json,2025-05-01 11:23:54.557,2025-05-01 11:23:54.557,com.sec.android.app.shealth,-2,8750,1.3082652,6552.2803,342.0999,VfS0qUERdZ,com.sec.android.app.shealth,cd976038-5662-4734-97f8-ee94a4a69725,1732838400000,
5af0a98c-648a-4f85-924e-72744aac4c0a.binning_data.json,2025-05-01 11:23:54.557,2025-05-01 11:23:54.557,com.sec.android.app.shealth,-2,1043,1.2128053,773.77,38.04,VfS0qUERdZ,com.sec.android.app.shealth,5af0a98c-648a-4f85-924e-72744aac4c0a,1732924800000,
49fcfcf8-835f-492f-a218-21698f6f3fa5.binning_data.json,2025-05-01 11:23:54.558,2025-05-01 11:23:54.558,com.sec.android.app.shealth,-2,1373,1.211903,1022.51,50.66,VfS0qUERdZ,com.sec.android.app.shealth,49fcfcf8-835f-492f-a218-21698f6f3fa5,1733011200000,
fc053027-d5e2-4972-93e5-7278ed06bbdf.binning_data.json,2025-05-01 11:23:54.558,2025-05-01 11:23:54.558,com.sec.android.app.shealth,-2,8459,1.2466556,6273.0703,331.6499,VfS0qUERdZ,com.sec.android.app.shealth,fc053027-d5e2-4972-93e5-7278ed06bbdf,1733097600000,
fdadee0b-e0ef-481c-85c4-1a2690a84ad0.binning_data.json,2025-05-01 11:23:54.558,2025-05-01 11:23:54.558,com.sec.android.app.shealth,-2,8153,1.244805,6064.611,319.40988,VfS0qUERdZ,com.sec.android.app.shealth,fdadee0b-e0ef-481c-85c4-1a2690a84ad0,1733184000000,
7995bb2d-5538-4405-b8f0-78d3b79958b7.binning_data.json,2025-05-01 11:23:54.558,2025-05-01 11:23:54.558,com.sec.android.app.shealth,-2,10554,1.3061928,7937.41,414.67993,VfS0qUERdZ,com.sec.android.app.shealth,7995bb2d-5538-4405-b8f0-78d3b79958b7,1733270400000,
6e58779b-4551-4fee-97e2-8c039f82851b.binning_data.json,2025-05-01 11:23:54.558,2025-05-01 11:23:54.558,com.sec.android.app.shealth,-2,6321,1.3112527,4760.9004,238.03998,VfS0qUERdZ,com.sec.android.app.shealth,6e58779b-4551-4fee-97e2-8c039f82851b,1733356800000,
3d0e8003-1193-435a-951e-e50477f9dada.binning_data.json,2025-05-01 11:23:54.558,2025-05-01 11:23:54.558,com.sec.android.app.shealth,-2,11061,1.3333467,8393.79,415.28995,VfS0qUERdZ,com.sec.android.app.shealth,3d0e8003-1193-435a-951e-e50477f9dada,1733443200000,
76489d9a-54d1-4e5d-b22a-1778d1621a5d.binning_data.json,2025-05-01 11:23:54.558,2025-05-01 11:23:54.558,com.sec.android.app.shealth,-2,2757,1.2644217,2065.94,100.36,VfS0qUERdZ,com.sec.android.app.shealth,76489d9a-54d1-4e5d-b22a-1778d1621a5d,1733529600000,
9e4d99f7-7232-4bb1-a6c0-a096954f67cf.binning_data.json,2025-05-01 11:23:54.558,2025-05-01 11:23:54.558,com.sec.android.app.shealth,-2,2133,1.1769133,1574.8,80.03,VfS0qUERdZ,com.sec.android.app.shealth,9e4d99f7-7232-4bb1-a6c0-a096954f67cf,1733616000000,
bf0973aa-d3a0-445f-9274-2d97ef1c137a.binning_data.json,2025-05-01 11:23:54.558,2025-05-01 11:23:54.558,com.sec.android.app.shealth,-2,564,1.204824,419.41,20.34,VfS0qUERdZ,com.sec.android.app.shealth,bf0973aa-d3a0-445f-9274-2d97ef1c137a,1733702400000,
a14434b3-7fb2-4753-892f-1f338431ff00.binning_data.json,2025-05-01 11:23:54.558,2025-05-01 11:23:54.558,com.sec.android.app.shealth,-2,5680,1.3276417,4266.11,219.65,VfS0qUERdZ,com.sec.android.app.shealth,a14434b3-7fb2-4753-892f-1f338431ff00,1733788800000,
d822a9f8-6f8a-48e3-b740-b7557fc652ee.binning_data.json,2025-05-01 11:23:54.558,2025-05-01 11:23:54.558,com.sec.android.app.shealth,-2,8823,1.3483373,6689.52,341.12,VfS0qUERdZ,com.sec.android.app.shealth,d822a9f8-6f8a-48e3-b740-b7557fc652ee,1733875200000,
50d2499b-94a0-49a0-bb93-6e8b43edd7fd.binning_data.json,2025-05-01 11:23:54.558,2025-05-01 11:23:54.558,com.sec.android.app.shealth,-2,4694,1.3481675,3575.76,182.92998,VfS0qUERdZ,com.sec.android.app.shealth,50d2499b-94a0-49a0-bb93-6e8b43edd7fd,1733961600000,
cf2a0184-6f6c-4008-a9ec-44d85b0fe9aa.binning_data.json,2025-05-01 11:23:54.558,2025-05-01 11:23:54.558,com.sec.android.app.shealth,-2,4377,1.3435885,3327.04,163.71997,VfS0qUERdZ,com.sec.android.app.shealth,cf2a0184-6f6c-4008-a9ec-44d85b0fe9aa,1734048000000,
4febe4f2-676e-4e62-a646-14e1b308b00f.binning_data.json,2025-05-01 11:23:54.558,2025-05-01 11:23:54.558,com.sec.android.app.shealth,-2,8376,1.3464099,6383.31,332.34998,VfS0qUERdZ,com.sec.android.app.shealth,4febe4f2-676e-4e62-a646-14e1b308b00f,1734134400000,
aadf749a-3afe-421a-8a17-f1050420f170.binning_data.json,2025-05-01 11:23:54.558,2025-05-01 11:23:54.558,com.sec.android.app.shealth,-2,8510,1.2275149,6306.8203,331.06,VfS0qUERdZ,com.sec.android.app.shealth,aadf749a-3afe-421a-8a17-f1050420f170,1734220800000,
8cbdf0ce-e9ce-462a-8f7f-20aebb087d77.binning_data.json,2025-05-01 11:23:54.558,2025-05-01 11:23:54.558,com.sec.android.app.shealth,-2,10113,1.1742829,7441.18,394.41998,VfS0qUERdZ,com.sec.android.app.shealth,8cbdf0ce-e9ce-462a-8f7f-20aebb087d77,1734307200000,
a477c72c-c3e1-46ef-b188-09a16f7f2eba.binning_data.json,2025-05-01 11:23:54.558,2025-05-01 11:23:54.558,com.sec.android.app.shealth,-2,938,1.2799075,706.12,34.34,VfS0qUERdZ,com.sec.android.app.shealth,a477c72c-c3e1-46ef-b188-09a16f7f2eba,1734393600000,
9c3c8ee6-7733-4b3a-91e1-86b90ff47edc.binning_data.json,2025-05-01 11:23:54.558,2025-05-01 11:23:54.558,com.sec.android.app.shealth,-2,8072,1.2337844,5978.38,316.97,VfS0qUERdZ,com.sec.android.app.shealth,9c3c8ee6-7733-4b3a-91e1-86b90ff47edc,1734480000000,
bb9e7e54-257a-4c71-b6aa-78e218a9b6d6.binning_data.json,2025-05-01 11:23:54.558,2025-05-01 11:23:54.558,com.sec.android.app.shealth,-2,12241,1.2408998,9100.66,478.4299,VfS0qUERdZ,com.sec.android.app.shealth,bb9e7e54-257a-4c71-b6aa-78e218a9b6d6,1734566400000,
67f9f60b-4cb3-4264-8bad-63e4ff0f4395.binning_data.json,2025-05-01 11:23:54.558,2025-05-01 11:23:54.558,com.sec.android.app.shealth,-2,8640,1.2243387,6394.58,337.56,VfS0qUERdZ,com.sec.android.app.shealth,67f9f60b-4cb3-4264-8bad-63e4ff0f4395,1734652800000,
b08736e8-825f-4c9d-b4d8-1d680f5af070.binning_data.json,2025-05-01 11:23:54.558,2025-05-01 11:23:54.558,com.sec.android.app.shealth,-2,10993,1.3047335,8235.76,425.75998,VfS0qUERdZ,com.sec.android.app.shealth,b08736e8-825f-4c9d-b4d8-1d680f5af070,1734739200000,
9e32ea0f-6cbe-495f-a19b-544d06a2947b.binning_data.json,2025-05-01 11:23:54.558,2025-05-01 11:23:54.558,com.sec.android.app.shealth,-2,5503,1.2577055,4123.03,210.27998,VfS0qUERdZ,com.sec.android.app.shealth,9e32ea0f-6cbe-495f-a19b-544d06a2947b,1734825600000,
d9187958-bcdc-4015-a73e-311a493dba68.binning_data.json,2025-05-01 11:23:54.559,2025-05-01 11:23:54.559,com.sec.android.app.shealth,-2,14970,1.2988085,11278.1,583.64,VfS0qUERdZ,com.sec.android.app.shealth,d9187958-bcdc-4015-a73e-311a493dba68,1734912000000,
c7f82984-10a2-4b9a-8fa0-9ee1949e1a5a.binning_data.json,2025-05-01 11:23:54.559,2025-05-01 11:23:54.559,com.sec.android.app.shealth,-2,7091,1.2203401,5266.11,270.74,VfS0qUERdZ,com.sec.android.app.shealth,c7f82984-10a2-4b9a-8fa0-9ee1949e1a5a,1734998400000,
98d2494e-c5aa-4c15-aef9-7f0e569de11c.binning_data.json,2025-05-01 11:23:54.559,2025-05-01 11:23:54.559,com.sec.android.app.shealth,-2,2852,1.2293113,2129.15,104.509995,VfS0qUERdZ,com.sec.android.app.shealth,98d2494e-c5aa-4c15-aef9-7f0e569de11c,1735084800000,
1a9deeea-1adf-4412-a727-bd67282c688a.binning_data.json,2025-05-01 11:23:54.559,2025-05-01 11:23:54.559,com.sec.android.app.shealth,-2,2515,1.246764,1881.33,93.81,VfS0qUERdZ,com.sec.android.app.shealth,1a9deeea-1adf-4412-a727-bd67282c688a,1735171200000,
4b710c83-1313-4c52-bcd2-8fb2286e87b9.binning_data.json,2025-05-01 11:23:54.559,2025-05-01 11:23:54.559,com.sec.android.app.shealth,-2,6701,1.1513512,4923.22,258.33997,VfS0qUERdZ,com.sec.android.app.shealth,4b710c83-1313-4c52-bcd2-8fb2286e87b9,1735257600000,
cd7b5a10-5137-4d62-9406-7f4d68a9dcef.binning_data.json,2025-05-01 11:23:54.559,2025-05-01 11:23:54.559,com.sec.android.app.shealth,-2,11390,1.1835766,8406.47,437.68,VfS0qUERdZ,com.sec.android.app.shealth,cd7b5a10-5137-4d62-9406-7f4d68a9dcef,1735344000000,
90b6287d-cbd0-40e8-9aa0-b3e35d4d749c.binning_data.json,2025-05-01 11:23:54.559,2025-05-01 11:23:54.559,com.sec.android.app.shealth,-2,7557,1.2713733,5676.9897,289.3,VfS0qUERdZ,com.sec.android.app.shealth,90b6287d-cbd0-40e8-9aa0-b3e35d4d749c,1735430400000,
f512410d-1b2e-4130-96a6-7a65105c255b.binning_data.json,2025-05-01 11:23:54.559,2025-05-01 11:23:54.559,com.sec.android.app.shealth,-2,2101,1.2118702,1559.78,77.649994,VfS0qUERdZ,com.sec.android.app.shealth,f512410d-1b2e-4130-96a6-7a65105c255b,1735516800000,
aa7e0bdd-4944-4b5a-9762-02f4b086ee69.binning_data.json,2025-05-01 11:23:54.559,2025-05-01 11:23:54.559,com.sec.android.app.shealth,-2,3975,1.2190799,2960.37,150.95,VfS0qUERdZ,com.sec.android.app.shealth,aa7e0bdd-4944-4b5a-9762-02f4b086ee69,1735603200000,
b85dcf10-d888-4251-af1e-1c23461b041a.binning_data.json,2025-05-01 11:23:54.559,2025-05-01 11:23:54.559,com.sec.android.app.shealth,-2,2109,1.2480146,1570.83,77.47,VfS0qUERdZ,com.sec.android.app.shealth,b85dcf10-d888-4251-af1e-1c23461b041a,1735689600000,
48b86387-9489-4e3d-b303-383cf88360b7.binning_data.json,2025-05-01 11:23:54.559,2025-05-01 11:23:54.559,com.sec.android.app.shealth,-2,3767,1.173634,2781.97,143.24,VfS0qUERdZ,com.sec.android.app.shealth,48b86387-9489-4e3d-b303-383cf88360b7,1735776000000,
fc30f6e7-5290-428c-adc7-996e0e690613.binning_data.json,2025-05-01 11:23:54.559,2025-05-01 11:23:54.559,com.sec.android.app.shealth,-2,5901,1.2043966,4380.17,225.94,VfS0qUERdZ,com.sec.android.app.shealth,fc30f6e7-5290-428c-adc7-996e0e690613,1735862400000,
06ee56fc-4291-4870-858e-6df52bb8df6c.binning_data.json,2025-05-01 11:23:54.559,2025-05-01 11:23:54.559,com.sec.android.app.shealth,-2,3087,1.2729827,2316.19,115.07,VfS0qUERdZ,com.sec.android.app.shealth,06ee56fc-4291-4870-858e-6df52bb8df6c,1735948800000,
124fb673-278c-45fb-ac5f-06920e4e3ae5.binning_data.json,2025-05-01 11:23:54.559,2025-05-01 11:23:54.559,com.sec.android.app.shealth,-2,1812,1.1545482,1339.05,68.96,VfS0qUERdZ,com.sec.android.app.shealth,124fb673-278c-45fb-ac5f-06920e4e3ae5,1736035200000,
b91d015f-56dc-459f-bbae-b575a913fbd6.binning_data.json,2025-05-01 11:23:54.559,2025-05-01 11:23:54.559,com.sec.android.app.shealth,-2,5788,1.1827639,4264.06,223.68,VfS0qUERdZ,com.sec.android.app.shealth,b91d015f-56dc-459f-bbae-b575a913fbd6,1736121600000,
bd97cf8c-1f25-456e-9184-06039e458bb0.binning_data.json,2025-05-01 11:23:54.559,2025-05-01 11:23:54.559,com.sec.android.app.shealth,-2,12678,1.2166985,9414.49,487.18,VfS0qUERdZ,com.sec.android.app.shealth,bd97cf8c-1f25-456e-9184-06039e458bb0,1736208000000,
565541fd-72f3-4226-b3af-b8d6866fbf95.binning_data.json,2025-05-01 11:23:54.559,2025-05-01 11:23:54.559,com.sec.android.app.shealth,-2,8513,1.195924,6276.1304,330.81998,VfS0qUERdZ,com.sec.android.app.shealth,565541fd-72f3-4226-b3af-b8d6866fbf95,1736294400000,
652d870e-919c-4899-869a-41041c00fa6c.binning_data.json,2025-05-01 11:23:54.559,2025-05-01 11:23:54.559,com.sec.android.app.shealth,-2,3512,1.2077732,2619.2,136.79,VfS0qUERdZ,com.sec.android.app.shealth,652d870e-919c-4899-869a-41041c00fa6c,1736380800000,
fd7ea035-fa09-4b86-97fc-76c8c89d9c4d.binning_data.json,2025-05-01 11:23:54.559,2025-05-01 11:23:54.559,com.sec.android.app.shealth,-2,3349,1.2051611,2493.9001,128.92,VfS0qUERdZ,com.sec.android.app.shealth,fd7ea035-fa09-4b86-97fc-76c8c89d9c4d,1736467200000,
9efe300b-2350-49d4-84e6-9d07b1fd218d.binning_data.json,2025-05-01 11:23:54.559,2025-05-01 11:23:54.559,com.sec.android.app.shealth,-2,8126,1.1563501,5954.62,319.16995,VfS0qUERdZ,com.sec.android.app.shealth,9efe300b-2350-49d4-84e6-9d07b1fd218d,1736553600000,
26d8624e-506a-4e43-9eee-378940d71562.binning_data.json,2025-05-01 11:23:54.559,2025-05-01 11:23:54.559,com.sec.android.app.shealth,-2,1387,1.2073177,1028.48,50.82,VfS0qUERdZ,com.sec.android.app.shealth,26d8624e-506a-4e43-9eee-378940d71562,1736640000000,
e4558f25-ecaf-42a4-90f8-b003ec0ad4bb.binning_data.json,2025-05-01 11:23:54.560,2025-05-01 11:23:54.560,com.sec.android.app.shealth,-2,16572,1.2788528,12383.791,646.8599,VfS0qUERdZ,com.sec.android.app.shealth,e4558f25-ecaf-42a4-90f8-b003ec0ad4bb,1736726400000,
fb804a20-a57c-4675-b24c-304391a30f5c.binning_data.json,2025-05-01 11:23:54.560,2025-05-01 11:23:54.560,com.sec.android.app.shealth,-2,12825,1.2351409,9549.681,498.0299,VfS0qUERdZ,com.sec.android.app.shealth,fb804a20-a57c-4675-b24c-304391a30f5c,1736812800000,
1ad72843-f86a-4d7a-93f1-223751a7048d.binning_data.json,2025-05-01 11:23:54.560,2025-05-01 11:23:54.560,com.sec.android.app.shealth,-2,13503,1.2026259,9973.4,534.1198,VfS0qUERdZ,com.sec.android.app.shealth,1ad72843-f86a-4d7a-93f1-223751a7048d,1736899200000,
ad8710d5-9bb6-4a03-b07b-b2ce7ab95542.binning_data.json,2025-05-01 11:23:54.560,2025-05-01 11:23:54.560,com.sec.android.app.shealth,-2,15127,1.3008167,11359.671,584.88983,VfS0qUERdZ,com.sec.android.app.shealth,ad8710d5-9bb6-4a03-b07b-b2ce7ab95542,1736985600000,
c8e5e8ec-9186-43a1-b383-9f922b979338.binning_data.json,2025-05-01 11:23:54.560,2025-05-01 11:23:54.560,com.sec.android.app.shealth,-2,10581,1.2680438,7921.5103,402.3099,VfS0qUERdZ,com.sec.android.app.shealth,c8e5e8ec-9186-43a1-b383-9f922b979338,1737072000000,
7f333f4c-111a-4cf4-ae92-1d1d028c9b8d.binning_data.json,2025-05-01 11:23:54.560,2025-05-01 11:23:54.560,com.sec.android.app.shealth,-2,5641,1.2244384,4176.51,219.99998,VfS0qUERdZ,com.sec.android.app.shealth,7f333f4c-111a-4cf4-ae92-1d1d028c9b8d,1737158400000,
3a60dd8d-b3b4-4772-ae07-44599b1f3b5f.binning_data.json,2025-05-01 11:23:54.560,2025-05-01 11:23:54.560,com.sec.android.app.shealth,-2,1189,1.2141801,884.47003,44.16,VfS0qUERdZ,com.sec.android.app.shealth,3a60dd8d-b3b4-4772-ae07-44599b1f3b5f,1737244800000,
7756dbe4-0e27-4024-a4eb-2e7f6b50d863.binning_data.json,2025-05-01 11:23:54.560,2025-05-01 11:23:54.560,com.sec.android.app.shealth,-2,713,1.158597,527.19,26.47,VfS0qUERdZ,com.sec.android.app.shealth,7756dbe4-0e27-4024-a4eb-2e7f6b50d863,1737331200000,
223a9fee-471b-445d-9484-a49649221af7.binning_data.json,2025-05-01 11:23:54.560,2025-05-01 11:23:54.560,com.sec.android.app.shealth,-2,9916,1.2542915,7370.2505,389.56992,VfS0qUERdZ,com.sec.android.app.shealth,223a9fee-471b-445d-9484-a49649221af7,1737417600000,
c5e455d5-5244-4323-b0f4-312a625830de.binning_data.json,2025-05-01 11:23:54.560,2025-05-01 11:23:54.560,com.sec.android.app.shealth,-2,10926,1.1568074,8019.0405,429.6799,VfS0qUERdZ,com.sec.android.app.shealth,c5e455d5-5244-4323-b0f4-312a625830de,1737504000000,
defc774b-5b27-49a9-8b73-ef22edf8579a.binning_data.json,2025-05-01 11:23:54.560,2025-05-01 11:23:54.560,com.sec.android.app.shealth,-2,7833,1.3092899,5881.8496,305.98996,VfS0qUERdZ,com.sec.android.app.shealth,defc774b-5b27-49a9-8b73-ef22edf8579a,1737590400000,
69b02555-fdc7-4b87-9939-da13ec2f5b08.binning_data.json,2025-05-01 11:23:54.560,2025-05-01 11:23:54.560,com.sec.android.app.shealth,-2,864,1.2104408,642.93,31.439999,VfS0qUERdZ,com.sec.android.app.shealth,69b02555-fdc7-4b87-9939-da13ec2f5b08,1737676800000,
aa5168cf-cf24-40ca-a078-27640145db13.binning_data.json,2025-05-01 11:23:54.560,2025-05-01 11:23:54.560,com.sec.android.app.shealth,-2,10934,1.2321242,8098.5703,428.3499,VfS0qUERdZ,com.sec.android.app.shealth,aa5168cf-cf24-40ca-a078-27640145db13,1737763200000,
f6d74cb5-f5b4-489d-9616-c51d06085e3b.binning_data.json,2025-05-01 11:23:54.560,2025-05-01 11:23:54.560,com.sec.android.app.shealth,-2,1449,1.1590649,1068.97,53.289997,VfS0qUERdZ,com.sec.android.app.shealth,f6d74cb5-f5b4-489d-9616-c51d06085e3b,1737849600000,
7336eb93-5d96-41d0-a7c7-494a728ad0d1.binning_data.json,2025-05-01 11:23:54.560,2025-05-01 11:23:54.560,com.sec.android.app.shealth,-2,14758,1.2724223,11027.971,579.9899,VfS0qUERdZ,com.sec.android.app.shealth,7336eb93-5d96-41d0-a7c7-494a728ad0d1,1737936000000,
e3a17a58-bd2d-4421-b1ae-abe252556c50.binning_data.json,2025-05-01 11:23:54.560,2025-05-01 11:23:54.560,com.sec.android.app.shealth,-2,7157,1.2325017,5302.6704,280.61996,VfS0qUERdZ,com.sec.android.app.shealth,e3a17a58-bd2d-4421-b1ae-abe252556c50,1738022400000,
10f151a0-6a22-40c6-b196-4f2d34bac880.binning_data.json,2025-05-01 11:23:54.560,2025-05-01 11:23:54.560,com.sec.android.app.shealth,-2,21331,1.2867849,15981.07,843.7599,VfS0qUERdZ,com.sec.android.app.shealth,10f151a0-6a22-40c6-b196-4f2d34bac880,1738108800000,
29df91bb-1d8b-4c4b-a566-bf3b7eb81ad2.binning_data.json,2025-05-01 11:23:54.560,2025-05-01 11:23:54.560,com.sec.android.app.shealth,-2,6731,1.2082253,4977.15,261.67993,VfS0qUERdZ,com.sec.android.app.shealth,29df91bb-1d8b-4c4b-a566-bf3b7eb81ad2,1738195200000,
71ff5c1d-86f6-4745-a73e-65951650fc80.binning_data.json,2025-05-01 11:23:54.560,2025-05-01 11:23:54.560,com.sec.android.app.shealth,-2,5596,1.311853,4236.12,205.98996,VfS0qUERdZ,com.sec.android.app.shealth,71ff5c1d-86f6-4745-a73e-65951650fc80,1738281600000,
2c18ab55-90f1-42f7-909b-349ba27821d9.binning_data.json,2025-05-01 11:23:54.560,2025-05-01 11:23:54.560,com.sec.android.app.shealth,-2,8621,1.3257653,6474.03,337.24994,VfS0qUERdZ,com.sec.android.app.shealth,2c18ab55-90f1-42f7-909b-349ba27821d9,1738368000000,
4423d5da-17a5-4656-b576-5d489d483f23.binning_data.json,2025-05-01 11:23:54.560,2025-05-01 11:23:54.560,com.sec.android.app.shealth,-2,1878,1.1706212,1386.89,70.66,VfS0qUERdZ,com.sec.android.app.shealth,4423d5da-17a5-4656-b576-5d489d483f23,1738454400000,
71b9c82b-4ca5-4e87-b925-1906a9ca134f.binning_data.json,2025-05-01 11:23:54.560,2025-05-01 11:23:54.560,com.sec.android.app.shealth,-2,580,1.2206017,432.9,21.15,VfS0qUERdZ,com.sec.android.app.shealth,71b9c82b-4ca5-4e87-b925-1906a9ca134f,1738540800000,
bd9d8019-a18a-4605-8612-c131975c5041.binning_data.json,2025-05-01 11:23:54.561,2025-05-01 11:23:54.561,com.sec.android.app.shealth,-2,6917,1.2455189,5137.3203,270.28995,VfS0qUERdZ,com.sec.android.app.shealth,bd9d8019-a18a-4605-8612-c131975c5041,1738627200000,
a87a17b5-6d0f-43b2-a73e-2dd82573f468.binning_data.json,2025-05-01 11:23:54.561,2025-05-01 11:23:54.561,com.sec.android.app.shealth,-2,14422,1.2283587,10678.421,566.4399,VfS0qUERdZ,com.sec.android.app.shealth,a87a17b5-6d0f-43b2-a73e-2dd82573f468,1738713600000,
a980ab00-3008-4f8e-905b-b61236b21573.binning_data.json,2025-05-01 11:23:54.561,2025-05-01 11:23:54.561,com.sec.android.app.shealth,-2,14845,1.2670138,11111.11,560.4099,VfS0qUERdZ,com.sec.android.app.shealth,a980ab00-3008-4f8e-905b-b61236b21573,1738800000000,
adb8d122-0d65-4210-a3d6-510ecd6bcf76.binning_data.json,2025-05-01 11:23:54.561,2025-05-01 11:23:54.561,com.sec.android.app.shealth,-2,1541,1.3559437,1176.73,55.0,VfS0qUERdZ,com.sec.android.app.shealth,adb8d122-0d65-4210-a3d6-510ecd6bcf76,1738886400000,
b442f6f1-70a1-42a4-922e-ce79df8a1d8b.binning_data.json,2025-05-01 11:23:54.561,2025-05-01 11:23:54.561,com.sec.android.app.shealth,-2,10589,1.2112659,7833.541,415.57983,VfS0qUERdZ,com.sec.android.app.shealth,b442f6f1-70a1-42a4-922e-ce79df8a1d8b,1738972800000,
92ee9c0d-8ff1-493e-ad08-f89fdcaacac0.binning_data.json,2025-05-01 11:23:54.561,2025-05-01 11:23:54.561,com.sec.android.app.shealth,-2,1253,1.2591546,943.38,45.94,VfS0qUERdZ,com.sec.android.app.shealth,92ee9c0d-8ff1-493e-ad08-f89fdcaacac0,1739059200000,
5bdf6d3f-39e0-489c-9413-5b671835779f.binning_data.json,2025-05-01 11:23:54.561,2025-05-01 11:23:54.561,com.sec.android.app.shealth,-2,9650,1.2472223,7171.2305,377.6499,VfS0qUERdZ,com.sec.android.app.shealth,5bdf6d3f-39e0-489c-9413-5b671835779f,1739145600000,
8e4266af-c497-48b3-b2da-31314b07b844.binning_data.json,2025-05-01 11:23:54.561,2025-05-01 11:23:54.561,com.sec.android.app.shealth,-2,7829,1.2862815,5848.13,306.24994,VfS0qUERdZ,com.sec.android.app.shealth,8e4266af-c497-48b3-b2da-31314b07b844,1739232000000,
89eb5161-1aa8-4efb-b1b9-5244dd6a5883.binning_data.json,2025-05-01 11:23:54.561,2025-05-01 11:23:54.561,com.sec.android.app.shealth,-2,6814,1.2165939,5038.6304,267.4399,VfS0qUERdZ,com.sec.android.app.shealth,89eb5161-1aa8-4efb-b1b9-5244dd6a5883,1739318400000,
027f558b-597a-4d2b-b43d-12b2d6f640ca.binning_data.json,2025-05-01 11:23:54.561,2025-05-01 11:23:54.561,com.sec.android.app.shealth,-2,3641,1.2482959,2714.9302,142.28998,VfS0qUERdZ,com.sec.android.app.shealth,027f558b-597a-4d2b-b43d-12b2d6f640ca,1739404800000,
680881f3-10a3-4910-8cca-04575cd913a7.binning_data.json,2025-05-01 11:23:54.561,2025-05-01 11:23:54.561,com.sec.android.app.shealth,-2,8285,1.2403611,6148.631,323.31992,VfS0qUERdZ,com.sec.android.app.shealth,680881f3-10a3-4910-8cca-04575cd913a7,1739491200000,
9edcb9c7-45b5-48f9-b1ef-0a1eef9e307a.binning_data.json,2025-05-01 11:23:54.561,2025-05-01 11:23:54.561,com.sec.android.app.shealth,-2,6505,1.228097,4822.82,254.17,VfS0qUERdZ,com.sec.android.app.shealth,9edcb9c7-45b5-48f9-b1ef-0a1eef9e307a,1739577600000,
83d4700c-0ee0-416e-8640-f9807f824afc.binning_data.json,2025-05-01 11:23:54.561,2025-05-01 11:23:54.561,com.sec.android.app.shealth,-2,1530,1.2588102,1151.1,56.38,VfS0qUERdZ,com.sec.android.app.shealth,83d4700c-0ee0-416e-8640-f9807f824afc,1739664000000,
154ce9e1-b55e-4560-b2cc-14e6bb4ba598.binning_data.json,2025-05-01 11:23:54.561,2025-05-01 11:23:54.561,com.sec.android.app.shealth,-2,19018,1.15999,13964.2,746.5,VfS0qUERdZ,com.sec.android.app.shealth,154ce9e1-b55e-4560-b2cc-14e6bb4ba598,1739750400000,
6d50dfae-08dd-4fd1-a2f0-d0076e175091.binning_data.json,2025-05-01 11:23:54.561,2025-05-01 11:23:54.561,com.sec.android.app.shealth,-2,6255,1.2161622,4623.82,244.20999,VfS0qUERdZ,com.sec.android.app.shealth,6d50dfae-08dd-4fd1-a2f0-d0076e175091,1739836800000,
139bd6ba-b353-44b8-869e-2e24c55b37ba.binning_data.json,2025-05-01 11:23:54.561,2025-05-01 11:23:54.561,com.sec.android.app.shealth,-2,9735,1.2042568,7201.37,381.25998,VfS0qUERdZ,com.sec.android.app.shealth,139bd6ba-b353-44b8-869e-2e24c55b37ba,1739923200000,
3364bb43-b275-40bb-b057-bad843e08887.binning_data.json,2025-05-01 11:23:54.561,2025-05-01 11:23:54.561,com.sec.android.app.shealth,-2,7485,1.1782942,5509.97,292.97998,VfS0qUERdZ,com.sec.android.app.shealth,3364bb43-b275-40bb-b057-bad843e08887,1740009600000,
07bcb4d9-3d68-4e73-8116-424ba481d024.binning_data.json,2025-05-01 11:23:54.561,2025-05-01 11:23:54.561,com.sec.android.app.shealth,-2,5023,1.2444764,3740.85,194.45,VfS0qUERdZ,com.sec.android.app.shealth,07bcb4d9-3d68-4e73-8116-424ba481d024,1740096000000,
dd9627e4-d264-48d1-91cd-68b2a62d7c65.binning_data.json,2025-05-01 11:23:54.561,2025-05-01 11:23:54.561,com.sec.android.app.shealth,-2,9650,1.190522,7095.2104,378.70993,VfS0qUERdZ,com.sec.android.app.shealth,dd9627e4-d264-48d1-91cd-68b2a62d7c65,1740182400000,
f7cbc9db-097a-4762-8dd6-d8448ef46aa7.binning_data.json,2025-05-01 11:23:54.561,2025-05-01 11:23:54.561,com.sec.android.app.shealth,-2,716,1.3077987,551.38,26.43,VfS0qUERdZ,com.sec.android.app.shealth,f7cbc9db-097a-4762-8dd6-d8448ef46aa7,1740268800000,
37fecb16-a91a-4fbf-8bbc-9f610c82a066.binning_data.json,2025-05-01 11:23:54.562,2025-05-01 11:23:54.562,com.sec.android.app.shealth,-2,16752,1.2107075,12371.12,658.6598,VfS0qUERdZ,com.sec.android.app.shealth,37fecb16-a91a-4fbf-8bbc-9f610c82a066,1740355200000,
e3f4fa83-4510-4049-8964-3da60e134ff3.binning_data.json,2025-05-01 11:23:54.562,2025-05-01 11:23:54.562,com.sec.android.app.shealth,-2,9135,1.1783396,6707.2104,358.32993,VfS0qUERdZ,com.sec.android.app.shealth,e3f4fa83-4510-4049-8964-3da60e134ff3,1740441600000,
88824f2d-4342-4025-894f-f8c52524d92d.binning_data.json,2025-05-01 11:23:54.562,2025-05-01 11:23:54.562,com.sec.android.app.shealth,-2,12136,1.179213,8916.811,476.7899,VfS0qUERdZ,com.sec.android.app.shealth,88824f2d-4342-4025-894f-f8c52524d92d,1740528000000,
6570ace2-e4ea-4935-bfa2-40932b7333e4.binning_data.json,2025-05-01 11:23:54.562,2025-05-01 11:23:54.562,com.sec.android.app.shealth,-2,5123,1.1981202,3782.79,198.65996,VfS0qUERdZ,com.sec.android.app.shealth,6570ace2-e4ea-4935-bfa2-40932b7333e4,1740614400000,
9d44498d-a581-4876-b994-b7458cefe2ff.binning_data.json,2025-05-01 11:23:54.562,2025-05-01 11:23:54.562,com.sec.android.app.shealth,-2,7105,1.1826075,5235.45,274.15997,VfS0qUERdZ,com.sec.android.app.shealth,9d44498d-a581-4876-b994-b7458cefe2ff,1740700800000,
28a0ee7f-ed1d-4071-907b-8592d90bc03b.binning_data.json,2025-05-01 11:23:54.562,2025-05-01 11:23:54.562,com.sec.android.app.shealth,-2,28708,1.3193026,21482.72,1139.02,VfS0qUERdZ,com.sec.android.app.shealth,28a0ee7f-ed1d-4071-907b-8592d90bc03b,1740787200000,
952e4e8e-7a5c-4ef2-8619-14b7be3f056b.binning_data.json,2025-05-01 11:23:54.562,2025-05-01 11:23:54.562,com.sec.android.app.shealth,-2,5862,1.2264168,4323.57,229.93,VfS0qUERdZ,com.sec.android.app.shealth,952e4e8e-7a5c-4ef2-8619-14b7be3f056b,1740873600000,
e5b4dce5-32ed-4a34-b712-871d7af0fa99.binning_data.json,2025-05-01 11:23:54.562,2025-05-01 11:23:54.562,com.sec.android.app.shealth,-2,5520,1.190514,4063.9502,215.76996,VfS0qUERdZ,com.sec.android.app.shealth,e5b4dce5-32ed-4a34-b712-871d7af0fa99,1740960000000,
f6fc5a18-7d1b-4870-b2cb-f5479a640bbc.binning_data.json,2025-05-01 11:23:54.562,2025-05-01 11:23:54.562,com.sec.android.app.shealth,-2,9989,1.1890517,7350.31,393.14993,VfS0qUERdZ,com.sec.android.app.shealth,f6fc5a18-7d1b-4870-b2cb-f5479a640bbc,1741046400000,
d243cf9d-afa2-49d0-a256-9e3660600929.binning_data.json,2025-05-01 11:23:54.562,2025-05-01 11:23:54.562,com.sec.android.app.shealth,-2,15099,1.2582139,11283.971,590.8199,VfS0qUERdZ,com.sec.android.app.shealth,d243cf9d-afa2-49d0-a256-9e3660600929,1741132800000,
b8b06862-06b9-46e1-90f6-d74e780032a6.binning_data.json,2025-05-01 11:23:54.562,2025-05-01 11:23:54.562,com.sec.android.app.shealth,-2,11833,1.2313137,8780.261,458.77994,VfS0qUERdZ,com.sec.android.app.shealth,b8b06862-06b9-46e1-90f6-d74e780032a6,1741219200000,
129cf0fd-daa3-4094-993a-4f0f6c314bd6.binning_data.json,2025-05-01 11:23:54.562,2025-05-01 11:23:54.562,com.sec.android.app.shealth,-2,7200,1.14937,5255.4004,282.1199,VfS0qUERdZ,com.sec.android.app.shealth,129cf0fd-daa3-4094-993a-4f0f6c314bd6,1741305600000,
e935d7e8-b6e1-4df1-9c2c-fe3b33eb0028.binning_data.json,2025-05-01 11:23:54.562,2025-05-01 11:23:54.562,com.sec.android.app.shealth,-2,3771,1.2932042,2844.87,146.20998,VfS0qUERdZ,com.sec.android.app.shealth,e935d7e8-b6e1-4df1-9c2c-fe3b33eb0028,1741392000000,
8ebe1609-27d0-4292-971c-ffd005fa7b15.binning_data.json,2025-05-01 11:23:54.562,2025-05-01 11:23:54.562,com.sec.android.app.shealth,-2,13970,1.1423221,10197.171,551.96985,VfS0qUERdZ,com.sec.android.app.shealth,8ebe1609-27d0-4292-971c-ffd005fa7b15,1741478400000,
a076c919-59be-4a39-b645-f563813c7921.binning_data.json,2025-05-01 11:23:54.562,2025-05-01 11:23:54.562,com.sec.android.app.shealth,-2,15698,1.1983117,11588.94,618.5599,VfS0qUERdZ,com.sec.android.app.shealth,a076c919-59be-4a39-b645-f563813c7921,1741564800000,
4e56b293-11b8-4a01-85df-be98cee1164a.binning_data.json,2025-05-01 11:23:54.562,2025-05-01 11:23:54.562,com.sec.android.app.shealth,-2,8597,1.1905609,6327.8403,338.71994,VfS0qUERdZ,com.sec.android.app.shealth,4e56b293-11b8-4a01-85df-be98cee1164a,1741651200000,
d3c13bb0-90c3-4a60-89e1-cb3b729059e1.binning_data.json,2025-05-01 11:23:54.562,2025-05-01 11:23:54.562,com.sec.android.app.shealth,-2,12828,1.1786785,9411.25,506.84998,VfS0qUERdZ,com.sec.android.app.shealth,d3c13bb0-90c3-4a60-89e1-cb3b729059e1,1741737600000,
203fee5d-c9bb-44c0-8481-e3788ae242dd.binning_data.json,2025-05-01 11:23:54.562,2025-05-01 11:23:54.562,com.sec.android.app.shealth,-2,10469,1.1960608,7726.37,408.95993,VfS0qUERdZ,com.sec.android.app.shealth,203fee5d-c9bb-44c0-8481-e3788ae242dd,1741824000000,
8695fcf4-caff-41fd-863c-0c7f45e01952.binning_data.json,2025-05-01 11:23:54.562,2025-05-01 11:23:54.562,com.sec.android.app.shealth,-2,1474,1.2084416,1088.71,56.01,VfS0qUERdZ,com.sec.android.app.shealth,8695fcf4-caff-41fd-863c-0c7f45e01952,1741910400000,
2ae02766-8d2f-4401-80e7-5978108911eb.binning_data.json,2025-05-01 11:23:54.562,2025-05-01 11:23:54.562,com.sec.android.app.shealth,-2,10004,1.2804542,7465.401,392.4599,VfS0qUERdZ,com.sec.android.app.shealth,2ae02766-8d2f-4401-80e7-5978108911eb,1741996800000,
6413e32e-9248-4f77-b23b-3578d35486f5.binning_data.json,2025-05-01 11:23:54.562,2025-05-01 11:23:54.562,com.sec.android.app.shealth,-2,1089,1.1951598,805.05,39.81,VfS0qUERdZ,com.sec.android.app.shealth,6413e32e-9248-4f77-b23b-3578d35486f5,1742083200000,
3f03b670-fa22-4a29-92e4-1dfd9b575fbf.binning_data.json,2025-05-01 11:23:54.562,2025-05-01 11:23:54.562,com.sec.android.app.shealth,-2,10418,1.2591845,7759.4,409.15997,VfS0qUERdZ,com.sec.android.app.shealth,3f03b670-fa22-4a29-92e4-1dfd9b575fbf,1742169600000,
524679c8-51a1-4e36-821b-35d014b79916.binning_data.json,2025-05-01 11:23:54.563,2025-05-01 11:23:54.563,com.sec.android.app.shealth,-2,3081,1.2139846,2279.3303,120.84996,VfS0qUERdZ,com.sec.android.app.shealth,524679c8-51a1-4e36-821b-35d014b79916,1742256000000,
ba374cf4-df3c-42c2-8f70-f779ef36febd.binning_data.json,2025-05-01 11:23:54.563,2025-05-01 11:23:54.563,com.sec.android.app.shealth,-2,10152,1.2264451,7506.69,399.93994,VfS0qUERdZ,com.sec.android.app.shealth,ba374cf4-df3c-42c2-8f70-f779ef36febd,1742342400000,
d5f8312a-42df-440e-90aa-60d3c0d3a5e8.binning_data.json,2025-05-01 11:23:54.563,2025-05-01 11:23:54.563,com.sec.android.app.shealth,-2,7492,1.1707613,5498.7803,293.05994,VfS0qUERdZ,com.sec.android.app.shealth,d5f8312a-42df-440e-90aa-60d3c0d3a5e8,1742428800000,
b4e3449d-d65e-462a-841c-d31fa568ae5d.binning_data.json,2025-05-01 11:23:54.563,2025-05-01 11:23:54.563,com.sec.android.app.shealth,-2,8375,1.292066,6261.14,327.87994,VfS0qUERdZ,com.sec.android.app.shealth,b4e3449d-d65e-462a-841c-d31fa568ae5d,1742515200000,
aa406b72-ec68-4670-b14a-4c9e0118d96c.binning_data.json,2025-05-01 11:23:54.563,2025-05-01 11:23:54.563,com.sec.android.app.shealth,-2,8901,1.3220922,6705.4404,349.19992,VfS0qUERdZ,com.sec.android.app.shealth,aa406b72-ec68-4670-b14a-4c9e0118d96c,1742601600000,
769a6d53-a961-43c3-85d1-1b90bfc99062.binning_data.json,2025-05-01 11:23:54.563,2025-05-01 11:23:54.563,com.sec.android.app.shealth,-2,2132,1.2742565,1603.1501,82.36997,VfS0qUERdZ,com.sec.android.app.shealth,769a6d53-a961-43c3-85d1-1b90bfc99062,1742688000000,
51ce5eea-d6ae-4060-977f-9c7754dee2a9.binning_data.json,2025-05-01 11:23:54.563,2025-05-01 11:23:54.563,com.sec.android.app.shealth,-2,7358,1.215343,5444.04,283.92996,VfS0qUERdZ,com.sec.android.app.shealth,51ce5eea-d6ae-4060-977f-9c7754dee2a9,1742774400000,
c24d5fe2-0fd8-464f-8d72-f5f987907772.binning_data.json,2025-05-01 11:23:54.563,2025-05-01 11:23:54.563,com.sec.android.app.shealth,-2,14976,1.2243521,11072.5205,589.8098,VfS0qUERdZ,com.sec.android.app.shealth,c24d5fe2-0fd8-464f-8d72-f5f987907772,1742860800000,
8e04dbca-8c1b-4658-8acb-f4f9c94d3f72.binning_data.json,2025-05-01 11:23:54.563,2025-05-01 11:23:54.563,com.sec.android.app.shealth,-2,9353,1.1613034,6852.9404,367.8099,VfS0qUERdZ,com.sec.android.app.shealth,8e04dbca-8c1b-4658-8acb-f4f9c94d3f72,1742947200000,
76a4fc89-d4ce-4757-b74c-4587ad159c65.binning_data.json,2025-05-01 11:23:54.563,2025-05-01 11:23:54.563,com.sec.android.app.shealth,-2,17297,1.3020215,12993.881,666.8398,VfS0qUERdZ,com.sec.android.app.shealth,76a4fc89-d4ce-4757-b74c-4587ad159c65,1743033600000,
22aaae36-b0da-4ecb-9c7f-697d453c2b97.binning_data.json,2025-05-01 11:23:54.563,2025-05-01 11:23:54.563,com.sec.android.app.shealth,-2,740,1.2327372,551.0,26.24,VfS0qUERdZ,com.sec.android.app.shealth,22aaae36-b0da-4ecb-9c7f-697d453c2b97,1743120000000,
47a20117-2acf-4f38-9e06-d4fa61463194.binning_data.json,2025-05-01 11:23:54.563,2025-05-01 11:23:54.563,com.sec.android.app.shealth,-2,6057,1.3054277,4540.62,234.89998,VfS0qUERdZ,com.sec.android.app.shealth,47a20117-2acf-4f38-9e06-d4fa61463194,1743206400000,
8e941eb0-b7d2-485c-9a08-c13f77dd8f1a.binning_data.json,2025-05-01 11:23:54.563,2025-05-01 11:23:54.563,com.sec.android.app.shealth,-2,1752,1.1570033,1293.85,64.47,VfS0qUERdZ,com.sec.android.app.shealth,8e941eb0-b7d2-485c-9a08-c13f77dd8f1a,1743292800000,
d8a05a4d-69d7-4fd0-8f81-6e2eb33f2b34.binning_data.json,2025-05-01 11:23:54.563,2025-05-01 11:23:54.563,com.sec.android.app.shealth,-2,6157,1.2643393,4585.47,240.44994,VfS0qUERdZ,com.sec.android.app.shealth,d8a05a4d-69d7-4fd0-8f81-6e2eb33f2b34,1743379200000,
7cc1c688-80ef-4a62-a2d5-de56cbc1b230.binning_data.json,2025-05-01 11:23:54.563,2025-05-01 11:23:54.563,com.sec.android.app.shealth,-2,15429,1.2064254,11416.5205,601.8099,VfS0qUERdZ,com.sec.android.app.shealth,7cc1c688-80ef-4a62-a2d5-de56cbc1b230,1743465600000,
73d69948-c628-47af-a52a-9f27c0fc64ea.binning_data.json,2025-05-01 11:23:54.563,2025-05-01 11:23:54.563,com.sec.android.app.shealth,-2,8473,1.1462606,6200.52,332.35992,VfS0qUERdZ,com.sec.android.app.shealth,73d69948-c628-47af-a52a-9f27c0fc64ea,1743552000000,
d6660aa8-0cb3-45b7-888b-5486394bd633.binning_data.json,2025-05-01 11:23:54.563,2025-05-01 11:23:54.563,com.sec.android.app.shealth,-2,4156,1.1834395,3065.9,160.40999,VfS0qUERdZ,com.sec.android.app.shealth,d6660aa8-0cb3-45b7-888b-5486394bd633,1743638400000,
b6a08f20-3bee-4c31-95d8-6d7c743f156b.binning_data.json,2025-05-01 11:23:54.563,2025-05-01 11:23:54.563,com.sec.android.app.shealth,-2,4407,1.1944996,3254.36,172.55998,VfS0qUERdZ,com.sec.android.app.shealth,b6a08f20-3bee-4c31-95d8-6d7c743f156b,1743724800000,
3c37b04b-ff28-470e-ae57-578345f0c507.binning_data.json,2025-05-01 11:23:54.563,2025-05-01 11:23:54.563,com.sec.android.app.shealth,-2,8219,1.1379592,6018.17,319.05,VfS0qUERdZ,com.sec.android.app.shealth,3c37b04b-ff28-470e-ae57-578345f0c507,1743811200000,
270c1481-a1cf-4e66-8998-050e2a9aa3ad.binning_data.json,2025-05-01 11:23:54.563,2025-05-01 11:23:54.563,com.sec.android.app.shealth,-2,3175,1.2426987,2389.73,125.06,VfS0qUERdZ,com.sec.android.app.shealth,270c1481-a1cf-4e66-8998-050e2a9aa3ad,1743897600000,
b8afb9dd-98ae-4f1c-83f5-47380192099e.binning_data.json,2025-05-01 11:23:54.563,2025-05-01 11:23:54.563,com.sec.android.app.shealth,-2,161,1.2341564,119.64,5.84,VfS0qUERdZ,com.sec.android.app.shealth,b8afb9dd-98ae-4f1c-83f5-47380192099e,1743984000000,
9f3a8725-0f4e-4a05-9f04-19c372ca7670.binning_data.json,2025-05-05 23:00:02.887,2025-05-05 18:20:11.416,com.sec.android.app.shealth,-2,528,1.2191927,393.17,19.47,VfS0qUERdZ,com.sec.android.app.shealth,9f3a8725-0f4e-4a05-9f04-19c372ca7670,1746403200000,
40e3f6c9-7b3f-493b-ba17-403e0810e06c.binning_data.json,2025-05-05 23:00:02.358,2025-05-05 23:00:02.358,com.sec.android.app.shealth,0,528,1.2191927,393.17,19.47,kv/gFnHKRS,com.sec.android.app.shealth,40e3f6c9-7b3f-493b-ba17-403e0810e06c,1746403200000,
c5df273a-1c76-4810-8a14-99f544653761.binning_data.json,2025-05-06 23:52:51.020,2025-05-05 23:35:01.881,com.sec.android.app.shealth,-2,6916,1.2413505,5105.091,266.76993,VfS0qUERdZ,com.sec.android.app.shealth,c5df273a-1c76-4810-8a14-99f544653761,1746489600000,
e10ab1bb-f853-44a7-bd3e-4dbea670f399.binning_data.json,2025-05-06 23:52:49.492,2025-05-06 23:52:49.492,com.sec.android.app.shealth,0,6916,1.2413505,5105.091,266.76993,kv/gFnHKRS,com.sec.android.app.shealth,e10ab1bb-f853-44a7-bd3e-4dbea670f399,1746489600000,
91b7dde6-0699-4aea-b088-330b42b8ed8a.binning_data.json,2025-05-07 22:56:46.752,2025-05-06 23:57:13.743,com.sec.android.app.shealth,-2,4290,1.1610945,3131.99,164.83,VfS0qUERdZ,com.sec.android.app.shealth,91b7dde6-0699-4aea-b088-330b42b8ed8a,1746576000000,
cb548f3e-85c6-4957-af72-c45a859c7e99.binning_data.json,2025-05-07 23:00:01.912,2025-05-07 23:00:01.912,com.sec.android.app.shealth,0,4290,1.1610945,3131.99,164.83,kv/gFnHKRS,com.sec.android.app.shealth,cb548f3e-85c6-4957-af72-c45a859c7e99,1746576000000,
a8c717cf-f71c-4471-89d4-6f09bc3cc5b7.binning_data.json,2025-05-08 22:59:23.342,2025-05-08 11:20:53.175,com.sec.android.app.shealth,-2,8608,1.3280433,6449.5903,323.79996,VfS0qUERdZ,com.sec.android.app.shealth,a8c717cf-f71c-4471-89d4-6f09bc3cc5b7,1746662400000,
48c6e400-8dec-4bca-9454-d7c875fda2e6.binning_data.json,2025-05-08 23:00:04.652,2025-05-08 23:00:04.652,com.sec.android.app.shealth,0,8608,1.3280433,6449.5903,323.79996,kv/gFnHKRS,com.sec.android.app.shealth,48c6e400-8dec-4bca-9454-d7c875fda2e6,1746662400000,
993e0235-faea-433c-a3ae-95198a30cb94.binning_data.json,2025-05-09 23:00:02.913,2025-05-08 23:01:08.958,com.sec.android.app.shealth,-2,11552,1.2868242,8640.0205,435.3299,VfS0qUERdZ,com.sec.android.app.shealth,993e0235-faea-433c-a3ae-95198a30cb94,1746748800000,
c8fb70eb-91bb-471b-adae-b840679e40bb.binning_data.json,2025-05-09 23:00:02.419,2025-05-09 23:00:02.419,com.sec.android.app.shealth,0,11552,1.2868242,8640.0205,435.3299,kv/gFnHKRS,com.sec.android.app.shealth,c8fb70eb-91bb-471b-adae-b840679e40bb,1746748800000,
20a0ee30-6363-43ef-b36a-f57a0f648b81.binning_data.json,2025-05-10 23:00:02.460,2025-05-09 23:23:18.342,com.sec.android.app.shealth,-2,10910,1.2726283,8091.1504,426.78995,VfS0qUERdZ,com.sec.android.app.shealth,20a0ee30-6363-43ef-b36a-f57a0f648b81,1746835200000,
12765c28-7aa5-482b-9503-d9ab8ae065c5.binning_data.json,2025-05-10 23:00:01.813,2025-05-10 23:00:01.813,com.sec.android.app.shealth,0,10910,1.2726283,8091.1504,426.78995,kv/gFnHKRS,com.sec.android.app.shealth,12765c28-7aa5-482b-9503-d9ab8ae065c5,1746835200000,
a8ad7f42-eb56-4bea-ad45-015cd75c540a.binning_data.json,2025-05-11 23:00:02.338,2025-05-10 23:12:51.488,com.sec.android.app.shealth,-2,4108,1.1915755,3034.0103,161.29997,VfS0qUERdZ,com.sec.android.app.shealth,a8ad7f42-eb56-4bea-ad45-015cd75c540a,1746921600000,
ef6b9fce-3767-43be-80aa-cc9de29c150f.binning_data.json,2025-05-11 23:00:01.781,2025-05-11 23:00:01.781,com.sec.android.app.shealth,0,4108,1.1915755,3034.0103,161.29997,kv/gFnHKRS,com.sec.android.app.shealth,ef6b9fce-3767-43be-80aa-cc9de29c150f,1746921600000,
956ef34d-9d9f-4431-b52b-93d7d53f0a48.binning_data.json,2025-05-12 23:00:02.948,2025-05-12 10:44:55.189,com.sec.android.app.shealth,-2,448,1.2698729,335.13998,16.92,VfS0qUERdZ,com.sec.android.app.shealth,956ef34d-9d9f-4431-b52b-93d7d53f0a48,1747008000000,
a1e6879e-ecb0-4237-bd1c-6eb4240cc53b.binning_data.json,2025-05-12 23:00:02.247,2025-05-12 23:00:02.247,com.sec.android.app.shealth,0,448,1.2698729,335.13998,16.92,kv/gFnHKRS,com.sec.android.app.shealth,a1e6879e-ecb0-4237-bd1c-6eb4240cc53b,1747008000000,
4831ee6e-93c9-4818-a56b-9389696823bd.binning_data.json,2025-05-13 23:00:03.077,2025-05-13 11:48:53.486,com.sec.android.app.shealth,-2,3469,1.1565108,2557.01,136.2,VfS0qUERdZ,com.sec.android.app.shealth,4831ee6e-93c9-4818-a56b-9389696823bd,1747094400000,
d1414976-c2a3-4a61-8292-3d1bc5192dc9.binning_data.json,2025-05-13 23:00:02.385,2025-05-13 23:00:02.385,com.sec.android.app.shealth,0,3469,1.1565108,2557.01,136.2,kv/gFnHKRS,com.sec.android.app.shealth,d1414976-c2a3-4a61-8292-3d1bc5192dc9,1747094400000,
aaf81d4c-e51b-4be4-9616-4071638fd388.binning_data.json,2025-05-14 22:29:38.999,2025-05-13 23:33:27.656,com.sec.android.app.shealth,-2,7933,1.1562452,5793.1304,314.54987,VfS0qUERdZ,com.sec.android.app.shealth,aaf81d4c-e51b-4be4-9616-4071638fd388,1747180800000,
59f61ab2-c11f-4f00-86ed-e0a6c5772b7b.binning_data.json,2025-05-14 23:00:02.097,2025-05-14 23:00:02.097,com.sec.android.app.shealth,0,7933,1.1562452,5793.1304,314.54987,kv/gFnHKRS,com.sec.android.app.shealth,59f61ab2-c11f-4f00-86ed-e0a6c5772b7b,1747180800000,
7c070938-22f5-42d1-97c5-da15d8a6e926.binning_data.json,2025-05-15 23:00:02.984,2025-05-14 23:40:08.126,com.sec.android.app.shealth,-2,4717,1.1820351,3516.8901,191.72993,VfS0qUERdZ,com.sec.android.app.shealth,7c070938-22f5-42d1-97c5-da15d8a6e926,1747267200000,
8e11841c-3e60-45f9-94e2-ef9ba1258e2d.binning_data.json,2025-05-15 23:00:02.344,2025-05-15 23:00:02.344,com.sec.android.app.shealth,0,4717,1.1820351,3516.8901,191.72993,kv/gFnHKRS,com.sec.android.app.shealth,8e11841c-3e60-45f9-94e2-ef9ba1258e2d,1747267200000,
31f78a8f-8ac9-4ba0-864f-8da74ac763ca.binning_data.json,2025-05-16 20:51:27.504,2025-05-16 00:01:11.462,com.sec.android.app.shealth,-2,1834,1.157794,1368.7999,73.88999,VfS0qUERdZ,com.sec.android.app.shealth,31f78a8f-8ac9-4ba0-864f-8da74ac763ca,1747353600000,
2952ca86-75be-4753-a76b-75fe7a0bb924.binning_data.json,2025-05-16 23:00:01.848,2025-05-16 23:00:01.848,com.sec.android.app.shealth,0,1834,1.157794,1368.7999,73.88999,kv/gFnHKRS,com.sec.android.app.shealth,2952ca86-75be-4753-a76b-75fe7a0bb924,1747353600000,
6f981b1f-8a11-4e38-9c0b-19ff7d11d1d6.binning_data.json,2025-05-17 22:55:04.991,2025-05-17 10:59:47.013,com.sec.android.app.shealth,-2,3139,1.160448,2324.82,123.61999,VfS0qUERdZ,com.sec.android.app.shealth,6f981b1f-8a11-4e38-9c0b-19ff7d11d1d6,1747440000000,
c2bb8e08-125f-47de-9a39-da9614a53d16.binning_data.json,2025-05-17 23:05:01.062,2025-05-17 23:05:01.062,com.sec.android.app.shealth,0,3139,1.160448,2324.82,123.61999,kv/gFnHKRS,com.sec.android.app.shealth,c2bb8e08-125f-47de-9a39-da9614a53d16,1747440000000,
31098703-80c9-4877-aacf-db515a7919a1.binning_data.json,2025-05-18 23:00:02.541,2025-05-17 23:07:01.810,com.sec.android.app.shealth,-2,3002,1.1756973,2270.8,117.83,VfS0qUERdZ,com.sec.android.app.shealth,31098703-80c9-4877-aacf-db515a7919a1,1747526400000,
e2953217-4b66-42e6-8853-60965d39b61a.binning_data.json,2025-05-18 23:00:02.002,2025-05-18 23:00:02.002,com.sec.android.app.shealth,0,3002,1.1756973,2270.8,117.83,kv/gFnHKRS,com.sec.android.app.shealth,e2953217-4b66-42e6-8853-60965d39b61a,1747526400000,
ab4f7cf9-b040-4d6b-b4de-00a973389d73.binning_data.json,2025-05-19 23:00:02.887,2025-05-19 07:53:12.082,com.sec.android.app.shealth,-2,10863,1.1634206,8020.29,431.50998,VfS0qUERdZ,com.sec.android.app.shealth,ab4f7cf9-b040-4d6b-b4de-00a973389d73,1747612800000,
0aad990b-7c10-464e-885a-c5a5e97ab61d.binning_data.json,2025-05-19 23:00:02.187,2025-05-19 23:00:02.187,com.sec.android.app.shealth,0,10863,1.1634206,8020.29,431.50998,kv/gFnHKRS,com.sec.android.app.shealth,0aad990b-7c10-464e-885a-c5a5e97ab61d,1747612800000,
628c7b5e-7fa0-472a-8d43-01eb9201eea5.binning_data.json,2025-05-20 23:00:02.424,2025-05-19 23:35:41.305,com.sec.android.app.shealth,-2,3155,1.2426279,2385.79,126.85999,VfS0qUERdZ,com.sec.android.app.shealth,628c7b5e-7fa0-472a-8d43-01eb9201eea5,1747699200000,
5c03c559-e113-49e7-b5f0-146b21b93327.binning_data.json,2025-05-20 23:00:01.961,2025-05-20 23:00:01.961,com.sec.android.app.shealth,0,3155,1.2426279,2385.79,126.85999,kv/gFnHKRS,com.sec.android.app.shealth,5c03c559-e113-49e7-b5f0-146b21b93327,1747699200000,
d3ff24f0-60ef-4be5-a908-e4af8d0f601c.binning_data.json,2025-05-21 20:33:42.227,2025-05-21 08:35:05.896,com.sec.android.app.shealth,-2,10254,1.1488053,7623.84,409.9,VfS0qUERdZ,com.sec.android.app.shealth,d3ff24f0-60ef-4be5-a908-e4af8d0f601c,1747785600000,
84f18885-8d77-4469-a12b-b74698118698.binning_data.json,2025-05-21 23:00:01.871,2025-05-21 23:00:01.871,com.sec.android.app.shealth,0,10254,1.1488053,7623.84,409.9,kv/gFnHKRS,com.sec.android.app.shealth,84f18885-8d77-4469-a12b-b74698118698,1747785600000,
af0e380b-6431-45fb-9005-db74f6b68824.binning_data.json,2025-05-22 23:00:07.839,2025-05-21 23:43:14.327,com.sec.android.app.shealth,-2,5579,1.2465891,4150.43,222.9,VfS0qUERdZ,com.sec.android.app.shealth,af0e380b-6431-45fb-9005-db74f6b68824,1747872000000,
90fe1083-85bf-41ba-a743-4a190a1f1917.binning_data.json,2025-05-22 23:00:06.461,2025-05-22 23:00:06.461,com.sec.android.app.shealth,0,5579,1.2465891,4150.43,222.9,kv/gFnHKRS,com.sec.android.app.shealth,90fe1083-85bf-41ba-a743-4a190a1f1917,1747872000000,
261d435a-7694-4af4-8f91-e062399be54f.binning_data.json,2025-05-23 22:30:52.828,2025-05-23 06:49:28.510,com.sec.android.app.shealth,-2,3849,1.2203875,2974.7,155.53,VfS0qUERdZ,com.sec.android.app.shealth,261d435a-7694-4af4-8f91-e062399be54f,1747958400000,
3995810c-1e09-4168-84f2-fb4a2dd0f444.binning_data.json,2025-05-23 23:00:03.904,2025-05-23 23:00:03.904,com.sec.android.app.shealth,0,3849,1.2203875,2974.7,155.53,kv/gFnHKRS,com.sec.android.app.shealth,3995810c-1e09-4168-84f2-fb4a2dd0f444,1747958400000,
8709c0b1-e63a-4d8f-a149-9512499266d7.binning_data.json,2025-05-24 23:00:02.337,2025-05-24 09:09:40.431,com.sec.android.app.shealth,-2,17078,1.1614635,12472.601,679.91,VfS0qUERdZ,com.sec.android.app.shealth,8709c0b1-e63a-4d8f-a149-9512499266d7,1748044800000,
01358366-cc60-4eee-ba33-bb107840b057.binning_data.json,2025-05-24 23:00:01.705,2025-05-24 23:00:01.705,com.sec.android.app.shealth,0,17078,1.1614635,12472.601,679.91,kv/gFnHKRS,com.sec.android.app.shealth,01358366-cc60-4eee-ba33-bb107840b057,1748044800000,
a33d4803-2fa3-4ea5-83c4-c7f51d0867ff.binning_data.json,2025-05-25 23:00:02.760,2025-05-24 23:07:07.392,com.sec.android.app.shealth,-2,4317,1.1817963,3233.38,171.29999,VfS0qUERdZ,com.sec.android.app.shealth,a33d4803-2fa3-4ea5-83c4-c7f51d0867ff,1748131200000,
ec907b52-3d24-477f-bfb0-2ae5ac0aa178.binning_data.json,2025-05-25 23:00:02.007,2025-05-25 23:00:02.007,com.sec.android.app.shealth,0,4317,1.1817963,3233.38,171.29999,kv/gFnHKRS,com.sec.android.app.shealth,ec907b52-3d24-477f-bfb0-2ae5ac0aa178,1748131200000,
84949b50-ab12-4114-9d84-2715de95148d.binning_data.json,2025-05-26 22:55:15.137,2025-05-25 23:18:19.233,com.sec.android.app.shealth,-2,2537,1.1820983,1918.0099,100.77,VfS0qUERdZ,com.sec.android.app.shealth,84949b50-ab12-4114-9d84-2715de95148d,1748217600000,
89abec77-f240-4387-be02-ed40d90e4a84.binning_data.json,2025-05-26 23:53:41.183,2025-05-26 23:53:41.183,com.sec.android.app.shealth,0,2537,1.1820983,1918.0099,100.77,kv/gFnHKRS,com.sec.android.app.shealth,89abec77-f240-4387-be02-ed40d90e4a84,1748217600000,
12d6bb63-27a3-4553-b9b4-ca839bffab96.binning_data.json,2025-05-27 21:53:19.556,2025-05-27 08:55:07.640,com.sec.android.app.shealth,-2,5406,1.1660091,4073.41,217.34,VfS0qUERdZ,com.sec.android.app.shealth,12d6bb63-27a3-4553-b9b4-ca839bffab96,1748304000000,
a6545895-f0f5-40e1-8f3f-df0ee5d0e2ca.binning_data.json,2025-05-27 23:00:13.672,2025-05-27 23:00:13.672,com.sec.android.app.shealth,0,5406,1.1660091,4073.41,217.34,kv/gFnHKRS,com.sec.android.app.shealth,a6545895-f0f5-40e1-8f3f-df0ee5d0e2ca,1748304000000,
22386441-5ea2-4d0a-be70-4a705949ed33.binning_data.json,2025-05-28 20:15:01.577,2025-05-28 09:40:56.275,com.sec.android.app.shealth,-2,3949,1.1687572,2938.47,154.20999,VfS0qUERdZ,com.sec.android.app.shealth,22386441-5ea2-4d0a-be70-4a705949ed33,1748390400000,
48d125b5-6991-4e51-a347-bae9db63bc42.binning_data.json,2025-05-28 23:00:05.130,2025-05-28 23:00:05.130,com.sec.android.app.shealth,0,3949,1.1687572,2938.47,154.20999,kv/gFnHKRS,com.sec.android.app.shealth,48d125b5-6991-4e51-a347-bae9db63bc42,1748390400000,
2707e219-3936-4e03-928a-f134fdd51a2c.binning_data.json,2025-05-29 19:26:18.023,2025-05-29 07:18:59.656,com.sec.android.app.shealth,-2,5291,1.1053983,3896.75,207.56,VfS0qUERdZ,com.sec.android.app.shealth,2707e219-3936-4e03-928a-f134fdd51a2c,1748476800000,
f4c40c6d-95bb-47b1-bc5f-d9b42218be09.binning_data.json,2025-05-29 23:00:11.500,2025-05-29 23:00:11.500,com.sec.android.app.shealth,0,5291,1.1053983,3896.75,207.56,kv/gFnHKRS,com.sec.android.app.shealth,f4c40c6d-95bb-47b1-bc5f-d9b42218be09,1748476800000,
a4d9ecee-7763-4168-9321-10af31d0753b.binning_data.json,2025-05-30 22:53:02.085,2025-05-30 09:12:34.447,com.sec.android.app.shealth,-2,8722,1.1738812,6517.48,346.52,VfS0qUERdZ,com.sec.android.app.shealth,a4d9ecee-7763-4168-9321-10af31d0753b,1748563200000,
97f79d90-fee1-4dee-b80a-298e16c748d5.binning_data.json,2025-05-30 23:00:02.563,2025-05-30 23:00:02.563,com.sec.android.app.shealth,0,8722,1.1738812,6517.48,346.52,kv/gFnHKRS,com.sec.android.app.shealth,97f79d90-fee1-4dee-b80a-298e16c748d5,1748563200000,
64054cb2-31ee-49e0-8895-217623724d72.binning_data.json,2025-05-31 23:05:17.741,2025-05-31 09:02:08.484,com.sec.android.app.shealth,-2,5386,1.1847137,4028.4202,220.93999,VfS0qUERdZ,com.sec.android.app.shealth,64054cb2-31ee-49e0-8895-217623724d72,1748649600000,
ebdf88a8-f888-45e5-a4b5-deea59cbab1b.binning_data.json,2025-05-31 23:05:17.080,2025-05-31 23:05:17.080,com.sec.android.app.shealth,0,5386,1.1847137,4028.4202,220.93999,kv/gFnHKRS,com.sec.android.app.shealth,ebdf88a8-f888-45e5-a4b5-deea59cbab1b,1748649600000,
551d26fa-9909-4e53-81f4-d6b6806c1590.binning_data.json,2025-06-01 21:21:00.378,2025-05-31 23:51:50.402,com.sec.android.app.shealth,-2,2827,1.2320904,2186.7,114.13999,VfS0qUERdZ,com.sec.android.app.shealth,551d26fa-9909-4e53-81f4-d6b6806c1590,1748736000000,
b52bc4ad-3179-475e-a2d9-70ce51436892.binning_data.json,2025-06-01 23:00:02.264,2025-06-01 23:00:02.264,com.sec.android.app.shealth,0,2827,1.2320904,2186.7,114.13999,kv/gFnHKRS,com.sec.android.app.shealth,b52bc4ad-3179-475e-a2d9-70ce51436892,1748736000000,
fc7114d3-aa74-4431-bba2-acc840b3731c.binning_data.json,2025-06-03 23:00:08.928,2025-06-02 08:51:34.829,com.sec.android.app.shealth,-2,7302,1.1775146,5311.0605,295.6199,VfS0qUERdZ,com.sec.android.app.shealth,fc7114d3-aa74-4431-bba2-acc840b3731c,1748822400000,
4b7eae4a-4818-4b37-b04a-b4292f198afd.binning_data.json,2025-06-03 23:00:03.618,2025-06-02 23:00:01.998,com.sec.android.app.shealth,0,7302,1.1775146,5311.0605,295.6199,kv/gFnHKRS,com.sec.android.app.shealth,4b7eae4a-4818-4b37-b04a-b4292f198afd,1748822400000,
abbe7ab3-650b-4525-8ac3-42bca6aed067.binning_data.json,2025-06-03 21:16:20.780,2025-06-02 23:11:36.367,com.sec.android.app.shealth,-2,8621,1.2269505,6539.34,348.40997,VfS0qUERdZ,com.sec.android.app.shealth,abbe7ab3-650b-4525-8ac3-42bca6aed067,1748908800000,
48d9685f-2a16-4b5f-b7ec-bb8202977346.binning_data.json,2025-06-03 23:00:03.611,2025-06-03 23:00:03.611,com.sec.android.app.shealth,0,8621,1.2269505,6539.34,348.40997,kv/gFnHKRS,com.sec.android.app.shealth,48d9685f-2a16-4b5f-b7ec-bb8202977346,1748908800000,
d3e950d5-2aa6-4982-95da-9eb6106261de.binning_data.json,2025-06-04 23:00:09.310,2025-06-04 09:28:39.150,com.sec.android.app.shealth,-2,10576,1.1699474,7693.61,423.15997,VfS0qUERdZ,com.sec.android.app.shealth,d3e950d5-2aa6-4982-95da-9eb6106261de,1748995200000,
f79f7901-00d7-4274-b656-e479d7094de2.binning_data.json,2025-06-05 22:36:05.156,2025-06-04 23:00:06.859,com.sec.android.app.shealth,-2,3019,1.2643719,2300.63,122.09,VfS0qUERdZ,com.sec.android.app.shealth,f79f7901-00d7-4274-b656-e479d7094de2,1749081600000,
775ac6dc-88fc-425b-ad8e-b60f0a7947c7.binning_data.json,2025-06-05 23:00:04.049,2025-06-04 23:00:07.713,com.sec.android.app.shealth,0,3019,1.2643719,2300.63,122.09,kv/gFnHKRS,com.sec.android.app.shealth,775ac6dc-88fc-425b-ad8e-b60f0a7947c7,1749081600000,
f09bdf64-ed31-4246-b7c5-d438d28ea3e9.binning_data.json,2025-06-04 23:00:07.758,2025-06-04 23:00:07.758,com.sec.android.app.shealth,0,10576,1.1699474,7693.61,423.15997,kv/gFnHKRS,com.sec.android.app.shealth,f09bdf64-ed31-4246-b7c5-d438d28ea3e9,1748995200000,
60652741-8d2c-46b4-92c2-ce6b51d8be63.binning_data.json,2025-06-06 21:57:40.418,2025-06-06 08:43:52.040,com.sec.android.app.shealth,-2,1443,1.223816,1092.1901,57.12,VfS0qUERdZ,com.sec.android.app.shealth,60652741-8d2c-46b4-92c2-ce6b51d8be63,1749168000000,
b5bf8d3b-29bc-437b-9598-6658018d2fc2.binning_data.json,2025-06-06 23:00:01.474,2025-06-06 23:00:01.474,com.sec.android.app.shealth,0,1443,1.223816,1092.1901,57.12,kv/gFnHKRS,com.sec.android.app.shealth,b5bf8d3b-29bc-437b-9598-6658018d2fc2,1749168000000,
034b9c5f-cbba-4e15-beb2-abb2553549d3.binning_data.json,2025-06-07 22:55:06.060,2025-06-06 23:13:28.011,com.sec.android.app.shealth,-2,7135,1.2292035,5412.34,279.97998,VfS0qUERdZ,com.sec.android.app.shealth,034b9c5f-cbba-4e15-beb2-abb2553549d3,1749254400000,
351e591d-23d6-4c6f-8611-4dceb95d2cf1.binning_data.json,2025-06-07 23:00:02.079,2025-06-07 23:00:02.079,com.sec.android.app.shealth,0,7135,1.2292035,5412.34,279.97998,kv/gFnHKRS,com.sec.android.app.shealth,351e591d-23d6-4c6f-8611-4dceb95d2cf1,1749254400000,
5b7ecd02-ca33-4628-9286-2b836d602a9c.binning_data.json,2025-06-08 21:20:39.465,2025-06-07 23:13:25.585,com.sec.android.app.shealth,-2,14900,1.2736653,11044.64,598.0,VfS0qUERdZ,com.sec.android.app.shealth,5b7ecd02-ca33-4628-9286-2b836d602a9c,1749340800000,
d466d3be-9955-4ecd-80c4-0f6bf52e483d.binning_data.json,2025-06-08 23:01:32.698,2025-06-08 23:01:32.698,com.sec.android.app.shealth,0,14900,1.2736653,11044.64,598.0,kv/gFnHKRS,com.sec.android.app.shealth,d466d3be-9955-4ecd-80c4-0f6bf52e483d,1749340800000,
307a4395-46ab-4ffd-b971-71b6f63c00fe.binning_data.json,2025-06-09 22:57:19.325,2025-06-08 23:15:24.857,com.sec.android.app.shealth,-2,10708,1.2803873,7967.08,421.25,VfS0qUERdZ,com.sec.android.app.shealth,307a4395-46ab-4ffd-b971-71b6f63c00fe,1749427200000,
02a697d7-9c96-40fb-b5e4-eed6bba06bc5.binning_data.json,2025-06-09 23:00:01.611,2025-06-09 23:00:01.611,com.sec.android.app.shealth,0,10708,1.2803873,7967.08,421.25,kv/gFnHKRS,com.sec.android.app.shealth,02a697d7-9c96-40fb-b5e4-eed6bba06bc5,1749427200000,
a4694c00-5235-4cdd-ac77-5c3f59864ce3.binning_data.json,2025-06-10 21:54:05.779,2025-06-10 10:15:22.166,com.sec.android.app.shealth,-2,1481,1.2861485,1139.74,56.89,VfS0qUERdZ,com.sec.android.app.shealth,a4694c00-5235-4cdd-ac77-5c3f59864ce3,1749513600000,
ba9f6a5f-9bf7-43c3-aa7e-f6127d92c012.binning_data.json,2025-06-10 23:00:03.306,2025-06-10 23:00:03.306,com.sec.android.app.shealth,0,1481,1.2861485,1139.74,56.89,kv/gFnHKRS,com.sec.android.app.shealth,ba9f6a5f-9bf7-43c3-aa7e-f6127d92c012,1749513600000,
a09eaba2-d41b-494e-8d5b-cc8d8962db26.binning_data.json,2025-06-11 21:41:54.899,2025-06-11 08:31:29.353,com.sec.android.app.shealth,-2,7752,1.1861037,5726.06,306.2,VfS0qUERdZ,com.sec.android.app.shealth,a09eaba2-d41b-494e-8d5b-cc8d8962db26,1749600000000,
0e7a3544-f8dd-4d1c-b453-0bd5df2b26fa.binning_data.json,2025-06-11 23:00:12.184,2025-06-11 23:00:12.184,com.sec.android.app.shealth,0,7752,1.1861037,5726.06,306.2,kv/gFnHKRS,com.sec.android.app.shealth,0e7a3544-f8dd-4d1c-b453-0bd5df2b26fa,1749600000000,
44ea4ede-9de4-4ff3-8ec1-dfdc6363eb09.binning_data.json,2025-06-12 21:49:01.175,2025-06-12 06:51:05.361,com.sec.android.app.shealth,-2,6787,1.1873227,5093.9,272.22998,VfS0qUERdZ,com.sec.android.app.shealth,44ea4ede-9de4-4ff3-8ec1-dfdc6363eb09,1749686400000,
b35e4071-0847-4738-b871-4f0dd8168708.binning_data.json,2025-06-12 23:00:01.737,2025-06-12 23:00:01.737,com.sec.android.app.shealth,0,6787,1.1873227,5093.9,272.22998,kv/gFnHKRS,com.sec.android.app.shealth,b35e4071-0847-4738-b871-4f0dd8168708,1749686400000,
a65011ee-e693-46de-9b68-6191a90166fb.binning_data.json,2025-06-13 21:51:34.623,2025-06-12 23:02:17.617,com.sec.android.app.shealth,-2,13785,1.2902063,10371.74,550.88,VfS0qUERdZ,com.sec.android.app.shealth,a65011ee-e693-46de-9b68-6191a90166fb,1749772800000,
7a46cf00-c072-4a94-b012-5c3af8cec239.binning_data.json,2025-06-14 03:25:51.829,2025-06-14 03:25:51.829,com.sec.android.app.shealth,0,13785,1.2902063,10371.74,550.88,kv/gFnHKRS,com.sec.android.app.shealth,7a46cf00-c072-4a94-b012-5c3af8cec239,1749772800000,
0c37b05b-e696-428c-8f51-8feb6972768f.binning_data.json,2025-06-14 20:15:42.017,2025-06-14 08:51:06.654,com.sec.android.app.shealth,-2,5220,1.2700986,3929.02,211.43,VfS0qUERdZ,com.sec.android.app.shealth,0c37b05b-e696-428c-8f51-8feb6972768f,1749859200000,
00760dd5-13ca-4aec-997a-8b17ba7ff96c.binning_data.json,2025-06-14 23:00:02.613,2025-06-14 23:00:02.613,com.sec.android.app.shealth,0,5220,1.2700986,3929.02,211.43,kv/gFnHKRS,com.sec.android.app.shealth,00760dd5-13ca-4aec-997a-8b17ba7ff96c,1749859200000,
a2be2bf1-9a32-42e7-ba4c-299e8665a362.binning_data.json,2025-06-15 22:47:12.141,2025-06-15 10:00:06.924,com.sec.android.app.shealth,-2,7214,1.0967838,5357.54,290.25998,VfS0qUERdZ,com.sec.android.app.shealth,a2be2bf1-9a32-42e7-ba4c-299e8665a362,1749945600000,
cc9dab29-7aae-4cbd-ac1e-5bd3f895a0b9.binning_data.json,2025-06-15 23:00:02.802,2025-06-15 23:00:02.802,com.sec.android.app.shealth,0,7214,1.0967838,5357.54,290.25998,kv/gFnHKRS,com.sec.android.app.shealth,cc9dab29-7aae-4cbd-ac1e-5bd3f895a0b9,1749945600000,
f6ba7c4f-8bc5-401e-8dcf-af1997855f53.binning_data.json,2025-06-16 22:07:04.789,2025-06-15 23:04:02.842,com.sec.android.app.shealth,-2,3205,1.2116826,2402.2,124.53,VfS0qUERdZ,com.sec.android.app.shealth,f6ba7c4f-8bc5-401e-8dcf-af1997855f53,1750032000000,
9576f0a4-4263-48da-9d33-5959021415a0.binning_data.json,2025-06-16 23:00:01.806,2025-06-16 23:00:01.806,com.sec.android.app.shealth,0,3205,1.2116826,2402.2,124.53,kv/gFnHKRS,com.sec.android.app.shealth,9576f0a4-4263-48da-9d33-5959021415a0,1750032000000,
f3b60bf4-60a8-428f-9d97-a967f24181f8.binning_data.json,2025-06-17 21:14:44.669,2025-06-17 09:50:35.113,com.sec.android.app.shealth,-2,4358,1.2547141,3395.98,179.2,VfS0qUERdZ,com.sec.android.app.shealth,f3b60bf4-60a8-428f-9d97-a967f24181f8,1750118400000,
9a22971c-2145-435c-acfe-5158b53fe71d.binning_data.json,2025-06-17 23:00:14.505,2025-06-17 23:00:14.505,com.sec.android.app.shealth,0,4358,1.2547141,3395.98,179.2,kv/gFnHKRS,com.sec.android.app.shealth,9a22971c-2145-435c-acfe-5158b53fe71d,1750118400000,
0712bfff-d0ee-4c24-9cda-7a26db97ba30.binning_data.json,2025-06-18 22:14:28.055,2025-06-17 23:06:56.212,com.sec.android.app.shealth,-2,2403,1.2389687,1833.71,94.829994,VfS0qUERdZ,com.sec.android.app.shealth,0712bfff-d0ee-4c24-9cda-7a26db97ba30,1750204800000,
43177eb6-a3a1-4012-84dd-e2a7e78d1ef9.binning_data.json,2025-06-18 23:00:02.982,2025-06-18 23:00:02.982,com.sec.android.app.shealth,0,2403,1.2389687,1833.71,94.829994,kv/gFnHKRS,com.sec.android.app.shealth,43177eb6-a3a1-4012-84dd-e2a7e78d1ef9,1750204800000,
da8d8977-ee6d-4c5e-b2c1-9e8465d1b33a.binning_data.json,2025-06-19 22:18:22.099,2025-06-19 08:34:23.028,com.sec.android.app.shealth,-2,12625,1.2363547,9475.63,504.77,VfS0qUERdZ,com.sec.android.app.shealth,da8d8977-ee6d-4c5e-b2c1-9e8465d1b33a,1750291200000,
3e2c7f3f-8284-475d-bee1-78778fe6256e.binning_data.json,2025-06-19 23:22:30.953,2025-06-19 23:22:30.953,com.sec.android.app.shealth,0,12625,1.2363547,9475.63,504.77,kv/gFnHKRS,com.sec.android.app.shealth,3e2c7f3f-8284-475d-bee1-78778fe6256e,1750291200000,
daeaa7cb-be6d-48ce-aa55-73c61c0954b2.binning_data.json,2025-06-20 22:56:25.517,2025-06-20 08:25:12.600,com.sec.android.app.shealth,-2,6438,1.2351644,4775.15,254.78998,VfS0qUERdZ,com.sec.android.app.shealth,daeaa7cb-be6d-48ce-aa55-73c61c0954b2,1750377600000,
cf2938c0-6a38-40ec-afaf-b41e4ee9c45e.binning_data.json,2025-06-20 23:00:10.493,2025-06-20 23:00:10.493,com.sec.android.app.shealth,0,6438,1.2351644,4775.15,254.78998,kv/gFnHKRS,com.sec.android.app.shealth,cf2938c0-6a38-40ec-afaf-b41e4ee9c45e,1750377600000,
a8785010-dbf1-4df5-b7be-183e95045380.binning_data.json,2025-06-22 23:00:03.837,2025-06-20 23:04:39.234,com.sec.android.app.shealth,-2,4077,1.2387081,3075.3901,164.48,VfS0qUERdZ,com.sec.android.app.shealth,a8785010-dbf1-4df5-b7be-183e95045380,1750464000000,
109ac1c5-f195-4d0d-ad6e-54f7b23fe69f.binning_data.json,2025-06-21 23:00:28.286,2025-06-21 23:00:04.802,com.sec.android.app.shealth,0,4077,1.2387081,3075.3901,164.48,kv/gFnHKRS,com.sec.android.app.shealth,109ac1c5-f195-4d0d-ad6e-54f7b23fe69f,1750464000000,
04053687-6cdc-4813-8c51-298af27b4711.binning_data.json,2025-06-22 22:47:34.522,2025-06-21 23:00:34.684,com.sec.android.app.shealth,-2,3219,1.1980673,2415.99,125.85,VfS0qUERdZ,com.sec.android.app.shealth,04053687-6cdc-4813-8c51-298af27b4711,1750550400000,
34b03a69-9edd-4b8e-8e18-f4f72916f677.binning_data.json,2025-06-22 23:00:02.649,2025-06-22 23:00:02.649,com.sec.android.app.shealth,0,3219,1.1980673,2415.99,125.85,kv/gFnHKRS,com.sec.android.app.shealth,34b03a69-9edd-4b8e-8e18-f4f72916f677,1750550400000,
2e6e4596-3d08-42d3-8914-7140f5aea37d.binning_data.json,2025-06-23 22:49:11.640,2025-06-23 09:46:12.178,com.sec.android.app.shealth,-2,736,1.2864623,580.92,30.969997,VfS0qUERdZ,com.sec.android.app.shealth,2e6e4596-3d08-42d3-8914-7140f5aea37d,1750636800000,
1f30dd0d-b407-4f27-9800-31d89b805392.binning_data.json,2025-06-23 23:00:01.749,2025-06-23 23:00:01.749,com.sec.android.app.shealth,0,736,1.2864623,580.92,30.969997,kv/gFnHKRS,com.sec.android.app.shealth,1f30dd0d-b407-4f27-9800-31d89b805392,1750636800000,
0170e369-2b36-49f9-9412-4abcc56cdbdb.binning_data.json,2025-06-24 22:08:21.429,2025-06-24 09:01:16.511,com.sec.android.app.shealth,-2,4170,1.262898,3279.41,172.5,VfS0qUERdZ,com.sec.android.app.shealth,0170e369-2b36-49f9-9412-4abcc56cdbdb,1750723200000,
7b4c9ea8-80df-4758-b7bf-e2485156870b.binning_data.json,2025-06-24 23:13:37.863,2025-06-24 23:13:37.863,com.sec.android.app.shealth,0,4170,1.262898,3279.41,172.5,kv/gFnHKRS,com.sec.android.app.shealth,7b4c9ea8-80df-4758-b7bf-e2485156870b,1750723200000,
a243a620-c26f-464d-98a6-d5fa98ba4028.binning_data.json,2025-06-25 22:53:52.993,2025-06-25 10:54:26.908,com.sec.android.app.shealth,-2,8820,1.2243457,6618.94,354.43,VfS0qUERdZ,com.sec.android.app.shealth,a243a620-c26f-464d-98a6-d5fa98ba4028,1750809600000,
3493c92c-f221-4d16-b9c4-f0310eda4f42.binning_data.json,2025-06-25 23:58:35.124,2025-06-25 23:58:35.124,com.sec.android.app.shealth,0,8820,1.2243457,6618.94,354.43,kv/gFnHKRS,com.sec.android.app.shealth,3493c92c-f221-4d16-b9c4-f0310eda4f42,1750809600000,
2e09f0cb-732d-4329-8c63-34f3b9be8a32.binning_data.json,2025-06-26 20:53:00.539,2025-06-26 09:16:43.973,com.sec.android.app.shealth,-2,6850,1.2219605,5074.41,272.58,VfS0qUERdZ,com.sec.android.app.shealth,2e09f0cb-732d-4329-8c63-34f3b9be8a32,1750896000000,
7fe47dae-a05f-45cd-9e4d-6e60ff9974e7.binning_data.json,2025-06-26 23:00:02.220,2025-06-26 23:00:02.220,com.sec.android.app.shealth,0,6850,1.2219605,5074.41,272.58,kv/gFnHKRS,com.sec.android.app.shealth,7fe47dae-a05f-45cd-9e4d-6e60ff9974e7,1750896000000,
c3e1d5f3-4dc8-4fe9-8897-8dbd98b33dde.binning_data.json,2025-06-27 22:59:34.807,2025-06-27 09:37:46.241,com.sec.android.app.shealth,-2,4930,1.2876663,3860.18,199.61,VfS0qUERdZ,com.sec.android.app.shealth,c3e1d5f3-4dc8-4fe9-8897-8dbd98b33dde,1750982400000,
e05496b4-c897-44e2-880d-5af066ca66b8.binning_data.json,2025-06-27 23:00:01.586,2025-06-27 23:00:01.586,com.sec.android.app.shealth,0,4930,1.2876663,3860.18,199.61,kv/gFnHKRS,com.sec.android.app.shealth,e05496b4-c897-44e2-880d-5af066ca66b8,1750982400000,
42861601-5f75-41d5-a224-3f50591f593e.binning_data.json,2025-06-28 22:40:45.777,2025-06-27 23:19:50.717,com.sec.android.app.shealth,-2,3410,1.2449566,2630.1099,136.28,VfS0qUERdZ,com.sec.android.app.shealth,42861601-5f75-41d5-a224-3f50591f593e,1751068800000,
3e8bacb1-435d-492b-a8ae-2d3651b41687.binning_data.json,2025-06-28 23:00:01.840,2025-06-28 23:00:01.840,com.sec.android.app.shealth,0,3410,1.2449566,2630.1099,136.28,kv/gFnHKRS,com.sec.android.app.shealth,3e8bacb1-435d-492b-a8ae-2d3651b41687,1751068800000,
ff865e6a-2ebd-4bb9-895a-ee4eca8faa20.binning_data.json,2025-06-29 23:00:03.110,2025-06-28 23:15:27.420,com.sec.android.app.shealth,-2,9915,1.2523147,7422.11,393.90997,VfS0qUERdZ,com.sec.android.app.shealth,ff865e6a-2ebd-4bb9-895a-ee4eca8faa20,1751155200000,
b01ef794-ca73-4775-aa4f-58348b69c1c2.binning_data.json,2025-06-29 23:00:02.261,2025-06-29 23:00:02.261,com.sec.android.app.shealth,0,9915,1.2523147,7422.11,393.90997,kv/gFnHKRS,com.sec.android.app.shealth,b01ef794-ca73-4775-aa4f-58348b69c1c2,1751155200000,
e4108d87-12ae-4f80-8a2e-b5cd2d4b885b.binning_data.json,2025-06-30 21:25:29.375,2025-06-29 23:00:53.380,com.sec.android.app.shealth,-2,6399,1.1833204,4770.33,256.25998,VfS0qUERdZ,com.sec.android.app.shealth,e4108d87-12ae-4f80-8a2e-b5cd2d4b885b,1751241600000,
86f9f1b3-3698-43dc-9e09-088b1e63cabf.binning_data.json,2025-06-30 22:00:01.780,2025-06-30 22:00:01.780,com.sec.android.app.shealth,0,6399,1.1833204,4770.33,256.25998,kv/gFnHKRS,com.sec.android.app.shealth,86f9f1b3-3698-43dc-9e09-088b1e63cabf,1751241600000,
8a7566b5-ac1f-4747-9b68-7c6e4201c78f.binning_data.json,2025-07-01 19:24:41.509,2025-06-30 22:18:53.145,com.sec.android.app.shealth,-2,12053,1.2123786,8858.12,486.41998,VfS0qUERdZ,com.sec.android.app.shealth,8a7566b5-ac1f-4747-9b68-7c6e4201c78f,1751328000000,
908dd994-2619-4295-afdd-63e5a78c3ff4.binning_data.json,2025-07-01 22:05:14.878,2025-07-01 22:05:14.878,com.sec.android.app.shealth,0,12053,1.2123786,8858.12,486.41998,kv/gFnHKRS,com.sec.android.app.shealth,908dd994-2619-4295-afdd-63e5a78c3ff4,1751328000000,
8ababdc5-4930-424c-af4e-bd149f8c4c49.binning_data.json,2025-07-02 20:55:02.240,2025-07-02 07:20:23.181,com.sec.android.app.shealth,-2,13536,1.2916011,10163.831,539.7998,VfS0qUERdZ,com.sec.android.app.shealth,8ababdc5-4930-424c-af4e-bd149f8c4c49,1751414400000,
249f155b-7c08-44be-8926-4519ae57c8e6.binning_data.json,2025-07-02 22:00:01.570,2025-07-02 22:00:01.570,com.sec.android.app.shealth,0,13536,1.2916011,10163.831,539.7998,kv/gFnHKRS,com.sec.android.app.shealth,249f155b-7c08-44be-8926-4519ae57c8e6,1751414400000,
546e5447-51ec-4399-9523-3dc3183ff443.binning_data.json,2025-07-03 20:39:36.609,2025-07-03 07:50:10.601,com.sec.android.app.shealth,-2,4926,1.2136792,3709.95,197.2,VfS0qUERdZ,com.sec.android.app.shealth,546e5447-51ec-4399-9523-3dc3183ff443,1751500800000,
4111d8cf-3059-4ec3-b468-7e0e76d53ad0.binning_data.json,2025-07-03 22:00:03.198,2025-07-03 22:00:03.198,com.sec.android.app.shealth,0,4926,1.2136792,3709.95,197.2,kv/gFnHKRS,com.sec.android.app.shealth,4111d8cf-3059-4ec3-b468-7e0e76d53ad0,1751500800000,
6d40460d-2257-45ba-a1d3-1384589e8d0a.binning_data.json,2025-07-04 21:03:28.179,2025-07-04 08:19:08.709,com.sec.android.app.shealth,-2,13488,1.1910115,9995.36,543.45996,VfS0qUERdZ,com.sec.android.app.shealth,6d40460d-2257-45ba-a1d3-1384589e8d0a,1751587200000,
9ac83061-6f02-406d-b6f3-8bf8386e05b5.binning_data.json,2025-07-04 22:00:07.489,2025-07-04 22:00:07.489,com.sec.android.app.shealth,0,13488,1.1910115,9995.36,543.45996,kv/gFnHKRS,com.sec.android.app.shealth,9ac83061-6f02-406d-b6f3-8bf8386e05b5,1751587200000,
76a3da8a-7a67-483a-bfb2-d0c339388937.binning_data.json,2025-07-05 21:01:40.578,2025-07-05 06:52:42.006,com.sec.android.app.shealth,-2,9209,1.2168719,6895.95,368.41,VfS0qUERdZ,com.sec.android.app.shealth,76a3da8a-7a67-483a-bfb2-d0c339388937,1751673600000,
c55911bb-a8bd-4373-9762-94b06ea5d233.binning_data.json,2025-07-05 22:18:53.343,2025-07-05 22:18:53.343,com.sec.android.app.shealth,0,9209,1.2168719,6895.95,368.41,kv/gFnHKRS,com.sec.android.app.shealth,c55911bb-a8bd-4373-9762-94b06ea5d233,1751673600000,
308c47cc-c07e-4495-ad7c-77af18389db6.binning_data.json,2025-07-06 20:59:17.373,2025-07-06 07:39:06.179,com.sec.android.app.shealth,-2,3529,1.2751553,2649.55,139.34999,VfS0qUERdZ,com.sec.android.app.shealth,308c47cc-c07e-4495-ad7c-77af18389db6,1751760000000,
911fc466-6881-477c-bda7-4ea40dc81e9f.binning_data.json,2025-07-06 22:00:24.025,2025-07-06 22:00:24.025,com.sec.android.app.shealth,0,3529,1.2751553,2649.55,139.34999,kv/gFnHKRS,com.sec.android.app.shealth,911fc466-6881-477c-bda7-4ea40dc81e9f,1751760000000,
7db58cdb-5f53-47cf-8e14-218a2628e831.binning_data.json,2025-07-07 22:58:41.457,2025-07-07 06:12:16.885,com.sec.android.app.shealth,-2,6493,1.2595694,4952.71,259.21,VfS0qUERdZ,com.sec.android.app.shealth,7db58cdb-5f53-47cf-8e14-218a2628e831,1751846400000,
dd4a726a-dda5-47a7-9b49-35f53763fe06.binning_data.json,2025-07-07 23:00:01.859,2025-07-07 19:07:15.789,com.sec.android.app.shealth,0,6493,1.2595694,4952.71,259.21,kv/gFnHKRS,com.sec.android.app.shealth,dd4a726a-dda5-47a7-9b49-35f53763fe06,1751846400000,
103c8cf3-f83a-4998-a6a0-22924dea0ef8.binning_data.json,2025-07-08 22:36:27.400,2025-07-08 09:29:06.278,com.sec.android.app.shealth,-2,7990,1.2877935,6048.12,316.71,VfS0qUERdZ,com.sec.android.app.shealth,103c8cf3-f83a-4998-a6a0-22924dea0ef8,1751932800000,
cbeea730-3112-4ea8-9004-5281221a853f.binning_data.json,2025-07-08 23:00:02.145,2025-07-08 23:00:02.145,com.sec.android.app.shealth,0,7990,1.2877935,6048.12,316.71,kv/gFnHKRS,com.sec.android.app.shealth,cbeea730-3112-4ea8-9004-5281221a853f,1751932800000,
c1c17695-2d97-4027-981c-0da048d43f18.binning_data.json,2025-07-09 21:47:40.658,2025-07-09 08:22:46.246,com.sec.android.app.shealth,-2,2173,1.2802347,1698.22,88.369995,VfS0qUERdZ,com.sec.android.app.shealth,c1c17695-2d97-4027-981c-0da048d43f18,1752019200000,
0949bcdb-d3b4-4d1a-bce9-a8cc77d3f500.binning_data.json,2025-07-09 23:00:02.107,2025-07-09 23:00:02.107,com.sec.android.app.shealth,0,2173,1.2802347,1698.22,88.369995,kv/gFnHKRS,com.sec.android.app.shealth,0949bcdb-d3b4-4d1a-bce9-a8cc77d3f500,1752019200000,
cf6daf00-2ca0-49aa-894a-39a3de814c41.binning_data.json,2025-07-10 22:01:47.528,2025-07-09 23:51:13.819,com.sec.android.app.shealth,-2,2393,1.255595,1842.09,96.53,VfS0qUERdZ,com.sec.android.app.shealth,cf6daf00-2ca0-49aa-894a-39a3de814c41,1752105600000,
8f718b6c-111f-4b59-8a66-dbbdc7a201ad.binning_data.json,2025-07-10 23:16:20.941,2025-07-10 23:16:20.941,com.sec.android.app.shealth,0,2393,1.255595,1842.09,96.53,kv/gFnHKRS,com.sec.android.app.shealth,8f718b6c-111f-4b59-8a66-dbbdc7a201ad,1752105600000,
9362de54-a0f8-4bfd-96b6-52f49af9238c.binning_data.json,2025-07-11 21:57:31.010,2025-07-10 23:27:42.311,com.sec.android.app.shealth,-2,9461,1.2572186,7084.57,382.21997,VfS0qUERdZ,com.sec.android.app.shealth,9362de54-a0f8-4bfd-96b6-52f49af9238c,1752192000000,
aab24d05-94d4-4e88-9f60-5255ea39ff33.binning_data.json,2025-07-11 23:00:02.286,2025-07-11 23:00:02.286,com.sec.android.app.shealth,0,9461,1.2572186,7084.57,382.21997,kv/gFnHKRS,com.sec.android.app.shealth,aab24d05-94d4-4e88-9f60-5255ea39ff33,1752192000000,
fc5408e4-ee1e-4ea6-ab0c-2e9df0568deb.binning_data.json,2025-07-12 22:48:10.430,2025-07-12 08:27:21.524,com.sec.android.app.shealth,-2,9151,1.2637519,6967.16,366.00998,VfS0qUERdZ,com.sec.android.app.shealth,fc5408e4-ee1e-4ea6-ab0c-2e9df0568deb,1752278400000,
89650789-25ee-4b73-ae5d-33c9817531e4.binning_data.json,2025-07-12 23:00:11.512,2025-07-12 23:00:11.512,com.sec.android.app.shealth,0,9151,1.2637519,6967.16,366.00998,kv/gFnHKRS,com.sec.android.app.shealth,89650789-25ee-4b73-ae5d-33c9817531e4,1752278400000,
07bcdb63-f7d0-47ea-8557-c4bd810a7699.binning_data.json,2025-07-13 22:56:02.036,2025-07-12 23:12:40.159,com.sec.android.app.shealth,-2,7532,1.1807992,5556.55,303.97998,VfS0qUERdZ,com.sec.android.app.shealth,07bcdb63-f7d0-47ea-8557-c4bd810a7699,1752364800000,
785b9290-b271-4924-97a4-b7c49e8d7659.binning_data.json,2025-07-13 23:00:01.816,2025-07-13 23:00:01.816,com.sec.android.app.shealth,0,7532,1.1807992,5556.55,303.97998,kv/gFnHKRS,com.sec.android.app.shealth,785b9290-b271-4924-97a4-b7c49e8d7659,1752364800000,
60f86c76-e28f-4f8d-8829-1dcac65495b6.binning_data.json,2025-07-14 22:04:11.946,2025-07-14 08:23:11.378,com.sec.android.app.shealth,-2,10496,1.1632348,7604.04,420.86996,VfS0qUERdZ,com.sec.android.app.shealth,60f86c76-e28f-4f8d-8829-1dcac65495b6,1752451200000,
50b0ee11-d452-400b-8749-9d53f995e810.binning_data.json,2025-07-14 23:00:07.679,2025-07-14 23:00:07.679,com.sec.android.app.shealth,0,10496,1.1632348,7604.04,420.86996,kv/gFnHKRS,com.sec.android.app.shealth,50b0ee11-d452-400b-8749-9d53f995e810,1752451200000,
a2dbbcc5-80b4-45c3-a40d-527c92faffa4.binning_data.json,2025-07-15 21:21:13.324,2025-07-15 08:30:33.846,com.sec.android.app.shealth,-2,8114,1.2200121,6092.79,324.11,VfS0qUERdZ,com.sec.android.app.shealth,a2dbbcc5-80b4-45c3-a40d-527c92faffa4,1752537600000,
e587aa09-4239-47fe-84f2-e8c706ce3844.binning_data.json,2025-07-16 00:24:34.379,2025-07-16 00:24:34.379,com.sec.android.app.shealth,0,8114,1.2200121,6092.79,324.11,kv/gFnHKRS,com.sec.android.app.shealth,e587aa09-4239-47fe-84f2-e8c706ce3844,1752537600000,
ca3103b3-9838-45e9-ba1b-18b9bf951335.binning_data.json,2025-07-16 21:03:43.753,2025-07-16 07:11:44.531,com.sec.android.app.shealth,-2,10596,1.193513,7827.89,415.86996,VfS0qUERdZ,com.sec.android.app.shealth,ca3103b3-9838-45e9-ba1b-18b9bf951335,1752624000000,
8e59e1a6-df72-40b7-97e4-a28875ade4c8.binning_data.json,2025-07-16 23:00:08.443,2025-07-16 23:00:08.443,com.sec.android.app.shealth,0,10596,1.193513,7827.89,415.86996,kv/gFnHKRS,com.sec.android.app.shealth,8e59e1a6-df72-40b7-97e4-a28875ade4c8,1752624000000,
a5739851-2803-403d-89a8-5d2da195a1bd.binning_data.json,2025-07-17 22:36:00.369,2025-07-17 07:26:57.515,com.sec.android.app.shealth,-2,2684,1.1821672,2025.93,103.96999,VfS0qUERdZ,com.sec.android.app.shealth,a5739851-2803-403d-89a8-5d2da195a1bd,1752710400000,
b83ff095-5b05-48d4-84d0-58e30e1f5e56.binning_data.json,2025-07-17 23:30:01.775,2025-07-17 23:30:01.775,com.sec.android.app.shealth,0,2684,1.1821672,2025.93,103.96999,kv/gFnHKRS,com.sec.android.app.shealth,b83ff095-5b05-48d4-84d0-58e30e1f5e56,1752710400000,
c6deffba-05a1-4dd3-9cc0-4c70f94f65b7.binning_data.json,2025-07-18 22:04:20.999,2025-07-18 09:13:52.763,com.sec.android.app.shealth,-2,836,1.3705039,673.07,34.97,VfS0qUERdZ,com.sec.android.app.shealth,c6deffba-05a1-4dd3-9cc0-4c70f94f65b7,1752796800000,
76b92c51-827f-4ade-9bd0-16f3adf5973f.binning_data.json,2025-07-18 23:00:02.345,2025-07-18 23:00:02.345,com.sec.android.app.shealth,0,836,1.3705039,673.07,34.97,kv/gFnHKRS,com.sec.android.app.shealth,76b92c51-827f-4ade-9bd0-16f3adf5973f,1752796800000,
4892ae9d-ee41-4450-a4a4-a1e66dafffc5.binning_data.json,2025-07-19 22:10:26.546,2025-07-19 10:21:40.853,com.sec.android.app.shealth,-2,3504,1.2198577,2734.79,145.4,VfS0qUERdZ,com.sec.android.app.shealth,4892ae9d-ee41-4450-a4a4-a1e66dafffc5,1752883200000,
98b143a0-e5fc-47ce-9104-b4b0c7346a0d.binning_data.json,2025-07-19 23:47:05.757,2025-07-19 23:47:05.757,com.sec.android.app.shealth,0,3504,1.2198577,2734.79,145.4,kv/gFnHKRS,com.sec.android.app.shealth,98b143a0-e5fc-47ce-9104-b4b0c7346a0d,1752883200000,
11fc8afd-e8c8-4634-9e96-f748650d63a1.binning_data.json,2025-07-20 22:58:23.393,2025-07-20 00:55:02.732,com.sec.android.app.shealth,-2,3838,1.2149429,2926.31,155.13,VfS0qUERdZ,com.sec.android.app.shealth,11fc8afd-e8c8-4634-9e96-f748650d63a1,1752969600000,
b1b6eca4-df8a-4d81-8877-790412e5878a.binning_data.json,2025-07-20 23:00:01.407,2025-07-20 23:00:01.407,com.sec.android.app.shealth,0,3838,1.2149429,2926.31,155.13,kv/gFnHKRS,com.sec.android.app.shealth,b1b6eca4-df8a-4d81-8877-790412e5878a,1752969600000,
4559b066-b09e-4515-a403-097aaa72531d.binning_data.json,2025-07-21 22:00:26.136,2025-07-21 09:50:55.830,com.sec.android.app.shealth,-2,4194,1.2306381,3191.48,170.68999,VfS0qUERdZ,com.sec.android.app.shealth,4559b066-b09e-4515-a403-097aaa72531d,1753056000000,
aaecc1ec-6925-4e5b-9757-72d6955ece1a.binning_data.json,2025-07-21 23:00:02.833,2025-07-21 23:00:02.833,com.sec.android.app.shealth,0,4194,1.2306381,3191.48,170.68999,kv/gFnHKRS,com.sec.android.app.shealth,aaecc1ec-6925-4e5b-9757-72d6955ece1a,1753056000000,
4b7a5565-0841-4b1a-8892-01229206edf3.binning_data.json,2025-07-22 21:37:11.158,2025-07-21 23:12:12.971,com.sec.android.app.shealth,-2,2405,1.2152264,1836.87,99.2,VfS0qUERdZ,com.sec.android.app.shealth,4b7a5565-0841-4b1a-8892-01229206edf3,1753142400000,
ab9d929b-d95e-41f7-8af2-0fa18b74d70d.binning_data.json,2025-07-22 23:00:02.132,2025-07-22 23:00:02.132,com.sec.android.app.shealth,0,2405,1.2152264,1836.87,99.2,kv/gFnHKRS,com.sec.android.app.shealth,ab9d929b-d95e-41f7-8af2-0fa18b74d70d,1753142400000,
e34b8be7-b474-4283-b266-fb66f232cf77.binning_data.json,2025-07-23 22:15:02.322,2025-07-23 10:26:08.565,com.sec.android.app.shealth,-2,5334,1.2594166,4105.76,218.84999,VfS0qUERdZ,com.sec.android.app.shealth,e34b8be7-b474-4283-b266-fb66f232cf77,1753228800000,
85a1ff47-5e07-416f-b31e-74eb49ca079d.binning_data.json,2025-07-23 23:00:01.327,2025-07-23 23:00:01.327,com.sec.android.app.shealth,0,5334,1.2594166,4105.76,218.84999,kv/gFnHKRS,com.sec.android.app.shealth,85a1ff47-5e07-416f-b31e-74eb49ca079d,1753228800000,
4126d2ae-9c01-42f6-999c-ecbe95cb34a6.binning_data.json,2025-07-24 20:58:23.619,2025-07-23 23:02:03.314,com.sec.android.app.shealth,-2,6543,1.2397211,4938.35,265.52,VfS0qUERdZ,com.sec.android.app.shealth,4126d2ae-9c01-42f6-999c-ecbe95cb34a6,1753315200000,
886af3f6-aa52-4788-af7c-723c1895301a.binning_data.json,2025-07-24 23:00:02.572,2025-07-24 23:00:02.572,com.sec.android.app.shealth,0,6543,1.2397211,4938.35,265.52,kv/gFnHKRS,com.sec.android.app.shealth,886af3f6-aa52-4788-af7c-723c1895301a,1753315200000,
34ec5d31-3626-4f62-946a-fa06d0e29f58.binning_data.json,2025-07-25 21:24:06.375,2025-07-25 06:10:49.920,com.sec.android.app.shealth,-2,4966,1.2534572,3848.17,204.87,VfS0qUERdZ,com.sec.android.app.shealth,34ec5d31-3626-4f62-946a-fa06d0e29f58,1753401600000,
a5e4ddd3-1d14-4223-9c74-5d3811fdf319.binning_data.json,2025-07-25 23:00:26.412,2025-07-25 23:00:26.412,com.sec.android.app.shealth,0,4966,1.2534572,3848.17,204.87,kv/gFnHKRS,com.sec.android.app.shealth,a5e4ddd3-1d14-4223-9c74-5d3811fdf319,1753401600000,
0b5ed01a-7fb9-4385-b88d-0c3a546ee1bc.binning_data.json,2025-07-26 19:05:35.177,2025-07-26 06:57:45.096,com.sec.android.app.shealth,-2,5981,1.160625,4508.71,238.79,VfS0qUERdZ,com.sec.android.app.shealth,0b5ed01a-7fb9-4385-b88d-0c3a546ee1bc,1753488000000,
fcb87eb0-330e-411d-9ab4-6eb51624c3e0.binning_data.json,2025-07-27 00:49:41.886,2025-07-27 00:49:41.886,com.sec.android.app.shealth,0,5981,1.160625,4508.71,238.79,kv/gFnHKRS,com.sec.android.app.shealth,fcb87eb0-330e-411d-9ab4-6eb51624c3e0,1753488000000,
2d874f8e-26f9-4356-9c54-b3d204bee846.binning_data.json,2025-07-27 22:09:44.583,2025-07-27 09:11:34.740,com.sec.android.app.shealth,-2,3551,1.2163886,2666.77,142.28,VfS0qUERdZ,com.sec.android.app.shealth,2d874f8e-26f9-4356-9c54-b3d204bee846,1753574400000,
091ce2ed-e984-47a3-9e4b-9781ceb6850a.binning_data.json,2025-07-28 08:22:51.749,2025-07-28 08:22:51.749,com.sec.android.app.shealth,0,3551,1.2163886,2666.77,142.28,kv/gFnHKRS,com.sec.android.app.shealth,091ce2ed-e984-47a3-9e4b-9781ceb6850a,1753574400000,
0193559f-ae94-42af-96fa-efb3075d8489.binning_data.json,2025-07-28 19:54:14.958,2025-07-28 08:36:04.778,com.sec.android.app.shealth,-2,2543,1.2255421,1925.65,101.649994,VfS0qUERdZ,com.sec.android.app.shealth,0193559f-ae94-42af-96fa-efb3075d8489,1753660800000,
f99abd18-3621-48d7-a86b-2ca1acb48a40.binning_data.json,2025-07-28 23:00:01.927,2025-07-28 23:00:01.927,com.sec.android.app.shealth,0,2543,1.2255421,1925.65,101.649994,kv/gFnHKRS,com.sec.android.app.shealth,f99abd18-3621-48d7-a86b-2ca1acb48a40,1753660800000,
df1c6006-ed38-4066-8958-735f52444d6f.binning_data.json,2025-07-29 21:32:48.412,2025-07-29 10:57:30.134,com.sec.android.app.shealth,-2,2014,1.2311286,1553.7,82.52,VfS0qUERdZ,com.sec.android.app.shealth,df1c6006-ed38-4066-8958-735f52444d6f,1753747200000,
0c935560-8930-419d-ae67-d92b658d68e1.binning_data.json,2025-07-29 23:00:01.808,2025-07-29 23:00:01.808,com.sec.android.app.shealth,0,2014,1.2311286,1553.7,82.52,kv/gFnHKRS,com.sec.android.app.shealth,0c935560-8930-419d-ae67-d92b658d68e1,1753747200000,
194d4e88-d064-4f55-b8e4-b155af47e04c.binning_data.json,2025-07-30 21:21:11.400,2025-07-30 10:56:18.552,com.sec.android.app.shealth,-2,7074,1.2517674,5286.53,279.97,VfS0qUERdZ,com.sec.android.app.shealth,194d4e88-d064-4f55-b8e4-b155af47e04c,1753833600000,
9b067fb8-4af5-4ede-8d2d-0aa3f1427c91.binning_data.json,2025-07-31 00:19:24.136,2025-07-31 00:19:24.136,com.sec.android.app.shealth,0,7074,1.2517674,5286.53,279.97,kv/gFnHKRS,com.sec.android.app.shealth,9b067fb8-4af5-4ede-8d2d-0aa3f1427c91,1753833600000,
ef8fa4f1-0102-467d-95e6-ef5268c1b1bd.binning_data.json,2025-07-31 22:59:42.147,2025-07-31 10:21:19.667,com.sec.android.app.shealth,-2,12061,1.2246938,8824.94,495.50998,VfS0qUERdZ,com.sec.android.app.shealth,ef8fa4f1-0102-467d-95e6-ef5268c1b1bd,1753920000000,
2ac84b9d-d9a5-4971-8e7f-ad844f91316a.binning_data.json,2025-07-31 23:00:03.158,2025-07-31 23:00:03.158,com.sec.android.app.shealth,0,12061,1.2246938,8824.94,495.50998,kv/gFnHKRS,com.sec.android.app.shealth,2ac84b9d-d9a5-4971-8e7f-ad844f91316a,1753920000000,
b1be3034-af7c-47dc-b2d7-86b297c7f206.binning_data.json,2025-08-01 21:56:06.789,2025-08-01 09:23:11.772,com.sec.android.app.shealth,-2,2955,1.2281836,2285.93,119.56,VfS0qUERdZ,com.sec.android.app.shealth,b1be3034-af7c-47dc-b2d7-86b297c7f206,1754006400000,
fda5e0a0-15ba-436e-97f4-d2444d8766fe.binning_data.json,2025-08-01 23:00:01.785,2025-08-01 23:00:01.785,com.sec.android.app.shealth,0,2955,1.2281836,2285.93,119.56,kv/gFnHKRS,com.sec.android.app.shealth,fda5e0a0-15ba-436e-97f4-d2444d8766fe,1754006400000,
5bf2748f-5d2b-4051-903b-01e46622d1e8.binning_data.json,2025-08-02 23:01:55.965,2025-08-02 09:50:15.251,com.sec.android.app.shealth,-2,6523,1.166681,4872.0303,262.05,VfS0qUERdZ,com.sec.android.app.shealth,5bf2748f-5d2b-4051-903b-01e46622d1e8,1754092800000,
5af0fc15-7222-43f1-8fb1-65ec530e5110.binning_data.json,2025-08-02 23:01:54.243,2025-08-02 23:01:54.243,com.sec.android.app.shealth,0,6523,1.166681,4872.0303,262.05,kv/gFnHKRS,com.sec.android.app.shealth,5af0fc15-7222-43f1-8fb1-65ec530e5110,1754092800000,
9470d31e-d4b5-4e72-8a2e-5f87232e7f3b.binning_data.json,2025-08-03 23:00:22.946,2025-08-02 23:01:54.249,com.sec.android.app.shealth,0,4034,1.2328349,3087.57,163.57997,kv/gFnHKRS,com.sec.android.app.shealth,9470d31e-d4b5-4e72-8a2e-5f87232e7f3b,1754179200000,
025164ce-ba81-4bdd-b3ab-38c5e622642d.binning_data.json,2025-08-03 22:27:36.190,2025-08-02 23:01:54.393,com.sec.android.app.shealth,-2,4034,1.2328349,3087.57,163.57997,VfS0qUERdZ,com.sec.android.app.shealth,025164ce-ba81-4bdd-b3ab-38c5e622642d,1754179200000,
2a09918b-16e1-407e-86d5-deba68e39a2e.binning_data.json,2025-08-04 21:30:26.899,2025-08-04 08:20:33.899,com.sec.android.app.shealth,-2,5791,1.1886399,4320.55,232.47998,VfS0qUERdZ,com.sec.android.app.shealth,2a09918b-16e1-407e-86d5-deba68e39a2e,1754265600000,
132e8ab0-a851-4e51-bc5b-197623b747ab.binning_data.json,2025-08-04 22:00:01.758,2025-08-04 22:00:01.758,com.sec.android.app.shealth,0,5791,1.1886399,4320.55,232.47998,kv/gFnHKRS,com.sec.android.app.shealth,132e8ab0-a851-4e51-bc5b-197623b747ab,1754265600000,
5bb065d7-7bd7-40bc-a083-f8e4364bb11a.binning_data.json,2025-08-05 21:47:43.423,2025-08-05 06:51:58.737,com.sec.android.app.shealth,-2,8433,1.1946402,6290.0303,336.40997,VfS0qUERdZ,com.sec.android.app.shealth,5bb065d7-7bd7-40bc-a083-f8e4364bb11a,1754352000000,
b7ce3bd6-3583-4d1c-8ff2-8d8cc65f0510.binning_data.json,2025-08-05 22:00:02.220,2025-08-05 22:00:02.220,com.sec.android.app.shealth,0,8433,1.1946402,6290.0303,336.40997,kv/gFnHKRS,com.sec.android.app.shealth,b7ce3bd6-3583-4d1c-8ff2-8d8cc65f0510,1754352000000,
3134db24-bf31-4c54-86a4-182886115205.binning_data.json,2025-08-06 22:55:14.448,2025-08-06 08:25:58.474,com.sec.android.app.shealth,-2,9082,1.2436816,6791.22,362.19995,VfS0qUERdZ,com.sec.android.app.shealth,3134db24-bf31-4c54-86a4-182886115205,1754438400000,
e8f70783-8321-4a2e-971e-352fdec9c326.binning_data.json,2025-08-06 22:55:13.444,2025-08-06 22:55:13.444,com.sec.android.app.shealth,0,9082,1.2436816,6791.22,362.19995,kv/gFnHKRS,com.sec.android.app.shealth,e8f70783-8321-4a2e-971e-352fdec9c326,1754438400000,
47879802-a897-412d-ad1e-78094defabf1.binning_data.json,2025-08-07 21:11:46.654,2025-08-07 07:30:55.229,com.sec.android.app.shealth,-2,8479,1.1969478,6367.02,337.69998,VfS0qUERdZ,com.sec.android.app.shealth,47879802-a897-412d-ad1e-78094defabf1,1754524800000,
d7dc19f7-770f-4202-836a-1440f7aa6c01.binning_data.json,2025-08-07 22:00:02.397,2025-08-07 22:00:02.397,com.sec.android.app.shealth,0,8479,1.1969478,6367.02,337.69998,kv/gFnHKRS,com.sec.android.app.shealth,d7dc19f7-770f-4202-836a-1440f7aa6c01,1754524800000,
0cbb7a16-c52e-4d2d-9009-b842e0f80fad.binning_data.json,2025-08-08 18:56:48.212,2025-08-08 08:20:06.011,com.sec.android.app.shealth,-2,11158,1.293004,8414.4,446.3299,VfS0qUERdZ,com.sec.android.app.shealth,0cbb7a16-c52e-4d2d-9009-b842e0f80fad,1754611200000,
9dc52b98-05ca-45c2-a6bc-83ba4da8e639.binning_data.json,2025-08-08 22:00:02.010,2025-08-08 22:00:02.010,com.sec.android.app.shealth,0,11158,1.293004,8414.4,446.3299,kv/gFnHKRS,com.sec.android.app.shealth,9dc52b98-05ca-45c2-a6bc-83ba4da8e639,1754611200000,
b2b7f4a2-99d2-4d9f-8483-ea10f3c5f08a.binning_data.json,2025-08-09 21:26:41.880,2025-08-09 06:01:34.350,com.sec.android.app.shealth,-2,19674,1.2676762,14700.221,778.2499,VfS0qUERdZ,com.sec.android.app.shealth,b2b7f4a2-99d2-4d9f-8483-ea10f3c5f08a,1754697600000,
a73bda15-61d1-4092-9ba1-0126f28cd9f4.binning_data.json,2025-08-09 22:00:02.776,2025-08-09 22:00:02.776,com.sec.android.app.shealth,0,19674,1.2676762,14700.221,778.2499,kv/gFnHKRS,com.sec.android.app.shealth,a73bda15-61d1-4092-9ba1-0126f28cd9f4,1754697600000,
83c4b1d7-6767-4709-af3f-a2386e6496fe.binning_data.json,2025-08-10 21:05:10.488,2025-08-10 06:45:22.643,com.sec.android.app.shealth,-2,5574,1.2215633,4249.5103,224.43,VfS0qUERdZ,com.sec.android.app.shealth,83c4b1d7-6767-4709-af3f-a2386e6496fe,1754784000000,
857b0c90-98e4-41db-9661-4374f005a0d2.binning_data.json,2025-08-10 22:00:02.455,2025-08-10 22:00:02.455,com.sec.android.app.shealth,0,5574,1.2215633,4249.5103,224.43,kv/gFnHKRS,com.sec.android.app.shealth,857b0c90-98e4-41db-9661-4374f005a0d2,1754784000000,
0fdacc66-a5b2-4e45-be8f-1b85f9dda7ab.binning_data.json,2025-08-11 20:04:14.340,2025-08-11 07:47:09.285,com.sec.android.app.shealth,-2,7627,1.2346176,5780.9707,308.18997,VfS0qUERdZ,com.sec.android.app.shealth,0fdacc66-a5b2-4e45-be8f-1b85f9dda7ab,1754870400000,
693a125b-4fcf-47b9-a9ec-2d3784daf6ce.binning_data.json,2025-08-11 22:00:02.909,2025-08-11 22:00:02.909,com.sec.android.app.shealth,0,7627,1.2346176,5780.9707,308.18997,kv/gFnHKRS,com.sec.android.app.shealth,693a125b-4fcf-47b9-a9ec-2d3784daf6ce,1754870400000,
e0125c1f-1941-4488-a306-9ac6986696e8.binning_data.json,2025-08-12 21:11:39.182,2025-08-12 04:50:10.875,com.sec.android.app.shealth,-2,10695,1.1976593,7322.42,450.21,VfS0qUERdZ,com.sec.android.app.shealth,e0125c1f-1941-4488-a306-9ac6986696e8,1754956800000,
a3fd4d72-4236-4ed1-b02c-761b8d86533f.binning_data.json,2025-08-12 22:00:06.405,2025-08-12 22:00:06.405,com.sec.android.app.shealth,0,10695,1.1976593,7322.42,450.21,kv/gFnHKRS,com.sec.android.app.shealth,a3fd4d72-4236-4ed1-b02c-761b8d86533f,1754956800000,
84fae6ce-9100-489e-b96c-868e0cbd7439.binning_data.json,2025-08-13 21:09:05.129,2025-08-13 07:30:17.346,com.sec.android.app.shealth,-2,13062,1.1862398,9742.74,523.9199,VfS0qUERdZ,com.sec.android.app.shealth,84fae6ce-9100-489e-b96c-868e0cbd7439,1755043200000,
c791a3bb-eaf6-4ea3-a873-7534a8d5f55f.binning_data.json,2025-08-13 22:49:24.859,2025-08-13 22:49:24.859,com.sec.android.app.shealth,0,13062,1.1862398,9742.74,523.9199,kv/gFnHKRS,com.sec.android.app.shealth,c791a3bb-eaf6-4ea3-a873-7534a8d5f55f,1755043200000,
f2cafbd0-c304-48f9-a21a-5a5246b5a1d5.binning_data.json,2025-08-14 21:50:43.779,2025-08-14 08:01:01.485,com.sec.android.app.shealth,-2,8368,1.175189,6148.25,266.24,VfS0qUERdZ,com.sec.android.app.shealth,f2cafbd0-c304-48f9-a21a-5a5246b5a1d5,1755129600000,
591bd304-bf21-47c8-b2d6-3ee7f10b4e89.binning_data.json,2025-08-14 22:00:01.561,2025-08-14 22:00:01.561,com.sec.android.app.shealth,0,8368,1.175189,6148.25,266.24,kv/gFnHKRS,com.sec.android.app.shealth,591bd304-bf21-47c8-b2d6-3ee7f10b4e89,1755129600000,
84711e85-3bd7-4f6e-9ac4-d9fc5c9f6322.binning_data.json,2025-08-16 22:00:19.539,2025-08-15 07:37:22.878,com.sec.android.app.shealth,-2,6728,1.1900035,4821.26,230.13998,VfS0qUERdZ,com.sec.android.app.shealth,84711e85-3bd7-4f6e-9ac4-d9fc5c9f6322,1755216000000,
0367cdb6-c886-4432-af3f-4eaf79098d5c.binning_data.json,2025-08-15 22:05:26.559,2025-08-15 22:00:02.430,com.sec.android.app.shealth,0,6728,1.1900035,4821.26,230.13998,kv/gFnHKRS,com.sec.android.app.shealth,0367cdb6-c886-4432-af3f-4eaf79098d5c,1755216000000,
91ce8a96-f0d2-4afc-b330-0d389455f5c4.binning_data.json,2025-08-16 20:15:34.739,2025-08-15 22:37:59.408,com.sec.android.app.shealth,-2,8114,1.2796041,6038.48,256.38995,VfS0qUERdZ,com.sec.android.app.shealth,91ce8a96-f0d2-4afc-b330-0d389455f5c4,1755302400000,
3dd7429b-0173-4a90-85fb-4c132e8a9eb0.binning_data.json,2025-08-16 22:00:14.297,2025-08-16 22:00:14.297,com.sec.android.app.shealth,0,8114,1.2796041,6038.48,256.38995,kv/gFnHKRS,com.sec.android.app.shealth,3dd7429b-0173-4a90-85fb-4c132e8a9eb0,1755302400000,
671262fa-4b44-47a2-97d1-6c87fb8034fb.binning_data.json,2025-08-17 21:02:59.122,2025-08-17 07:22:14.489,com.sec.android.app.shealth,-2,3910,1.2346467,2998.8801,131.54,VfS0qUERdZ,com.sec.android.app.shealth,671262fa-4b44-47a2-97d1-6c87fb8034fb,1755388800000,
779c03ee-d081-4cce-a0db-4ffc94652e64.binning_data.json,2025-08-17 22:00:03.107,2025-08-17 22:00:03.107,com.sec.android.app.shealth,0,3910,1.2346467,2998.8801,131.54,kv/gFnHKRS,com.sec.android.app.shealth,779c03ee-d081-4cce-a0db-4ffc94652e64,1755388800000,
b8a42bf9-1336-4d8d-aff8-45a48a058e47.binning_data.json,2025-08-18 21:14:14.839,2025-08-18 05:33:18.719,com.sec.android.app.shealth,-2,6716,1.2218014,5166.36,224.92,VfS0qUERdZ,com.sec.android.app.shealth,b8a42bf9-1336-4d8d-aff8-45a48a058e47,1755475200000,
45cb8b37-0ed5-48db-be15-dad8f17495c1.binning_data.json,2025-08-18 23:00:03.905,2025-08-18 11:29:30.287,com.sec.android.app.shealth,0,6716,1.2218014,5166.36,224.92,kv/gFnHKRS,com.sec.android.app.shealth,45cb8b37-0ed5-48db-be15-dad8f17495c1,1755475200000,
71e65db6-078b-4d38-9f89-4b27edbe220f.binning_data.json,2025-08-19 20:08:34.440,2025-08-19 07:25:00.231,com.sec.android.app.shealth,-2,9457,1.2045003,7023.1504,298.78995,VfS0qUERdZ,com.sec.android.app.shealth,71e65db6-078b-4d38-9f89-4b27edbe220f,1755561600000,
29d20090-4c42-4c19-9c96-80a199ae67db.binning_data.json,2025-08-19 23:00:11.160,2025-08-19 23:00:11.160,com.sec.android.app.shealth,0,9457,1.2045003,7023.1504,298.78995,kv/gFnHKRS,com.sec.android.app.shealth,29d20090-4c42-4c19-9c96-80a199ae67db,1755561600000,
cda184e5-93de-4a22-a960-ba80b81ebd13.binning_data.json,2025-08-20 23:00:04.879,2025-08-20 08:25:42.929,com.sec.android.app.shealth,-2,17916,1.2972907,13669.69,579.6899,VfS0qUERdZ,com.sec.android.app.shealth,cda184e5-93de-4a22-a960-ba80b81ebd13,1755648000000,
612bbc6c-fd97-4fa2-a5a1-cf3babecd67b.binning_data.json,2025-08-21 23:21:52.929,2025-08-20 23:00:02.913,com.sec.android.app.shealth,0,10405,1.2466196,7764.3403,326.16995,kv/gFnHKRS,com.sec.android.app.shealth,612bbc6c-fd97-4fa2-a5a1-cf3babecd67b,1755734400000,
494ac0db-7d87-496a-8700-461b9d0c6377.binning_data.json,2025-08-20 23:00:02.950,2025-08-20 23:00:02.950,com.sec.android.app.shealth,0,17916,1.2972907,13669.69,579.6899,kv/gFnHKRS,com.sec.android.app.shealth,494ac0db-7d87-496a-8700-461b9d0c6377,1755648000000,
bf88f13f-37af-4634-82d5-532ed12ac6d0.binning_data.json,2025-08-21 23:21:53.843,2025-08-20 23:00:04.869,com.sec.android.app.shealth,-2,10405,1.2466196,7764.3403,326.16995,VfS0qUERdZ,com.sec.android.app.shealth,bf88f13f-37af-4634-82d5-532ed12ac6d0,1755734400000,
dc4fdd19-3ddd-4392-abd9-f7c0b669c2a8.binning_data.json,2025-08-22 21:05:53.100,2025-08-22 08:55:11.014,com.sec.android.app.shealth,-2,10561,1.2347068,7894.73,334.78998,VfS0qUERdZ,com.sec.android.app.shealth,dc4fdd19-3ddd-4392-abd9-f7c0b669c2a8,1755820800000,
c42e7c90-1632-4e29-a2a9-c130659d2ecd.binning_data.json,2025-08-22 23:00:13.439,2025-08-22 23:00:13.439,com.sec.android.app.shealth,0,10561,1.2347068,7894.73,334.78998,kv/gFnHKRS,com.sec.android.app.shealth,c42e7c90-1632-4e29-a2a9-c130659d2ecd,1755820800000,
a5501477-4660-4821-b2d3-97b129b284a6.binning_data.json,2025-08-23 21:34:43.317,2025-08-23 05:40:30.960,com.sec.android.app.shealth,-2,12134,1.2429259,9018.33,378.53998,VfS0qUERdZ,com.sec.android.app.shealth,a5501477-4660-4821-b2d3-97b129b284a6,1755907200000,
4993e12e-04bf-4226-9220-36201ef81136.binning_data.json,2025-08-23 23:00:02.972,2025-08-23 23:00:02.972,com.sec.android.app.shealth,0,12134,1.2429259,9018.33,378.53998,kv/gFnHKRS,com.sec.android.app.shealth,4993e12e-04bf-4226-9220-36201ef81136,1755907200000,
f3b41497-0fef-4522-bc32-34694925da6c.binning_data.json,2025-08-24 22:55:21.487,2025-08-24 00:13:50.974,com.sec.android.app.shealth,-2,6393,1.2085124,4848.8,212.08998,VfS0qUERdZ,com.sec.android.app.shealth,f3b41497-0fef-4522-bc32-34694925da6c,1755993600000,
eb6da393-7ded-4a9d-9314-1a07019c847d.binning_data.json,2025-08-25 22:54:12.582,2025-08-24 23:35:31.714,com.sec.android.app.shealth,-2,4651,1.2133266,3507.3398,154.82999,VfS0qUERdZ,com.sec.android.app.shealth,eb6da393-7ded-4a9d-9314-1a07019c847d,1756080000000,
f559fe70-f7ea-410d-9147-7d7b16779c59.binning_data.json,2025-08-24 23:35:53.590,2025-08-24 23:35:53.590,com.sec.android.app.shealth,0,6393,1.2085124,4848.8,212.08998,kv/gFnHKRS,com.sec.android.app.shealth,f559fe70-f7ea-410d-9147-7d7b16779c59,1755993600000,
78912f42-7969-4840-bfc1-3a1f580a3636.binning_data.json,2025-08-25 23:01:12.058,2025-08-24 23:35:53.598,com.sec.android.app.shealth,0,4651,1.2133266,3507.3398,154.82999,kv/gFnHKRS,com.sec.android.app.shealth,78912f42-7969-4840-bfc1-3a1f580a3636,1756080000000,
1f094c01-bd2a-4fdb-b9cd-c15444973aad.binning_data.json,2025-08-26 22:51:42.042,2025-08-25 23:02:57.440,com.sec.android.app.shealth,-2,8589,1.1647724,6383.71,278.66,VfS0qUERdZ,com.sec.android.app.shealth,1f094c01-bd2a-4fdb-b9cd-c15444973aad,1756166400000,
5c1e4556-2cae-4a7d-82dc-5c70d36514f6.binning_data.json,2025-08-26 23:00:03.640,2025-08-26 23:00:03.640,com.sec.android.app.shealth,0,8589,1.1647724,6383.71,278.66,kv/gFnHKRS,com.sec.android.app.shealth,5c1e4556-2cae-4a7d-82dc-5c70d36514f6,1756166400000,
2689a062-8d7c-476b-a932-2099f3b28974.binning_data.json,2025-08-27 22:40:36.783,2025-08-26 23:11:08.858,com.sec.android.app.shealth,-2,13121,1.1644552,9666.54,420.38998,VfS0qUERdZ,com.sec.android.app.shealth,2689a062-8d7c-476b-a932-2099f3b28974,1756252800000,
bf828b44-9d1c-4365-91d9-a8f55cb07786.binning_data.json,2025-08-27 23:00:02.210,2025-08-27 23:00:02.210,com.sec.android.app.shealth,0,13121,1.1644552,9666.54,420.38998,kv/gFnHKRS,com.sec.android.app.shealth,bf828b44-9d1c-4365-91d9-a8f55cb07786,1756252800000,
2c8e4692-26cc-41fc-9612-a98c43a1ef0e.binning_data.json,2025-08-28 22:41:27.652,2025-08-28 01:18:05.344,com.sec.android.app.shealth,-2,3861,1.1452131,2899.04,125.31,VfS0qUERdZ,com.sec.android.app.shealth,2c8e4692-26cc-41fc-9612-a98c43a1ef0e,1756339200000,
6e2fc779-ab3f-4488-ac0f-05abee09e7c0.binning_data.json,2025-08-28 23:00:01.941,2025-08-28 23:00:01.941,com.sec.android.app.shealth,0,3861,1.1452131,2899.04,125.31,kv/gFnHKRS,com.sec.android.app.shealth,6e2fc779-ab3f-4488-ac0f-05abee09e7c0,1756339200000,
b99a43ba-53b0-418a-a975-224a56792f5e.binning_data.json,2025-08-29 22:55:00.818,2025-08-29 00:11:20.237,com.sec.android.app.shealth,-2,3181,1.2927715,2483.96,111.45999,VfS0qUERdZ,com.sec.android.app.shealth,b99a43ba-53b0-418a-a975-224a56792f5e,1756425600000,
c13fef54-c538-4878-8eb5-282dedb43fc5.binning_data.json,2025-08-29 23:01:27.559,2025-08-29 23:01:27.559,com.sec.android.app.shealth,0,3181,1.2927715,2483.96,111.45999,kv/gFnHKRS,com.sec.android.app.shealth,c13fef54-c538-4878-8eb5-282dedb43fc5,1756425600000,
16539f2c-51f8-47de-b9de-c61c81949ea2.binning_data.json,2025-08-30 22:59:37.786,2025-08-29 23:01:29.522,com.sec.android.app.shealth,-2,5957,1.2281213,4480.96,196.80998,VfS0qUERdZ,com.sec.android.app.shealth,16539f2c-51f8-47de-b9de-c61c81949ea2,1756512000000,
36f2abf9-89ae-4685-a915-003cd9fd5e48.binning_data.json,2025-08-30 23:00:02.179,2025-08-29 23:01:31.243,com.sec.android.app.shealth,0,5957,1.2281213,4480.96,196.80998,kv/gFnHKRS,com.sec.android.app.shealth,36f2abf9-89ae-4685-a915-003cd9fd5e48,1756512000000,
8871944c-c0e7-4975-9dc9-f07ce3011388.binning_data.json,2025-08-31 22:35:08.368,2025-08-31 09:05:03.156,com.sec.android.app.shealth,-2,5648,1.2334046,4297.15,202.42,VfS0qUERdZ,com.sec.android.app.shealth,8871944c-c0e7-4975-9dc9-f07ce3011388,1756598400000,
6fa5cac1-b233-43cc-8638-7bb189f49239.binning_data.json,2025-08-31 23:00:20.814,2025-08-31 23:00:20.814,com.sec.android.app.shealth,0,5648,1.2334046,4297.15,202.42,kv/gFnHKRS,com.sec.android.app.shealth,6fa5cac1-b233-43cc-8638-7bb189f49239,1756598400000,
355a29f9-f499-46eb-8108-7c761d467a6f.binning_data.json,2025-09-01 22:11:46.438,2025-08-31 23:11:00.920,com.sec.android.app.shealth,-2,2819,1.2249234,2068.11,94.469986,VfS0qUERdZ,com.sec.android.app.shealth,355a29f9-f499-46eb-8108-7c761d467a6f,1756684800000,
43a79f8f-f1ac-416f-8ca8-9cace1c8cfd4.binning_data.json,2025-09-01 23:00:49.384,2025-09-01 23:00:49.384,com.sec.android.app.shealth,0,2819,1.2249234,2068.11,94.469986,kv/gFnHKRS,com.sec.android.app.shealth,43a79f8f-f1ac-416f-8ca8-9cace1c8cfd4,1756684800000,
dd352376-9d4f-4d12-aa1c-426b77721cdc.binning_data.json,2025-09-02 21:58:52.482,2025-09-02 09:40:23.732,com.sec.android.app.shealth,-2,4539,1.2442836,3392.94,145.26999,VfS0qUERdZ,com.sec.android.app.shealth,dd352376-9d4f-4d12-aa1c-426b77721cdc,1756771200000,
b670f194-9733-4a39-b500-7e221e4ec500.binning_data.json,2025-09-03 10:08:14.982,2025-09-03 10:08:14.982,com.sec.android.app.shealth,0,4539,1.2442836,3392.94,145.26999,kv/gFnHKRS,com.sec.android.app.shealth,b670f194-9733-4a39-b500-7e221e4ec500,1756771200000,
09adf93a-ab75-4d6a-88ec-e06c91f9c3d4.binning_data.json,2025-09-03 21:25:29.386,2025-09-03 10:14:21.943,com.sec.android.app.shealth,-2,1792,1.2495748,1353.96,59.80999,VfS0qUERdZ,com.sec.android.app.shealth,09adf93a-ab75-4d6a-88ec-e06c91f9c3d4,1756857600000,
44806903-3a07-4380-a3fe-01404a7597fb.binning_data.json,2025-09-03 23:00:03.583,2025-09-03 23:00:03.583,com.sec.android.app.shealth,0,1792,1.2495748,1353.96,59.80999,kv/gFnHKRS,com.sec.android.app.shealth,44806903-3a07-4380-a3fe-01404a7597fb,1756857600000,
7b00ad63-83ed-4c82-a643-5f510b31ff01.binning_data.json,2025-09-04 22:17:46.437,2025-09-03 23:21:08.059,com.sec.android.app.shealth,-2,6154,1.2329618,4727.09,208.99995,VfS0qUERdZ,com.sec.android.app.shealth,7b00ad63-83ed-4c82-a643-5f510b31ff01,1756944000000,
8703291e-e304-4cec-be42-8f5dea86fea2.binning_data.json,2025-09-04 23:00:01.783,2025-09-04 23:00:01.783,com.sec.android.app.shealth,0,6154,1.2329618,4727.09,208.99995,kv/gFnHKRS,com.sec.android.app.shealth,8703291e-e304-4cec-be42-8f5dea86fea2,1756944000000,
e4337e32-8644-4655-b554-121f7f6180aa.binning_data.json,2025-09-05 21:48:40.871,2025-09-04 23:22:21.474,com.sec.android.app.shealth,-2,11738,1.2610366,8785.871,370.03983,VfS0qUERdZ,com.sec.android.app.shealth,e4337e32-8644-4655-b554-121f7f6180aa,1757030400000,
51f53f31-7f98-41f4-ad13-bbf463b1907b.binning_data.json,2025-09-05 23:00:01.817,2025-09-05 23:00:01.817,com.sec.android.app.shealth,0,11738,1.2610366,8785.871,370.03983,kv/gFnHKRS,com.sec.android.app.shealth,51f53f31-7f98-41f4-ad13-bbf463b1907b,1757030400000,
9d68f652-3bdf-4395-84d5-4d88fd0b8cf7.binning_data.json,2025-09-07 23:00:02.681,2025-09-06 09:34:22.170,com.sec.android.app.shealth,-2,10220,1.3028706,7816.6904,340.03992,VfS0qUERdZ,com.sec.android.app.shealth,9d68f652-3bdf-4395-84d5-4d88fd0b8cf7,1757116800000,
38ccd5c9-7038-4038-adbd-26b0c3103935.binning_data.json,2025-09-06 23:01:04.144,2025-09-06 23:00:03.467,com.sec.android.app.shealth,0,10220,1.3028706,7816.6904,340.03992,kv/gFnHKRS,com.sec.android.app.shealth,38ccd5c9-7038-4038-adbd-26b0c3103935,1757116800000,
fdab4eef-0b74-40f8-8625-b8d3fccbcbee.binning_data.json,2025-09-07 22:37:06.385,2025-09-06 23:01:03.939,com.sec.android.app.shealth,-2,3120,1.2389815,2345.5203,103.15997,VfS0qUERdZ,com.sec.android.app.shealth,fdab4eef-0b74-40f8-8625-b8d3fccbcbee,1757203200000,
e75c894d-c321-40c2-8587-dd786e87eacc.binning_data.json,2025-09-07 23:00:01.833,2025-09-06 23:01:04.114,com.sec.android.app.shealth,0,3120,1.2389815,2345.5203,103.15997,kv/gFnHKRS,com.sec.android.app.shealth,e75c894d-c321-40c2-8587-dd786e87eacc,1757203200000,
5a8d1009-8931-4eb0-89fb-5796fe452825.binning_data.json,2025-09-08 22:55:12.833,2025-09-07 23:09:03.706,com.sec.android.app.shealth,-2,14076,1.2319463,10529.4,468.97992,VfS0qUERdZ,com.sec.android.app.shealth,5a8d1009-8931-4eb0-89fb-5796fe452825,1757289600000,
d7169045-0d44-4cb4-bbd9-abf31de5e9e0.binning_data.json,2025-09-09 22:50:01.055,2025-09-08 23:03:59.019,com.sec.android.app.shealth,-2,10741,1.2981948,8137.48,344.74,VfS0qUERdZ,com.sec.android.app.shealth,d7169045-0d44-4cb4-bbd9-abf31de5e9e0,1757376000000,
394e5e2c-7e80-4736-b138-5685c03b1e95.binning_data.json,2025-09-09 23:17:26.729,2025-09-08 23:03:59.709,com.sec.android.app.shealth,0,10741,1.2981948,8137.48,344.74,kv/gFnHKRS,com.sec.android.app.shealth,394e5e2c-7e80-4736-b138-5685c03b1e95,1757376000000,
3798cfa9-8889-4176-9ce0-6cfbcfc66723.binning_data.json,2025-09-08 23:03:59.722,2025-09-08 23:03:59.722,com.sec.android.app.shealth,0,14076,1.2319463,10529.4,468.97992,kv/gFnHKRS,com.sec.android.app.shealth,3798cfa9-8889-4176-9ce0-6cfbcfc66723,1757289600000,
dfa2e38d-188f-4f04-a9ac-7ade17a06e69.binning_data.json,2025-09-10 23:01:01.095,2025-09-09 23:17:23.638,com.sec.android.app.shealth,-2,12976,1.2729696,9661.431,419.3899,VfS0qUERdZ,com.sec.android.app.shealth,dfa2e38d-188f-4f04-a9ac-7ade17a06e69,1757462400000,
0ee91767-a981-4270-a64b-09a6e056c8c6.binning_data.json,2025-09-10 23:00:59.482,2025-09-09 23:17:26.721,com.sec.android.app.shealth,0,12976,1.2729696,9661.431,419.3899,kv/gFnHKRS,com.sec.android.app.shealth,0ee91767-a981-4270-a64b-09a6e056c8c6,1757462400000,
6c95fe1d-f442-4d04-a8e7-ab69c7e17982.binning_data.json,2025-09-11 22:14:54.110,2025-09-10 23:27:45.171,com.sec.android.app.shealth,-2,11832,1.2604997,8898.331,379.97986,VfS0qUERdZ,com.sec.android.app.shealth,6c95fe1d-f442-4d04-a8e7-ab69c7e17982,1757548800000,
de738225-5ced-4826-9bea-676ac4aeaedb.binning_data.json,2025-09-11 23:00:01.597,2025-09-11 23:00:01.597,com.sec.android.app.shealth,0,11832,1.2604997,8898.331,379.97986,kv/gFnHKRS,com.sec.android.app.shealth,de738225-5ced-4826-9bea-676ac4aeaedb,1757548800000,
0455282e-d4e2-46db-b58e-631e32a004a9.binning_data.json,2025-09-12 22:58:28.998,2025-09-11 23:27:04.779,com.sec.android.app.shealth,-2,6063,1.2162548,4511.0107,192.0899,VfS0qUERdZ,com.sec.android.app.shealth,0455282e-d4e2-46db-b58e-631e32a004a9,1757635200000,
c7aa2e39-2251-49b8-8e34-e4bf0ef1ee3f.binning_data.json,2025-09-12 23:00:01.918,2025-09-12 23:00:01.918,com.sec.android.app.shealth,0,6063,1.2162548,4511.0107,192.0899,kv/gFnHKRS,com.sec.android.app.shealth,c7aa2e39-2251-49b8-8e34-e4bf0ef1ee3f,1757635200000,
5dfc7531-3f6f-497e-b3d2-4e2de1142418.binning_data.json,2025-09-13 22:31:12.017,2025-09-13 00:02:23.513,com.sec.android.app.shealth,-2,794,1.3541119,648.5,29.169998,VfS0qUERdZ,com.sec.android.app.shealth,5dfc7531-3f6f-497e-b3d2-4e2de1142418,1757721600000,
f175d9a8-8438-4a6d-92d7-b61c576a2d6f.binning_data.json,2025-09-13 23:00:02.337,2025-09-13 23:00:02.337,com.sec.android.app.shealth,0,794,1.3541119,648.5,29.169998,kv/gFnHKRS,com.sec.android.app.shealth,f175d9a8-8438-4a6d-92d7-b61c576a2d6f,1757721600000,
17133f48-0778-43fe-8814-09444a28146f.binning_data.json,2025-09-14 22:27:16.389,2025-09-13 23:04:06.284,com.sec.android.app.shealth,-2,1129,1.3722119,900.48,39.929996,VfS0qUERdZ,com.sec.android.app.shealth,17133f48-0778-43fe-8814-09444a28146f,1757808000000,
07e22e45-86a1-4dd1-976b-9cdc488ec4d3.binning_data.json,2025-09-14 23:00:01.983,2025-09-14 23:00:01.983,com.sec.android.app.shealth,0,1129,1.3722119,900.48,39.929996,kv/gFnHKRS,com.sec.android.app.shealth,07e22e45-86a1-4dd1-976b-9cdc488ec4d3,1757808000000,
8fa109f3-b9a0-4133-9e99-3512e88f1c45.binning_data.json,2025-09-15 22:59:51.836,2025-09-14 23:02:33.215,com.sec.android.app.shealth,-2,685,1.4523664,560.02997,25.699999,VfS0qUERdZ,com.sec.android.app.shealth,8fa109f3-b9a0-4133-9e99-3512e88f1c45,1757894400000,
0aa1e23f-1985-4270-8442-2d43fd31ff37.binning_data.json,2025-09-15 23:00:01.981,2025-09-15 23:00:01.981,com.sec.android.app.shealth,0,685,1.4523664,560.02997,25.699999,kv/gFnHKRS,com.sec.android.app.shealth,0aa1e23f-1985-4270-8442-2d43fd31ff37,1757894400000,
72449d88-40a6-47a0-a4c6-443c8625e6af.binning_data.json,2025-09-16 22:49:24.502,2025-09-15 23:44:37.472,com.sec.android.app.shealth,-2,10046,1.2728183,7447.871,311.89987,VfS0qUERdZ,com.sec.android.app.shealth,72449d88-40a6-47a0-a4c6-443c8625e6af,1757980800000,
f6c7127c-7ffe-40ec-8ac3-170a7f534ab7.binning_data.json,2025-09-16 23:00:02.095,2025-09-16 23:00:02.095,com.sec.android.app.shealth,0,10046,1.2728183,7447.871,311.89987,kv/gFnHKRS,com.sec.android.app.shealth,f6c7127c-7ffe-40ec-8ac3-170a7f534ab7,1757980800000,
02d2ad52-08b0-4640-819e-e8a2a7a49ead.binning_data.json,2025-09-17 21:09:30.091,2025-09-16 23:21:59.686,com.sec.android.app.shealth,-2,9407,1.1737562,6941.8003,301.3999,VfS0qUERdZ,com.sec.android.app.shealth,02d2ad52-08b0-4640-819e-e8a2a7a49ead,1758067200000,
4c41804d-2204-429a-bdaf-af087a38cd45.binning_data.json,2025-09-17 23:00:02.559,2025-09-17 23:00:02.559,com.sec.android.app.shealth,0,9407,1.1737562,6941.8003,301.3999,kv/gFnHKRS,com.sec.android.app.shealth,4c41804d-2204-429a-bdaf-af087a38cd45,1758067200000,
bbfabcb3-7375-401f-bd03-f37c258cf557.binning_data.json,2025-09-18 20:16:32.235,2025-09-18 08:41:15.190,com.sec.android.app.shealth,-2,13495,1.1690509,9856.11,427.88995,VfS0qUERdZ,com.sec.android.app.shealth,bbfabcb3-7375-401f-bd03-f37c258cf557,1758153600000,
9094f6bd-2c13-4eeb-94b4-96f6926aa4b8.binning_data.json,2025-09-18 23:00:01.260,2025-09-18 23:00:01.260,com.sec.android.app.shealth,0,13495,1.1690509,9856.11,427.88995,kv/gFnHKRS,com.sec.android.app.shealth,9094f6bd-2c13-4eeb-94b4-96f6926aa4b8,1758153600000,
c3fc6f3f-e34a-4c78-8242-c169b6fab760.binning_data.json,2025-09-19 18:15:11.170,2025-09-19 07:13:01.378,com.sec.android.app.shealth,-2,13116,1.255553,9749.911,408.31985,VfS0qUERdZ,com.sec.android.app.shealth,c3fc6f3f-e34a-4c78-8242-c169b6fab760,1758240000000,
892d3283-14af-4eb6-8c2b-f886b7882b7e.binning_data.json,2025-09-20 00:13:41.737,2025-09-20 00:13:41.737,com.sec.android.app.shealth,0,13116,1.255553,9749.911,408.31985,kv/gFnHKRS,com.sec.android.app.shealth,892d3283-14af-4eb6-8c2b-f886b7882b7e,1758240000000,
5cc00d7b-9cbb-431b-a652-ef972365fb8b.binning_data.json,2025-09-20 22:46:01.128,2025-09-20 00:23:15.067,com.sec.android.app.shealth,-2,8072,1.1787107,5914.65,254.24994,VfS0qUERdZ,com.sec.android.app.shealth,5cc00d7b-9cbb-431b-a652-ef972365fb8b,1758326400000,
39d40854-544c-4ee0-95e5-3347159acb8b.binning_data.json,2025-09-20 23:00:01.556,2025-09-20 23:00:01.556,com.sec.android.app.shealth,0,8072,1.1787107,5914.65,254.24994,kv/gFnHKRS,com.sec.android.app.shealth,39d40854-544c-4ee0-95e5-3347159acb8b,1758326400000,
b6a485ad-e553-4a60-8e11-161dd9ef1b93.binning_data.json,2025-09-21 22:57:50.601,2025-09-20 23:51:53.373,com.sec.android.app.shealth,-2,1410,1.2739139,1121.13,51.559998,VfS0qUERdZ,com.sec.android.app.shealth,b6a485ad-e553-4a60-8e11-161dd9ef1b93,1758412800000,
e223e306-6344-4a14-90b9-1c25fc3f2f8b.binning_data.json,2025-09-21 23:00:01.334,2025-09-21 23:00:01.334,com.sec.android.app.shealth,0,1410,1.2739139,1121.13,51.559998,kv/gFnHKRS,com.sec.android.app.shealth,e223e306-6344-4a14-90b9-1c25fc3f2f8b,1758412800000,
579539f6-1100-49bb-85c0-cf766dd45849.binning_data.json,2025-09-23 23:15:05.415,2025-09-22 08:12:32.136,com.sec.android.app.shealth,-2,13030,1.1569397,9448.94,416.75992,VfS0qUERdZ,com.sec.android.app.shealth,579539f6-1100-49bb-85c0-cf766dd45849,1758499200000,
fad9b2e0-060d-4e58-bc2d-d8e399474e39.binning_data.json,2025-09-22 23:00:30.197,2025-09-22 23:00:01.650,com.sec.android.app.shealth,0,13030,1.1569397,9448.94,416.75992,kv/gFnHKRS,com.sec.android.app.shealth,fad9b2e0-060d-4e58-bc2d-d8e399474e39,1758499200000,
8aa401bb-fda5-4716-9920-c7a6129f7a76.binning_data.json,2025-09-23 23:15:05.425,2025-09-22 23:00:29.980,com.sec.android.app.shealth,-2,10445,1.1741503,7710.93,335.22992,VfS0qUERdZ,com.sec.android.app.shealth,8aa401bb-fda5-4716-9920-c7a6129f7a76,1758585600000,
9ab936b8-24a6-4ed4-9324-a4b8c2c29ab8.binning_data.json,2025-09-23 23:15:02.725,2025-09-22 23:00:30.194,com.sec.android.app.shealth,0,10445,1.1741503,7710.93,335.22992,kv/gFnHKRS,com.sec.android.app.shealth,9ab936b8-24a6-4ed4-9324-a4b8c2c29ab8,1758585600000,
2f676e07-1f74-4766-818b-3188bedbb51c.binning_data.json,2025-09-24 23:00:02.074,2025-09-23 23:15:02.684,com.sec.android.app.shealth,0,9344,1.1903653,6826.7,297.1199,kv/gFnHKRS,com.sec.android.app.shealth,2f676e07-1f74-4766-818b-3188bedbb51c,1758672000000,
a27d19e5-c342-4c42-a6a8-64d4abcd2d78.binning_data.json,2025-09-24 20:01:09.451,2025-09-23 23:15:02.792,com.sec.android.app.shealth,-2,9344,1.1903653,6826.7,297.1199,VfS0qUERdZ,com.sec.android.app.shealth,a27d19e5-c342-4c42-a6a8-64d4abcd2d78,1758672000000,
04dd67c7-70ce-4710-8f29-b60f656c97be.binning_data.json,2025-09-25 21:39:25.901,2025-09-24 23:47:16.634,com.sec.android.app.shealth,-2,9397,1.2638996,6986.3706,301.55994,VfS0qUERdZ,com.sec.android.app.shealth,04dd67c7-70ce-4710-8f29-b60f656c97be,1758758400000,
20c4a1db-d304-4078-bad0-db594b09a4b4.binning_data.json,2025-09-25 23:00:01.414,2025-09-25 23:00:01.414,com.sec.android.app.shealth,0,9397,1.2638996,6986.3706,301.55994,kv/gFnHKRS,com.sec.android.app.shealth,20c4a1db-d304-4078-bad0-db594b09a4b4,1758758400000,
0ba12692-1379-4f6a-af22-cc4f1a305032.binning_data.json,2025-09-26 22:49:48.085,2025-09-26 00:10:48.476,com.sec.android.app.shealth,-2,6480,1.1812245,4769.66,203.75995,VfS0qUERdZ,com.sec.android.app.shealth,0ba12692-1379-4f6a-af22-cc4f1a305032,1758844800000,
19bf7e5b-b127-4fdc-8281-3f19af94b278.binning_data.json,2025-09-26 23:00:01.779,2025-09-26 23:00:01.779,com.sec.android.app.shealth,0,6480,1.1812245,4769.66,203.75995,kv/gFnHKRS,com.sec.android.app.shealth,19bf7e5b-b127-4fdc-8281-3f19af94b278,1758844800000,
08427100-ec4c-4a7e-8ba0-cee592a209c7.binning_data.json,2025-09-27 21:07:00.114,2025-09-26 23:03:46.640,com.sec.android.app.shealth,-2,602,1.3300507,471.38998,21.609999,VfS0qUERdZ,com.sec.android.app.shealth,08427100-ec4c-4a7e-8ba0-cee592a209c7,1758931200000,
aa57abeb-4726-4d74-99e6-11112552e55b.binning_data.json,2025-09-27 23:14:19.856,2025-09-27 23:14:19.856,com.sec.android.app.shealth,0,602,1.3300507,471.38998,21.609999,kv/gFnHKRS,com.sec.android.app.shealth,aa57abeb-4726-4d74-99e6-11112552e55b,1758931200000,
52b932e5-2c1d-46e7-99c7-9ee7be51c929.binning_data.json,2025-09-28 22:15:30.529,2025-09-27 23:52:16.377,com.sec.android.app.shealth,-2,1051,1.2748816,817.22,36.039997,VfS0qUERdZ,com.sec.android.app.shealth,52b932e5-2c1d-46e7-99c7-9ee7be51c929,1759017600000,
3d4d0cb8-ef59-4ef3-9b30-58b575ea1251.binning_data.json,2025-09-28 23:00:01.749,2025-09-28 23:00:01.749,com.sec.android.app.shealth,0,1051,1.2748816,817.22,36.039997,kv/gFnHKRS,com.sec.android.app.shealth,3d4d0cb8-ef59-4ef3-9b30-58b575ea1251,1759017600000,
2ad10d6f-e7f0-4fb3-9720-64dda45225a0.binning_data.json,2025-09-29 22:52:15.144,2025-09-28 23:48:12.176,com.sec.android.app.shealth,-2,7454,1.1814172,5495.5107,235.3199,VfS0qUERdZ,com.sec.android.app.shealth,2ad10d6f-e7f0-4fb3-9720-64dda45225a0,1759104000000,
fbce8320-47f0-462d-b08e-7ea0df232ab7.binning_data.json,2025-09-29 23:00:02.234,2025-09-29 23:00:02.234,com.sec.android.app.shealth,0,7454,1.1814172,5495.5107,235.3199,kv/gFnHKRS,com.sec.android.app.shealth,fbce8320-47f0-462d-b08e-7ea0df232ab7,1759104000000,
9a698d71-8406-4c0f-b4bc-58f488cbba4e.binning_data.json,2025-09-30 22:41:12.596,2025-09-29 23:05:48.610,com.sec.android.app.shealth,-2,4981,1.2265819,3703.7202,162.64995,VfS0qUERdZ,com.sec.android.app.shealth,9a698d71-8406-4c0f-b4bc-58f488cbba4e,1759190400000,
219ff053-3cf5-4c9a-84bd-11dcb89ec02e.binning_data.json,2025-09-30 23:00:01.871,2025-09-30 23:00:01.871,com.sec.android.app.shealth,0,4981,1.2265819,3703.7202,162.64995,kv/gFnHKRS,com.sec.android.app.shealth,219ff053-3cf5-4c9a-84bd-11dcb89ec02e,1759190400000,
86b1d12b-ad1f-4199-bdfd-063d52f160ca.binning_data.json,2025-10-01 22:27:25.963,2025-10-01 09:20:07.795,com.sec.android.app.shealth,-2,6850,1.185961,5041.6304,220.43991,VfS0qUERdZ,com.sec.android.app.shealth,86b1d12b-ad1f-4199-bdfd-063d52f160ca,1759276800000,
0a0f1589-eba4-458d-a4d3-de592bf1c33b.binning_data.json,2025-10-01 23:00:01.476,2025-10-01 23:00:01.476,com.sec.android.app.shealth,0,6850,1.185961,5041.6304,220.43991,kv/gFnHKRS,com.sec.android.app.shealth,0a0f1589-eba4-458d-a4d3-de592bf1c33b,1759276800000,
0eda0fbb-86ae-4771-9496-f4a83f60f9b9.binning_data.json,2025-10-02 21:52:57.651,2025-10-02 08:54:22.277,com.sec.android.app.shealth,-2,5652,1.1985092,4184.68,184.81996,VfS0qUERdZ,com.sec.android.app.shealth,0eda0fbb-86ae-4771-9496-f4a83f60f9b9,1759363200000,
64e0f64d-5a27-46d0-bb92-9b73fa9a1f5c.binning_data.json,2025-10-02 23:00:02.278,2025-10-02 23:00:02.278,com.sec.android.app.shealth,0,5652,1.1985092,4184.68,184.81996,kv/gFnHKRS,com.sec.android.app.shealth,64e0f64d-5a27-46d0-bb92-9b73fa9a1f5c,1759363200000,
540a2d3b-1a4a-40b3-9357-7a149c848317.binning_data.json,2025-10-03 23:00:11.203,2025-10-02 23:18:01.550,com.sec.android.app.shealth,-2,6386,1.2883711,4889.62,215.66997,VfS0qUERdZ,com.sec.android.app.shealth,540a2d3b-1a4a-40b3-9357-7a149c848317,1759449600000,
7d522b7f-33b1-46db-8d9c-66f5a347a216.binning_data.json,2025-10-03 23:00:10.208,2025-10-03 23:00:10.208,com.sec.android.app.shealth,0,6386,1.2883711,4889.62,215.66997,kv/gFnHKRS,com.sec.android.app.shealth,7d522b7f-33b1-46db-8d9c-66f5a347a216,1759449600000,
0de565e3-956b-4ee6-b702-7e741fcbc2af.binning_data.json,2025-10-04 20:53:51.717,2025-10-03 23:00:46.532,com.sec.android.app.shealth,-2,3496,1.2753785,2697.89,117.40999,VfS0qUERdZ,com.sec.android.app.shealth,0de565e3-956b-4ee6-b702-7e741fcbc2af,1759536000000,
7f75d9f7-486a-47ad-bc2a-3a11aff66f8f.binning_data.json,2025-10-04 23:00:01.831,2025-10-04 23:00:01.831,com.sec.android.app.shealth,0,3496,1.2753785,2697.89,117.40999,kv/gFnHKRS,com.sec.android.app.shealth,7f75d9f7-486a-47ad-bc2a-3a11aff66f8f,1759536000000,
5e1f6999-f81d-4345-b081-b0946af2fb75.binning_data.json,2025-10-05 22:07:58.552,2025-10-04 23:26:26.076,com.sec.android.app.shealth,-2,1596,1.2502985,1220.85,53.829998,VfS0qUERdZ,com.sec.android.app.shealth,5e1f6999-f81d-4345-b081-b0946af2fb75,1759622400000,
864df29e-47e4-426c-a40e-6c6b11d5c5cb.binning_data.json,2025-10-05 23:00:01.917,2025-10-05 23:00:01.917,com.sec.android.app.shealth,0,1596,1.2502985,1220.85,53.829998,kv/gFnHKRS,com.sec.android.app.shealth,864df29e-47e4-426c-a40e-6c6b11d5c5cb,1759622400000,
cb5d64c3-7209-4edb-b0e2-6ce4b429b884.binning_data.json,2025-10-06 22:30:04.332,2025-10-06 00:26:36.747,com.sec.android.app.shealth,-2,10360,1.2359189,7567.2207,331.3799,VfS0qUERdZ,com.sec.android.app.shealth,cb5d64c3-7209-4edb-b0e2-6ce4b429b884,1759708800000,
25f62d2f-49c9-4c2e-97ef-35c3fdd5c937.binning_data.json,2025-10-06 23:00:01.535,2025-10-06 23:00:01.535,com.sec.android.app.shealth,0,10360,1.2359189,7567.2207,331.3799,kv/gFnHKRS,com.sec.android.app.shealth,25f62d2f-49c9-4c2e-97ef-35c3fdd5c937,1759708800000,
8340a512-2fe9-44da-ba9d-09e7bd2e3d08.binning_data.json,2025-10-07 22:59:18.687,2025-10-06 23:04:15.984,com.sec.android.app.shealth,-2,6971,1.213029,5202.44,223.82996,VfS0qUERdZ,com.sec.android.app.shealth,8340a512-2fe9-44da-ba9d-09e7bd2e3d08,1759795200000,
5b405ecd-fedb-41ce-a8e5-0550e1eb8d98.binning_data.json,2025-10-07 23:00:21.709,2025-10-07 23:00:21.709,com.sec.android.app.shealth,0,6971,1.213029,5202.44,223.82996,kv/gFnHKRS,com.sec.android.app.shealth,5b405ecd-fedb-41ce-a8e5-0550e1eb8d98,1759795200000,
d779c12c-13fc-4ae5-b624-fdda460e1b11.binning_data.json,2025-10-08 22:59:05.649,2025-10-07 23:06:24.450,com.sec.android.app.shealth,-2,10094,1.2205905,7633.3003,331.4099,VfS0qUERdZ,com.sec.android.app.shealth,d779c12c-13fc-4ae5-b624-fdda460e1b11,1759881600000,
da0415ec-5bc3-4bdd-aafa-fe55305dbfb5.binning_data.json,2025-10-08 23:00:01.974,2025-10-08 23:00:01.974,com.sec.android.app.shealth,0,10094,1.2205905,7633.3003,331.4099,kv/gFnHKRS,com.sec.android.app.shealth,da0415ec-5bc3-4bdd-aafa-fe55305dbfb5,1759881600000,
233eb679-2de6-4363-8a7f-220eb70965d9.binning_data.json,2025-10-09 21:49:14.249,2025-10-08 23:08:13.933,com.sec.android.app.shealth,-2,5785,1.1982974,4290.74,183.37993,VfS0qUERdZ,com.sec.android.app.shealth,233eb679-2de6-4363-8a7f-220eb70965d9,1759968000000,
5a2dc32f-bb0a-4901-80e1-fcf4553f3103.binning_data.json,2025-10-09 23:00:06.792,2025-10-09 23:00:06.792,com.sec.android.app.shealth,0,5785,1.1982974,4290.74,183.37993,kv/gFnHKRS,com.sec.android.app.shealth,5a2dc32f-bb0a-4901-80e1-fcf4553f3103,1759968000000,
0bd20223-d08e-4284-8721-e2c401a4d9a2.binning_data.json,2025-10-10 22:52:41.354,2025-10-10 06:31:45.565,com.sec.android.app.shealth,-2,7507,1.1928551,5598.321,239.8299,VfS0qUERdZ,com.sec.android.app.shealth,0bd20223-d08e-4284-8721-e2c401a4d9a2,1760054400000,
ff2f223f-7f0c-4e3b-adb9-8188ff2d65c4.binning_data.json,2025-10-10 23:00:01.741,2025-10-10 23:00:01.741,com.sec.android.app.shealth,0,7507,1.1928551,5598.321,239.8299,kv/gFnHKRS,com.sec.android.app.shealth,ff2f223f-7f0c-4e3b-adb9-8188ff2d65c4,1760054400000,
0f0add8f-bc1b-436b-ab58-1147c459beb8.binning_data.json,2025-10-11 22:39:26.528,2025-10-10 23:45:25.173,com.sec.android.app.shealth,-2,3337,1.1712759,2436.5303,104.51996,VfS0qUERdZ,com.sec.android.app.shealth,0f0add8f-bc1b-436b-ab58-1147c459beb8,1760140800000,
fc01fd0e-42d1-4209-8275-ee6d85302eac.binning_data.json,2025-10-11 23:00:02.022,2025-10-11 23:00:02.022,com.sec.android.app.shealth,0,3337,1.1712759,2436.5303,104.51996,kv/gFnHKRS,com.sec.android.app.shealth,fc01fd0e-42d1-4209-8275-ee6d85302eac,1760140800000,
9e13fdc4-4e7a-4cdc-898c-5746ad4a03bb.binning_data.json,2025-10-12 22:57:03.618,2025-10-12 00:18:41.060,com.sec.android.app.shealth,-2,1103,1.3050417,877.08997,41.69,VfS0qUERdZ,com.sec.android.app.shealth,9e13fdc4-4e7a-4cdc-898c-5746ad4a03bb,1760227200000,
bdfda78f-4ba5-4efe-942a-f2af89e05844.binning_data.json,2025-10-12 23:00:01.865,2025-10-12 23:00:01.865,com.sec.android.app.shealth,0,1103,1.3050417,877.08997,41.69,kv/gFnHKRS,com.sec.android.app.shealth,bdfda78f-4ba5-4efe-942a-f2af89e05844,1760227200000,
1900afe1-5d30-49a2-8fdd-51e42cee386c.binning_data.json,2025-10-13 22:56:40.663,2025-10-12 23:02:43.486,com.sec.android.app.shealth,-2,14498,1.265242,10766.812,459.27982,VfS0qUERdZ,com.sec.android.app.shealth,1900afe1-5d30-49a2-8fdd-51e42cee386c,1760313600000,
5ca227ab-9dba-47cf-8130-4d7caba76c80.binning_data.json,2025-10-13 23:00:02.654,2025-10-13 23:00:02.654,com.sec.android.app.shealth,0,14498,1.265242,10766.812,459.27982,kv/gFnHKRS,com.sec.android.app.shealth,5ca227ab-9dba-47cf-8130-4d7caba76c80,1760313600000,
04d7d709-ee65-44ca-b82e-05991c34dfa5.binning_data.json,2025-10-14 21:56:44.491,2025-10-13 23:04:06.639,com.sec.android.app.shealth,-2,5041,1.2508553,3738.2307,158.58992,VfS0qUERdZ,com.sec.android.app.shealth,04d7d709-ee65-44ca-b82e-05991c34dfa5,1760400000000,
c5276f30-388a-42ea-861b-d83873e3f6bf.binning_data.json,2025-10-14 23:00:02.725,2025-10-14 23:00:02.725,com.sec.android.app.shealth,0,5041,1.2508553,3738.2307,158.58992,kv/gFnHKRS,com.sec.android.app.shealth,c5276f30-388a-42ea-861b-d83873e3f6bf,1760400000000,
b47b69c1-bb63-4059-a6c5-1d4970232d0e.binning_data.json,2025-10-15 22:12:25.426,2025-10-14 23:06:20.361,com.sec.android.app.shealth,-2,6332,1.1475124,4604.21,200.51994,VfS0qUERdZ,com.sec.android.app.shealth,b47b69c1-bb63-4059-a6c5-1d4970232d0e,1760486400000,
2ccddad9-a3e3-425e-8922-7c50653763c2.binning_data.json,2025-10-15 23:00:02.476,2025-10-15 23:00:02.476,com.sec.android.app.shealth,0,6332,1.1475124,4604.21,200.51994,kv/gFnHKRS,com.sec.android.app.shealth,2ccddad9-a3e3-425e-8922-7c50653763c2,1760486400000,
6e4bf711-acdf-44fa-81a6-42147c80e731.binning_data.json,2025-10-16 21:57:06.672,2025-10-16 09:16:40.574,com.sec.android.app.shealth,-2,4048,1.1673396,2990.4902,144.70998,VfS0qUERdZ,com.sec.android.app.shealth,6e4bf711-acdf-44fa-81a6-42147c80e731,1760572800000,
b4067b3d-ab00-4339-92c4-1dd91c79389a.binning_data.json,2025-10-16 23:00:02.419,2025-10-16 23:00:02.419,com.sec.android.app.shealth,0,4048,1.1673396,2990.4902,144.70998,kv/gFnHKRS,com.sec.android.app.shealth,b4067b3d-ab00-4339-92c4-1dd91c79389a,1760572800000,
bae76e28-7f20-4352-8064-7b7dc514e500.binning_data.json,2025-10-17 21:51:43.797,2025-10-16 23:01:00.417,com.sec.android.app.shealth,-2,1604,1.207443,1234.0599,64.42,VfS0qUERdZ,com.sec.android.app.shealth,bae76e28-7f20-4352-8064-7b7dc514e500,1760659200000,
bfef8be0-8755-4dbd-9f3d-33a56abfddc3.binning_data.json,2025-10-17 23:00:01.705,2025-10-17 23:00:01.705,com.sec.android.app.shealth,0,1604,1.207443,1234.0599,64.42,kv/gFnHKRS,com.sec.android.app.shealth,bfef8be0-8755-4dbd-9f3d-33a56abfddc3,1760659200000,
a16f4363-2df2-46fe-a3ba-bd09782dd2c7.binning_data.json,2025-10-18 22:37:50.521,2025-10-17 23:05:21.726,com.sec.android.app.shealth,-2,683,1.347042,547.18,25.4,VfS0qUERdZ,com.sec.android.app.shealth,a16f4363-2df2-46fe-a3ba-bd09782dd2c7,1760745600000,
07810cbe-9bc4-4763-916e-ec2ca61c3346.binning_data.json,2025-10-18 23:00:02.666,2025-10-18 23:00:02.666,com.sec.android.app.shealth,0,683,1.347042,547.18,25.4,kv/gFnHKRS,com.sec.android.app.shealth,07810cbe-9bc4-4763-916e-ec2ca61c3346,1760745600000,
f73fa49e-5985-4ea2-a317-43dbda206b5b.binning_data.json,2025-10-19 22:41:15.722,2025-10-18 23:05:14.283,com.sec.android.app.shealth,-2,1258,1.2989181,993.02,46.239998,VfS0qUERdZ,com.sec.android.app.shealth,f73fa49e-5985-4ea2-a317-43dbda206b5b,1760832000000,
5d7e43d3-8b02-480c-b9a0-ad49da257baa.binning_data.json,2025-10-19 23:00:02.140,2025-10-19 23:00:02.140,com.sec.android.app.shealth,0,1258,1.2989181,993.02,46.239998,kv/gFnHKRS,com.sec.android.app.shealth,5d7e43d3-8b02-480c-b9a0-ad49da257baa,1760832000000,
d949e14a-160d-4973-bb56-23457d2b6fcc.binning_data.json,2025-10-25 23:32:36.011,2025-10-19 23:25:29.977,com.sec.android.app.shealth,-2,13912,1.1623971,10218.63,447.9299,VfS0qUERdZ,com.sec.android.app.shealth,d949e14a-160d-4973-bb56-23457d2b6fcc,1760918400000,
a4108676-a76d-4cfb-a6fa-dd076ee1fb07.binning_data.json,2025-10-20 23:00:01.529,2025-10-20 23:00:01.529,com.sec.android.app.shealth,0,13912,1.1623971,10218.63,447.9299,kv/gFnHKRS,com.sec.android.app.shealth,a4108676-a76d-4cfb-a6fa-dd076ee1fb07,1760918400000,
8327a9ef-c126-4913-bf80-6eb81cb42d5e.binning_data.json,2025-10-27 00:04:50.093,2025-10-21 09:49:56.612,com.sec.android.app.shealth,-2,1182,1.2566867,915.19,42.239998,VfS0qUERdZ,com.sec.android.app.shealth,8327a9ef-c126-4913-bf80-6eb81cb42d5e,1761004800000,
a2f0e88c-634a-4a78-9cef-7523ca3e550e.binning_data.json,2025-10-21 23:00:01.970,2025-10-21 23:00:01.970,com.sec.android.app.shealth,0,1182,1.2566867,915.19,42.239998,kv/gFnHKRS,com.sec.android.app.shealth,a2f0e88c-634a-4a78-9cef-7523ca3e550e,1761004800000,
4eedf2ef-43d5-46b6-bb48-317836ad4910.binning_data.json,2025-10-28 00:00:05.839,2025-10-22 08:34:20.946,com.sec.android.app.shealth,-2,13707,1.1856446,10052.541,431.1199,VfS0qUERdZ,com.sec.android.app.shealth,4eedf2ef-43d5-46b6-bb48-317836ad4910,1761091200000,
c7aa83b9-69eb-4027-99f8-75875e51dd89.binning_data.json,2025-10-22 23:00:02.518,2025-10-22 23:00:02.518,com.sec.android.app.shealth,0,13707,1.1856446,10052.541,431.1199,kv/gFnHKRS,com.sec.android.app.shealth,c7aa83b9-69eb-4027-99f8-75875e51dd89,1761091200000,
2e846f4d-6032-4b2d-840e-0cad353e36eb.binning_data.json,2025-10-29 00:00:05.374,2025-10-22 23:12:21.433,com.sec.android.app.shealth,-2,7145,1.2029858,5347.64,233.29996,VfS0qUERdZ,com.sec.android.app.shealth,2e846f4d-6032-4b2d-840e-0cad353e36eb,1761177600000,
3de6f5aa-cb46-4c79-9b34-dc94bb9cbf33.binning_data.json,2025-10-23 23:06:51.025,2025-10-23 23:06:51.025,com.sec.android.app.shealth,0,7145,1.2029858,5347.64,233.29996,kv/gFnHKRS,com.sec.android.app.shealth,3de6f5aa-cb46-4c79-9b34-dc94bb9cbf33,1761177600000,
4fcc5e95-4af5-4d4a-b6f8-ff5b725fbece.binning_data.json,2025-10-30 00:00:04.834,2025-10-23 23:14:59.858,com.sec.android.app.shealth,-2,11547,1.2353106,8629.49,368.36,VfS0qUERdZ,com.sec.android.app.shealth,4fcc5e95-4af5-4d4a-b6f8-ff5b725fbece,1761264000000,
6ca0b875-e65c-4fe5-bf13-c78ac7682bd4.binning_data.json,2025-10-24 23:00:01.721,2025-10-24 23:00:01.721,com.sec.android.app.shealth,0,11547,1.2353106,8629.49,368.36,kv/gFnHKRS,com.sec.android.app.shealth,6ca0b875-e65c-4fe5-bf13-c78ac7682bd4,1761264000000,
91151a67-0fc3-4045-8ac4-d310a10c2ddb.binning_data.json,2025-10-31 00:00:04.622,2025-10-25 09:05:34.146,com.sec.android.app.shealth,-2,9919,1.1844374,7342.14,312.8,VfS0qUERdZ,com.sec.android.app.shealth,91151a67-0fc3-4045-8ac4-d310a10c2ddb,1761350400000,
cecf717f-4fbf-44a9-b23f-6cb69c07817b.binning_data.json,2025-10-25 23:32:24.807,2025-10-25 23:32:24.807,com.sec.android.app.shealth,0,9919,1.1844374,7342.14,312.8,kv/gFnHKRS,com.sec.android.app.shealth,cecf717f-4fbf-44a9-b23f-6cb69c07817b,1761350400000,
3efeaef0-7158-4d3a-ab9b-691631aa2e26.binning_data.json,2025-11-01 00:00:04.202,2025-10-26 10:16:02.566,com.sec.android.app.shealth,-2,6646,1.2315321,4953.37,208.11,VfS0qUERdZ,com.sec.android.app.shealth,3efeaef0-7158-4d3a-ab9b-691631aa2e26,1761436800000,
53efc034-3393-48b5-8833-d6488c95866c.binning_data.json,2025-10-27 00:04:47.712,2025-10-27 00:04:47.712,com.sec.android.app.shealth,0,6646,1.2315321,4953.37,208.11,kv/gFnHKRS,com.sec.android.app.shealth,53efc034-3393-48b5-8833-d6488c95866c,1761436800000,
5c1d68ac-7525-4a19-8ca4-44615045ed15.binning_data.json,2025-10-27 22:57:44.598,2025-10-27 10:46:17.235,com.sec.android.app.shealth,-2,10280,1.1701654,7589.49,328.43,VfS0qUERdZ,com.sec.android.app.shealth,5c1d68ac-7525-4a19-8ca4-44615045ed15,1761523200000,
b91923ac-2593-4f8b-a37e-4e239b1f2f4c.binning_data.json,2025-10-28 00:00:02.630,2025-10-28 00:00:02.630,com.sec.android.app.shealth,0,10280,1.1701654,7589.49,328.43,kv/gFnHKRS,com.sec.android.app.shealth,b91923ac-2593-4f8b-a37e-4e239b1f2f4c,1761523200000,
3826b479-cc66-4faf-b2e0-29dd083bdfd6.binning_data.json,2025-10-28 23:29:25.133,2025-10-28 09:55:52.740,com.sec.android.app.shealth,-2,6847,1.1462702,5071.15,218.72,VfS0qUERdZ,com.sec.android.app.shealth,3826b479-cc66-4faf-b2e0-29dd083bdfd6,1761609600000,
b0b19589-d125-4f17-a59b-d6035e89bda2.binning_data.json,2025-10-29 00:00:02.885,2025-10-29 00:00:02.885,com.sec.android.app.shealth,0,6847,1.1462702,5071.15,218.72,kv/gFnHKRS,com.sec.android.app.shealth,b0b19589-d125-4f17-a59b-d6035e89bda2,1761609600000,
cda637f1-774d-44e6-ac90-6f6a77e37c4d.binning_data.json,2025-10-29 22:29:42.116,2025-10-29 01:38:27.066,com.sec.android.app.shealth,-2,11085,1.169257,8168.9,347.22995,VfS0qUERdZ,com.sec.android.app.shealth,cda637f1-774d-44e6-ac90-6f6a77e37c4d,1761696000000,
2a72eabf-6e29-4ccc-802d-8bea18d64116.binning_data.json,2025-10-30 00:00:01.866,2025-10-30 00:00:01.866,com.sec.android.app.shealth,0,11085,1.169257,8168.9,347.22995,kv/gFnHKRS,com.sec.android.app.shealth,2a72eabf-6e29-4ccc-802d-8bea18d64116,1761696000000,
ef1bc486-3b8b-4e7e-9eaf-f91a6b82afbd.binning_data.json,2025-10-30 23:43:05.275,2025-10-30 09:09:09.300,com.sec.android.app.shealth,-2,10292,1.203241,7590.85,330.53,VfS0qUERdZ,com.sec.android.app.shealth,ef1bc486-3b8b-4e7e-9eaf-f91a6b82afbd,1761782400000,
790d5d42-cdcd-4e1d-b0c2-3184612925ff.binning_data.json,2025-10-31 00:00:01.871,2025-10-31 00:00:01.871,com.sec.android.app.shealth,0,10292,1.203241,7590.85,330.53,kv/gFnHKRS,com.sec.android.app.shealth,790d5d42-cdcd-4e1d-b0c2-3184612925ff,1761782400000,
4d4aa6ad-7539-4596-8310-7282c53e4c03.binning_data.json,2025-10-31 23:29:52.827,2025-10-31 01:18:52.750,com.sec.android.app.shealth,-2,7430,1.2092218,5487.71,237.57996,VfS0qUERdZ,com.sec.android.app.shealth,4d4aa6ad-7539-4596-8310-7282c53e4c03,1761868800000,
eadaa8e8-b3f9-486a-a7cc-cbfe97e125a1.binning_data.json,2025-11-01 00:00:01.739,2025-11-01 00:00:01.739,com.sec.android.app.shealth,0,7430,1.2092218,5487.71,237.57996,kv/gFnHKRS,com.sec.android.app.shealth,eadaa8e8-b3f9-486a-a7cc-cbfe97e125a1,1761868800000,
60c63332-1543-4d7b-b7e1-c823795b0e39.binning_data.json,2025-11-01 22:04:53.419,2025-11-01 09:32:09.779,com.sec.android.app.shealth,-2,1556,1.2408795,1183.5,51.719997,VfS0qUERdZ,com.sec.android.app.shealth,60c63332-1543-4d7b-b7e1-c823795b0e39,1761955200000,
6e4c0cb3-1d92-4178-9ba6-8214203d4c4e.binning_data.json,2025-11-02 00:00:02.179,2025-11-02 00:00:02.179,com.sec.android.app.shealth,0,1556,1.2408795,1183.5,51.719997,kv/gFnHKRS,com.sec.android.app.shealth,6e4c0cb3-1d92-4178-9ba6-8214203d4c4e,1761955200000,
2b1c8270-f348-4264-8c90-6fe52bb1d6f9.binning_data.json,2025-11-02 17:44:38.800,2025-11-02 00:08:17.096,com.sec.android.app.shealth,-2,1305,1.192864,985.27997,44.35,VfS0qUERdZ,com.sec.android.app.shealth,2b1c8270-f348-4264-8c90-6fe52bb1d6f9,1762041600000,
b5ac6035-5e25-4379-9fac-898e2f5a2495.binning_data.json,2025-11-03 00:08:41.974,2025-11-03 00:08:41.974,com.sec.android.app.shealth,0,1305,1.192864,985.27997,44.35,kv/gFnHKRS,com.sec.android.app.shealth,b5ac6035-5e25-4379-9fac-898e2f5a2495,1762041600000,
93dc23e6-2c9a-4ccb-aecd-e8303e2cbbde.binning_data.json,2025-11-03 23:20:46.173,2025-11-03 00:16:08.773,com.sec.android.app.shealth,-2,15325,1.1515672,11112.7,490.17993,VfS0qUERdZ,com.sec.android.app.shealth,93dc23e6-2c9a-4ccb-aecd-e8303e2cbbde,1762128000000,
fc84423b-0408-4201-a2ec-0f96cd073514.binning_data.json,2025-11-04 00:00:02.371,2025-11-04 00:00:02.371,com.sec.android.app.shealth,0,15325,1.1515672,11112.7,490.17993,kv/gFnHKRS,com.sec.android.app.shealth,fc84423b-0408-4201-a2ec-0f96cd073514,1762128000000,
302a9361-89fe-4dae-a003-f750d502ed35.binning_data.json,2025-11-04 22:49:39.048,2025-11-04 00:09:21.654,com.sec.android.app.shealth,-2,4331,1.1965976,3182.1301,141.07999,VfS0qUERdZ,com.sec.android.app.shealth,302a9361-89fe-4dae-a003-f750d502ed35,1762214400000,
cb5219d4-ca80-492f-851b-abc91f25e4c2.binning_data.json,2025-11-05 00:00:02.020,2025-11-05 00:00:02.020,com.sec.android.app.shealth,0,4331,1.1965976,3182.1301,141.07999,kv/gFnHKRS,com.sec.android.app.shealth,cb5219d4-ca80-492f-851b-abc91f25e4c2,1762214400000,
fa846305-5d6c-4a0e-9c6f-6dd45fc1dd30.binning_data.json,2025-11-05 23:13:36.170,2025-11-05 09:28:54.331,com.sec.android.app.shealth,-2,7718,1.1926346,5661.5903,250.10995,VfS0qUERdZ,com.sec.android.app.shealth,fa846305-5d6c-4a0e-9c6f-6dd45fc1dd30,1762300800000,
d41f1af1-f36b-4ac1-9094-cd0d4ef8d0e0.binning_data.json,2025-11-06 00:00:05.819,2025-11-06 00:00:05.819,com.sec.android.app.shealth,0,7718,1.1926346,5661.5903,250.10995,kv/gFnHKRS,com.sec.android.app.shealth,d41f1af1-f36b-4ac1-9094-cd0d4ef8d0e0,1762300800000,
50965a18-eff5-4269-b92a-f4abc3203ca3.binning_data.json,2025-11-06 21:16:04.539,2025-11-06 00:34:55.803,com.sec.android.app.shealth,-2,6211,1.21115,4555.5605,194.01994,VfS0qUERdZ,com.sec.android.app.shealth,50965a18-eff5-4269-b92a-f4abc3203ca3,1762387200000,
a3698f4b-4710-468e-a3b0-fc80ca120732.binning_data.json,2025-11-07 00:00:02.950,2025-11-07 00:00:02.950,com.sec.android.app.shealth,0,6211,1.21115,4555.5605,194.01994,kv/gFnHKRS,com.sec.android.app.shealth,a3698f4b-4710-468e-a3b0-fc80ca120732,1762387200000,
ba07b3c4-0c3d-4c71-82c8-d360db3a460a.binning_data.json,2025-11-07 23:55:27.302,2025-11-07 00:09:42.551,com.sec.android.app.shealth,-2,5829,1.1849694,4284.6406,186.60995,VfS0qUERdZ,com.sec.android.app.shealth,ba07b3c4-0c3d-4c71-82c8-d360db3a460a,1762473600000,
d8e5a980-3cc1-40e5-bf79-511aaafe596f.binning_data.json,2025-11-08 00:00:01.752,2025-11-08 00:00:01.752,com.sec.android.app.shealth,0,5829,1.1849694,4284.6406,186.60995,kv/gFnHKRS,com.sec.android.app.shealth,d8e5a980-3cc1-40e5-bf79-511aaafe596f,1762473600000,
d482549e-ec71-4a88-bd95-b82998e6dd60.binning_data.json,2025-11-08 23:39:03.005,2025-11-08 00:09:24.601,com.sec.android.app.shealth,-2,4701,1.2249255,3588.53,158.42998,VfS0qUERdZ,com.sec.android.app.shealth,d482549e-ec71-4a88-bd95-b82998e6dd60,1762560000000,
f7994204-128a-42de-9dad-559f4e1cfc2d.binning_data.json,2025-11-09 23:34:13.109,2025-11-09 00:13:07.041,com.sec.android.app.shealth,-2,3048,1.2687863,2306.56,106.10999,VfS0qUERdZ,com.sec.android.app.shealth,f7994204-128a-42de-9dad-559f4e1cfc2d,1762646400000,
8bb8f8a5-f569-48e4-bff2-42d7ffaf7e8f.binning_data.json,2025-11-10 00:00:04.661,2025-11-09 00:13:08.498,com.sec.android.app.shealth,0,3048,1.2687863,2306.56,106.10999,kv/gFnHKRS,com.sec.android.app.shealth,8bb8f8a5-f569-48e4-bff2-42d7ffaf7e8f,1762646400000,
989e8733-59f5-4272-912c-73e560f95d7c.binning_data.json,2025-11-09 00:13:08.502,2025-11-09 00:13:08.502,com.sec.android.app.shealth,0,4701,1.2249255,3588.53,158.42998,kv/gFnHKRS,com.sec.android.app.shealth,989e8733-59f5-4272-912c-73e560f95d7c,1762560000000,
6b8bc4ff-d847-4fce-9a26-0fc5a7422013.binning_data.json,2025-11-10 22:18:48.796,2025-11-10 08:32:51.117,com.sec.android.app.shealth,-2,4014,1.217477,3040.8,130.60999,VfS0qUERdZ,com.sec.android.app.shealth,6b8bc4ff-d847-4fce-9a26-0fc5a7422013,1762732800000,
a502f9a4-d955-4a19-990e-9c9de6d12bc5.binning_data.json,2025-11-11 00:00:01.859,2025-11-11 00:00:01.859,com.sec.android.app.shealth,0,4014,1.217477,3040.8,130.60999,kv/gFnHKRS,com.sec.android.app.shealth,a502f9a4-d955-4a19-990e-9c9de6d12bc5,1762732800000,
25912df9-e4f5-43ad-9790-dac5f638a44b.binning_data.json,2025-11-11 23:11:52.961,2025-11-11 09:43:48.955,com.sec.android.app.shealth,-2,1208,1.193457,905.85,42.789997,VfS0qUERdZ,com.sec.android.app.shealth,25912df9-e4f5-43ad-9790-dac5f638a44b,1762819200000,
2e5a48b5-7fbb-47bd-9312-3e918c83615d.binning_data.json,2025-11-12 00:00:01.564,2025-11-12 00:00:01.564,com.sec.android.app.shealth,0,1208,1.193457,905.85,42.789997,kv/gFnHKRS,com.sec.android.app.shealth,2e5a48b5-7fbb-47bd-9312-3e918c83615d,1762819200000,
e9bc4766-e5f5-400d-90fc-6627242ba841.binning_data.json,2025-11-12 23:27:19.545,2025-11-12 02:04:35.871,com.sec.android.app.shealth,-2,545,1.245714,417.16,18.08,VfS0qUERdZ,com.sec.android.app.shealth,e9bc4766-e5f5-400d-90fc-6627242ba841,1762905600000,
81db751a-a014-4d43-9b62-5bd60f0f0271.binning_data.json,2025-11-13 00:00:10.332,2025-11-13 00:00:10.332,com.sec.android.app.shealth,0,545,1.245714,417.16,18.08,kv/gFnHKRS,com.sec.android.app.shealth,81db751a-a014-4d43-9b62-5bd60f0f0271,1762905600000,
c51fb37b-312e-4101-8c6f-9417c4a080ff.binning_data.json,2025-11-13 23:34:18.625,2025-11-13 11:02:35.089,com.sec.android.app.shealth,-2,2016,1.1822652,1461.82,67.85,VfS0qUERdZ,com.sec.android.app.shealth,c51fb37b-312e-4101-8c6f-9417c4a080ff,1762992000000,
9cd821c1-b14e-4194-9d73-cf9763baf55d.binning_data.json,2025-11-14 00:00:01.641,2025-11-14 00:00:01.641,com.sec.android.app.shealth,0,2016,1.1822652,1461.82,67.85,kv/gFnHKRS,com.sec.android.app.shealth,9cd821c1-b14e-4194-9d73-cf9763baf55d,1762992000000,
0df23442-4e2b-4a71-b125-1bd009bf5287.binning_data.json,2025-11-14 23:21:50.571,2025-11-14 00:01:37.279,com.sec.android.app.shealth,-2,3706,1.1884567,2783.4202,120.28999,VfS0qUERdZ,com.sec.android.app.shealth,0df23442-4e2b-4a71-b125-1bd009bf5287,1763078400000,
5c3e1ddd-7e30-4aa3-be2c-23a414178c42.binning_data.json,2025-11-15 00:00:02.419,2025-11-15 00:00:02.419,com.sec.android.app.shealth,0,3706,1.1884567,2783.4202,120.28999,kv/gFnHKRS,com.sec.android.app.shealth,5c3e1ddd-7e30-4aa3-be2c-23a414178c42,1763078400000,
bea4b7ec-c9e1-4246-913c-f8252e898839.binning_data.json,2025-11-15 23:51:16.505,2025-11-15 09:27:39.098,com.sec.android.app.shealth,-2,1679,1.2701954,1348.32,70.54,VfS0qUERdZ,com.sec.android.app.shealth,bea4b7ec-c9e1-4246-913c-f8252e898839,1763164800000,
d62d0eb3-2d4c-401c-91ea-4a7a5df738c4.binning_data.json,2025-11-16 00:01:06.447,2025-11-16 00:01:06.447,com.sec.android.app.shealth,0,1679,1.2701954,1348.32,70.54,kv/gFnHKRS,com.sec.android.app.shealth,d62d0eb3-2d4c-401c-91ea-4a7a5df738c4,1763164800000,
8daffc94-0434-48b1-ae22-1cde07a05dbf.binning_data.json,2025-11-16 23:32:17.289,2025-11-16 00:02:52.211,com.sec.android.app.shealth,-2,2410,1.2381642,1869.86,99.14,VfS0qUERdZ,com.sec.android.app.shealth,8daffc94-0434-48b1-ae22-1cde07a05dbf,1763251200000,
ab57aa71-c593-4b84-8742-c447b164242b.binning_data.json,2025-11-17 00:08:49.394,2025-11-17 00:08:49.394,com.sec.android.app.shealth,0,2410,1.2381642,1869.86,99.14,kv/gFnHKRS,com.sec.android.app.shealth,ab57aa71-c593-4b84-8742-c447b164242b,1763251200000,
d2a0f0af-5ee8-429c-be21-c042798715da.binning_data.json,2025-11-17 23:41:50.204,2025-11-17 00:31:09.402,com.sec.android.app.shealth,-2,1060,1.2304646,832.9,37.89,VfS0qUERdZ,com.sec.android.app.shealth,d2a0f0af-5ee8-429c-be21-c042798715da,1763337600000,
69732479-3fb9-44a0-bec6-6a5de45e6dd5.binning_data.json,2025-11-18 00:00:01.717,2025-11-18 00:00:01.717,com.sec.android.app.shealth,0,1060,1.2304646,832.9,37.89,kv/gFnHKRS,com.sec.android.app.shealth,69732479-3fb9-44a0-bec6-6a5de45e6dd5,1763337600000,
e94f4edc-3908-4402-a3c2-b854a3835dd9.binning_data.json,2025-11-18 19:29:17.043,2025-11-18 12:38:56.261,com.sec.android.app.shealth,-2,1024,1.2784659,803.08997,36.14,VfS0qUERdZ,com.sec.android.app.shealth,e94f4edc-3908-4402-a3c2-b854a3835dd9,1763424000000,
fe6089e7-a641-4491-b9cf-36875cca887b.binning_data.json,2025-11-19 00:02:33.326,2025-11-19 00:02:33.326,com.sec.android.app.shealth,0,1024,1.2784659,803.08997,36.14,kv/gFnHKRS,com.sec.android.app.shealth,fe6089e7-a641-4491-b9cf-36875cca887b,1763424000000,
54764f1f-7f2f-4564-9918-7a77d67734b3.binning_data.json,2025-11-19 23:13:31.616,2025-11-19 00:25:04.130,com.sec.android.app.shealth,-2,3441,1.2152421,2673.9,119.86998,VfS0qUERdZ,com.sec.android.app.shealth,54764f1f-7f2f-4564-9918-7a77d67734b3,1763510400000,
7e402eea-8a1d-4039-a4b7-7693f383b442.binning_data.json,2025-11-20 00:00:08.114,2025-11-20 00:00:08.114,com.sec.android.app.shealth,0,3441,1.2152421,2673.9,119.86998,kv/gFnHKRS,com.sec.android.app.shealth,7e402eea-8a1d-4039-a4b7-7693f383b442,1763510400000,
40f6ede2-c0ed-47aa-b95d-b33c135b0b0c.binning_data.json,2025-11-20 23:51:05.577,2025-11-20 09:31:10.133,com.sec.android.app.shealth,-2,4444,1.1676954,3328.1702,142.85995,VfS0qUERdZ,com.sec.android.app.shealth,40f6ede2-c0ed-47aa-b95d-b33c135b0b0c,1763596800000,
26b9884f-cc55-4588-89cd-cc726dcdfcb1.binning_data.json,2025-11-21 00:00:01.746,2025-11-21 00:00:01.746,com.sec.android.app.shealth,0,4444,1.1676954,3328.1702,142.85995,kv/gFnHKRS,com.sec.android.app.shealth,26b9884f-cc55-4588-89cd-cc726dcdfcb1,1763596800000,
1737b9c3-7217-4ebd-913c-3116860200e8.binning_data.json,2025-11-21 23:28:50.956,2025-11-21 11:54:46.479,com.sec.android.app.shealth,-2,6779,1.1535938,5010.1,213.46996,VfS0qUERdZ,com.sec.android.app.shealth,1737b9c3-7217-4ebd-913c-3116860200e8,1763683200000,
0e104e21-e268-4e60-a640-610c6ff5c84a.binning_data.json,2025-11-22 00:00:02.013,2025-11-22 00:00:02.013,com.sec.android.app.shealth,0,6779,1.1535938,5010.1,213.46996,kv/gFnHKRS,com.sec.android.app.shealth,0e104e21-e268-4e60-a640-610c6ff5c84a,1763683200000,
2ce938c7-826d-4902-9db0-f60a05683968.binning_data.json,2025-11-22 23:52:45.406,2025-11-22 11:58:57.388,com.sec.android.app.shealth,-2,711,1.2428423,547.67,25.83,VfS0qUERdZ,com.sec.android.app.shealth,2ce938c7-826d-4902-9db0-f60a05683968,1763769600000,
747782f9-d194-40db-accf-e509fa8f28cf.binning_data.json,2025-11-23 00:00:01.990,2025-11-23 00:00:01.990,com.sec.android.app.shealth,0,711,1.2428423,547.67,25.83,kv/gFnHKRS,com.sec.android.app.shealth,747782f9-d194-40db-accf-e509fa8f28cf,1763769600000,
de3623dc-16d2-4a10-a768-c30303b51bf0.binning_data.json,2025-11-23 23:12:54.610,2025-11-23 00:00:31.439,com.sec.android.app.shealth,-2,1396,1.2283765,1081.68,49.03,VfS0qUERdZ,com.sec.android.app.shealth,de3623dc-16d2-4a10-a768-c30303b51bf0,1763856000000,
c18f6256-9adc-4822-8ec5-4c59e27676e6.binning_data.json,2025-11-24 00:00:01.516,2025-11-24 00:00:01.516,com.sec.android.app.shealth,0,1396,1.2283765,1081.68,49.03,kv/gFnHKRS,com.sec.android.app.shealth,c18f6256-9adc-4822-8ec5-4c59e27676e6,1763856000000,
598e2ee0-b1d6-4369-81d5-f4087e668f9a.binning_data.json,2025-11-24 23:48:15.539,2025-11-24 11:58:13.534,com.sec.android.app.shealth,-2,502,1.2449353,380.44,18.069998,VfS0qUERdZ,com.sec.android.app.shealth,598e2ee0-b1d6-4369-81d5-f4087e668f9a,1763942400000,
b202f2f9-13d2-4e0c-8da7-f6779dc7b1f2.binning_data.json,2025-11-25 00:00:01.656,2025-11-25 00:00:01.656,com.sec.android.app.shealth,0,502,1.2449353,380.44,18.069998,kv/gFnHKRS,com.sec.android.app.shealth,b202f2f9-13d2-4e0c-8da7-f6779dc7b1f2,1763942400000,
d8cf0cc7-c8f1-47d3-ab75-74c416c2e989.binning_data.json,2025-11-25 22:46:10.822,2025-11-25 01:29:44.625,com.sec.android.app.shealth,-2,482,1.3386,374.65,17.429998,VfS0qUERdZ,com.sec.android.app.shealth,d8cf0cc7-c8f1-47d3-ab75-74c416c2e989,1764028800000,
17069f8c-e1b5-41a4-b136-534759c9c1f7.binning_data.json,2025-11-26 00:00:02.108,2025-11-26 00:00:02.108,com.sec.android.app.shealth,0,482,1.3386,374.65,17.429998,kv/gFnHKRS,com.sec.android.app.shealth,17069f8c-e1b5-41a4-b136-534759c9c1f7,1764028800000,
b02f5a11-0e97-4f8b-af45-23f40d1e24b3.binning_data.json,2025-11-26 23:51:21.431,2025-11-26 09:42:21.960,com.sec.android.app.shealth,-2,8059,1.1557108,5844.41,252.14996,VfS0qUERdZ,com.sec.android.app.shealth,b02f5a11-0e97-4f8b-af45-23f40d1e24b3,1764115200000,
81633f6f-8dc4-42fd-ab79-7aa594ea6b8f.binning_data.json,2025-11-27 00:00:01.970,2025-11-27 00:00:01.970,com.sec.android.app.shealth,0,8059,1.1557108,5844.41,252.14996,kv/gFnHKRS,com.sec.android.app.shealth,81633f6f-8dc4-42fd-ab79-7aa594ea6b8f,1764115200000,
4d55ad7c-085d-4a37-a5f5-d2c31dde476c.binning_data.json,2025-11-27 23:37:38.591,2025-11-27 10:07:20.219,com.sec.android.app.shealth,-2,5607,1.1709056,4114.5303,175.87996,VfS0qUERdZ,com.sec.android.app.shealth,4d55ad7c-085d-4a37-a5f5-d2c31dde476c,1764201600000,
53d1af43-cb48-487b-9660-89613bbf75ba.binning_data.json,2025-11-28 00:00:02.056,2025-11-28 00:00:02.056,com.sec.android.app.shealth,0,5607,1.1709056,4114.5303,175.87996,kv/gFnHKRS,com.sec.android.app.shealth,53d1af43-cb48-487b-9660-89613bbf75ba,1764201600000,
6a0828e1-5bcd-4a0c-af7f-f13e36088d2b.binning_data.json,2025-11-28 23:51:36.390,2025-11-28 00:16:27.461,com.sec.android.app.shealth,-2,5978,1.1927881,4379.05,187.98997,VfS0qUERdZ,com.sec.android.app.shealth,6a0828e1-5bcd-4a0c-af7f-f13e36088d2b,1764288000000,
d97ba7f9-2a8b-4168-b11c-689f47f1a206.binning_data.json,2025-11-29 00:00:02.699,2025-11-29 00:00:02.699,com.sec.android.app.shealth,0,5978,1.1927881,4379.05,187.98997,kv/gFnHKRS,com.sec.android.app.shealth,d97ba7f9-2a8b-4168-b11c-689f47f1a206,1764288000000,
4a13b4bc-f928-4bd3-adbd-48bf561d037d.binning_data.json,2025-11-29 21:22:12.254,2025-11-29 00:52:14.785,com.sec.android.app.shealth,-2,301,1.2672436,219.39,9.609999,VfS0qUERdZ,com.sec.android.app.shealth,4a13b4bc-f928-4bd3-adbd-48bf561d037d,1764374400000,
539448cc-2902-47eb-9286-f30397a6981d.binning_data.json,2025-11-30 00:00:01.599,2025-11-30 00:00:01.599,com.sec.android.app.shealth,0,301,1.2672436,219.39,9.609999,kv/gFnHKRS,com.sec.android.app.shealth,539448cc-2902-47eb-9286-f30397a6981d,1764374400000,
fdc84ead-0f7d-45be-a7ee-ac1c71cc5809.binning_data.json,2025-11-30 23:08:02.666,2025-11-30 00:47:48.813,com.sec.android.app.shealth,-2,1367,1.2955352,1043.64,48.169994,VfS0qUERdZ,com.sec.android.app.shealth,fdc84ead-0f7d-45be-a7ee-ac1c71cc5809,1764460800000,
c3885525-f0e9-4d4b-a18f-c5dae17e7c87.binning_data.json,2025-12-01 00:06:43.643,2025-12-01 00:06:43.643,com.sec.android.app.shealth,0,1367,1.2955352,1043.64,48.169994,kv/gFnHKRS,com.sec.android.app.shealth,c3885525-f0e9-4d4b-a18f-c5dae17e7c87,1764460800000,
6b16ff53-d91f-42d1-89f6-0270fc6e8bf6.binning_data.json,2025-12-01 23:24:13.242,2025-12-01 02:16:35.192,com.sec.android.app.shealth,-2,5066,1.2307845,3810.5403,161.53996,VfS0qUERdZ,com.sec.android.app.shealth,6b16ff53-d91f-42d1-89f6-0270fc6e8bf6,1764547200000,
6992e982-1f43-49c6-86b4-008dd6aab115.binning_data.json,2025-12-02 00:00:02.320,2025-12-02 00:00:02.320,com.sec.android.app.shealth,0,5066,1.2307845,3810.5403,161.53996,kv/gFnHKRS,com.sec.android.app.shealth,6992e982-1f43-49c6-86b4-008dd6aab115,1764547200000,
5d3af8e7-0967-436f-8076-83ee70f88bca.binning_data.json,2025-12-02 23:03:30.320,2025-12-02 00:33:50.502,com.sec.android.app.shealth,-2,1023,1.2876679,789.58,37.179996,VfS0qUERdZ,com.sec.android.app.shealth,5d3af8e7-0967-436f-8076-83ee70f88bca,1764633600000,
0864f62e-b181-4975-bc94-858c277e7e43.binning_data.json,2025-12-03 00:00:02.030,2025-12-03 00:00:02.030,com.sec.android.app.shealth,0,1023,1.2876679,789.58,37.179996,kv/gFnHKRS,com.sec.android.app.shealth,0864f62e-b181-4975-bc94-858c277e7e43,1764633600000,
9ab9c455-a685-4bd0-adde-2d0fc64a63d2.binning_data.json,2025-12-03 23:54:23.437,2025-12-03 00:35:49.811,com.sec.android.app.shealth,-2,5139,1.1779163,3793.8804,164.69995,VfS0qUERdZ,com.sec.android.app.shealth,9ab9c455-a685-4bd0-adde-2d0fc64a63d2,1764720000000,
2c2c2ac5-c5b9-4aab-9c4b-b5d7db6f1ed0.binning_data.json,2025-12-04 00:00:02.982,2025-12-04 00:00:02.982,com.sec.android.app.shealth,0,5139,1.1779163,3793.8804,164.69995,kv/gFnHKRS,com.sec.android.app.shealth,2c2c2ac5-c5b9-4aab-9c4b-b5d7db6f1ed0,1764720000000,
e11fc2ca-f59d-4aae-81af-9b23562f7366.binning_data.json,2025-12-04 23:12:07.086,2025-12-04 00:05:03.287,com.sec.android.app.shealth,-2,5786,1.1882465,4247.15,185.98996,VfS0qUERdZ,com.sec.android.app.shealth,e11fc2ca-f59d-4aae-81af-9b23562f7366,1764806400000,
347a97d6-37a9-4711-b3be-d21b19636106.binning_data.json,2025-12-05 00:00:02.672,2025-12-05 00:00:02.672,com.sec.android.app.shealth,0,5786,1.1882465,4247.15,185.98996,kv/gFnHKRS,com.sec.android.app.shealth,347a97d6-37a9-4711-b3be-d21b19636106,1764806400000,
7fc0a9b5-9981-40ad-a665-1eefc76dd11c.binning_data.json,2025-12-05 23:13:14.706,2025-12-05 00:08:56.514,com.sec.android.app.shealth,-2,2849,1.179916,2098.5,91.07,VfS0qUERdZ,com.sec.android.app.shealth,7fc0a9b5-9981-40ad-a665-1eefc76dd11c,1764892800000,
321e23a4-ed77-4031-9c95-0a5ab798df3e.binning_data.json,2025-12-06 00:00:01.598,2025-12-06 00:00:01.598,com.sec.android.app.shealth,0,2849,1.179916,2098.5,91.07,kv/gFnHKRS,com.sec.android.app.shealth,321e23a4-ed77-4031-9c95-0a5ab798df3e,1764892800000,
015cd038-4052-4a06-b10c-5dde6c3b6139.binning_data.json,2025-12-06 19:05:27.020,2025-12-06 00:21:47.427,com.sec.android.app.shealth,-2,445,1.2042997,326.22,15.369998,VfS0qUERdZ,com.sec.android.app.shealth,015cd038-4052-4a06-b10c-5dde6c3b6139,1764979200000,
8a5e126b-2a05-4eca-96e3-46a6e36b918b.binning_data.json,2025-12-07 00:01:46.948,2025-12-07 00:01:46.948,com.sec.android.app.shealth,0,445,1.2042997,326.22,15.369998,kv/gFnHKRS,com.sec.android.app.shealth,8a5e126b-2a05-4eca-96e3-46a6e36b918b,1764979200000,
4a6d2891-8d66-4953-9e2d-e365c0cd8d54.binning_data.json,2025-12-08 00:00:03.329,2025-12-07 01:35:59.811,com.sec.android.app.shealth,-2,1455,1.3189139,1146.48,53.829994,VfS0qUERdZ,com.sec.android.app.shealth,4a6d2891-8d66-4953-9e2d-e365c0cd8d54,1765065600000,
3da88c7d-226f-47a0-bfb5-4dc4c4f4f78a.binning_data.json,2025-12-08 00:00:02.352,2025-12-08 00:00:02.352,com.sec.android.app.shealth,0,1455,1.3189139,1146.48,53.829994,kv/gFnHKRS,com.sec.android.app.shealth,3da88c7d-226f-47a0-bfb5-4dc4c4f4f78a,1765065600000,
d924238d-ea22-490f-a35a-88fdecd7336c.binning_data.json,2025-12-08 22:26:01.666,2025-12-08 08:01:45.785,com.sec.android.app.shealth,-2,9785,1.2596526,7292.861,310.9899,VfS0qUERdZ,com.sec.android.app.shealth,d924238d-ea22-490f-a35a-88fdecd7336c,1765152000000,
fe03279c-635e-472d-8635-4fb458c71031.binning_data.json,2025-12-09 00:00:01.820,2025-12-09 00:00:01.820,com.sec.android.app.shealth,0,9785,1.2596526,7292.861,310.9899,kv/gFnHKRS,com.sec.android.app.shealth,fe03279c-635e-472d-8635-4fb458c71031,1765152000000,
be957d34-ac05-4aae-93c1-77dc140a2223.binning_data.json,2025-12-09 23:13:26.406,2025-12-09 01:35:28.070,com.sec.android.app.shealth,-2,8101,1.2328593,5991.99,254.93999,VfS0qUERdZ,com.sec.android.app.shealth,be957d34-ac05-4aae-93c1-77dc140a2223,1765238400000,
1933c2ea-105d-409d-bb2a-6439c23aa5af.binning_data.json,2025-12-10 00:01:00.962,2025-12-10 00:01:00.962,com.sec.android.app.shealth,0,8101,1.2328593,5991.99,254.93999,kv/gFnHKRS,com.sec.android.app.shealth,1933c2ea-105d-409d-bb2a-6439c23aa5af,1765238400000,
0cc24974-0d94-4900-b388-e488c4032cea.binning_data.json,2025-12-10 23:29:12.883,2025-12-10 01:04:32.609,com.sec.android.app.shealth,-2,1199,1.2791985,923.75995,43.689995,VfS0qUERdZ,com.sec.android.app.shealth,0cc24974-0d94-4900-b388-e488c4032cea,1765324800000,
4e2fce6c-8718-4bca-8c50-7e948efa87a6.binning_data.json,2025-12-11 00:00:02.035,2025-12-11 00:00:02.035,com.sec.android.app.shealth,0,1199,1.2791985,923.75995,43.689995,kv/gFnHKRS,com.sec.android.app.shealth,4e2fce6c-8718-4bca-8c50-7e948efa87a6,1765324800000,
faa00df0-7efa-4924-a8b3-1008e580a960.binning_data.json,2025-12-11 22:33:22.651,2025-12-11 01:24:41.784,com.sec.android.app.shealth,-2,746,1.249762,569.83997,26.759996,VfS0qUERdZ,com.sec.android.app.shealth,faa00df0-7efa-4924-a8b3-1008e580a960,1765411200000,
1f84391f-617b-4c39-9d39-3a175cce35e0.binning_data.json,2025-12-12 00:00:02.289,2025-12-12 00:00:02.289,com.sec.android.app.shealth,0,746,1.249762,569.83997,26.759996,kv/gFnHKRS,com.sec.android.app.shealth,1f84391f-617b-4c39-9d39-3a175cce35e0,1765411200000,
408acfcb-b497-4b78-b80f-1341c10b5f42.binning_data.json,2025-12-12 23:29:20.059,2025-12-12 02:55:17.995,com.sec.android.app.shealth,-2,5645,1.2414356,4236.2705,182.71996,VfS0qUERdZ,com.sec.android.app.shealth,408acfcb-b497-4b78-b80f-1341c10b5f42,1765497600000,
0572f0c0-28e1-46aa-b0c3-18f90f9db231.binning_data.json,2025-12-13 00:12:38.494,2025-12-13 00:12:38.494,com.sec.android.app.shealth,0,5645,1.2414356,4236.2705,182.71996,kv/gFnHKRS,com.sec.android.app.shealth,0572f0c0-28e1-46aa-b0c3-18f90f9db231,1765497600000,
2d831864-d20b-4e16-9483-eef6fb3aa9cc.binning_data.json,2025-12-13 23:22:26.492,2025-12-13 01:45:56.110,com.sec.android.app.shealth,-2,4234,1.2184048,3147.4302,140.73997,VfS0qUERdZ,com.sec.android.app.shealth,2d831864-d20b-4e16-9483-eef6fb3aa9cc,1765584000000,
0567c9e5-7ebd-4526-b3a3-50a77fc1bc54.binning_data.json,2025-12-14 00:00:02.540,2025-12-14 00:00:02.540,com.sec.android.app.shealth,0,4234,1.2184048,3147.4302,140.73997,kv/gFnHKRS,com.sec.android.app.shealth,0567c9e5-7ebd-4526-b3a3-50a77fc1bc54,1765584000000,
469f4452-e154-4c7b-9c1a-b39b7ccf954c.binning_data.json,2025-12-14 23:59:28.569,2025-12-14 11:27:17.465,com.sec.android.app.shealth,-2,1252,1.2885063,961.68994,44.719997,VfS0qUERdZ,com.sec.android.app.shealth,469f4452-e154-4c7b-9c1a-b39b7ccf954c,1765670400000,
39f022cd-fd88-48fe-b173-7b90c5e1626c.binning_data.json,2025-12-15 00:00:02.672,2025-12-15 00:00:02.672,com.sec.android.app.shealth,0,1252,1.2885063,961.68994,44.719997,kv/gFnHKRS,com.sec.android.app.shealth,39f022cd-fd88-48fe-b173-7b90c5e1626c,1765670400000,
ffb3daf0-bc6e-4454-9d38-45c71d237cf0.binning_data.json,2025-12-15 23:56:10.120,2025-12-15 00:06:10.057,com.sec.android.app.shealth,-2,4051,1.2354361,3038.6,130.08,VfS0qUERdZ,com.sec.android.app.shealth,ffb3daf0-bc6e-4454-9d38-45c71d237cf0,1765756800000,
7a0f61cd-c4a0-47b9-b623-b108234a15ec.binning_data.json,2025-12-16 00:00:01.621,2025-12-16 00:00:01.621,com.sec.android.app.shealth,0,4051,1.2354361,3038.6,130.08,kv/gFnHKRS,com.sec.android.app.shealth,7a0f61cd-c4a0-47b9-b623-b108234a15ec,1765756800000,
0abb1c12-e2b2-413c-a5bc-16413b589840.binning_data.json,2025-12-16 23:40:53.587,2025-12-16 00:04:40.767,com.sec.android.app.shealth,-2,3783,1.2222819,2920.13,134.70999,VfS0qUERdZ,com.sec.android.app.shealth,0abb1c12-e2b2-413c-a5bc-16413b589840,1765843200000,
8d9b52aa-05ba-4a23-8217-b2999771ae18.binning_data.json,2025-12-17 00:00:01.953,2025-12-17 00:00:01.953,com.sec.android.app.shealth,0,3783,1.2222819,2920.13,134.70999,kv/gFnHKRS,com.sec.android.app.shealth,8d9b52aa-05ba-4a23-8217-b2999771ae18,1765843200000,
ac08470d-c085-4235-8c76-c29b19d87a39.binning_data.json,2025-12-17 19:55:11.825,2025-12-17 10:39:46.850,com.sec.android.app.shealth,-2,3581,1.2269208,2706.04,121.229996,VfS0qUERdZ,com.sec.android.app.shealth,ac08470d-c085-4235-8c76-c29b19d87a39,1765929600000,
2fb9dcd6-f74b-484f-be26-1a195b129f6e.binning_data.json,2025-12-18 00:05:58.412,2025-12-18 00:05:58.412,com.sec.android.app.shealth,0,3581,1.2269208,2706.04,121.229996,kv/gFnHKRS,com.sec.android.app.shealth,2fb9dcd6-f74b-484f-be26-1a195b129f6e,1765929600000,
605d4221-b5e0-46b2-a324-6495b1cd9895.binning_data.json,2025-12-18 23:56:49.131,2025-12-18 00:25:22.657,com.sec.android.app.shealth,-2,4662,1.2363265,3467.96,153.14998,VfS0qUERdZ,com.sec.android.app.shealth,605d4221-b5e0-46b2-a324-6495b1cd9895,1766016000000,
49d0a82d-3fdb-4faf-a2b1-de639d5e98ba.binning_data.json,2025-12-19 00:00:03.344,2025-12-19 00:00:03.344,com.sec.android.app.shealth,0,4662,1.2363265,3467.96,153.14998,kv/gFnHKRS,com.sec.android.app.shealth,49d0a82d-3fdb-4faf-a2b1-de639d5e98ba,1766016000000,
32bad2d9-f040-42e0-8e2a-66d357c49ed8.binning_data.json,2025-12-19 23:51:16.262,2025-12-19 00:00:37.453,com.sec.android.app.shealth,-2,7786,1.1930709,5839.87,251.57999,VfS0qUERdZ,com.sec.android.app.shealth,32bad2d9-f040-42e0-8e2a-66d357c49ed8,1766102400000,
15bcb0f7-bcdf-4422-b8c4-c03339e6a78c.binning_data.json,2025-12-20 00:00:04.551,2025-12-20 00:00:04.551,com.sec.android.app.shealth,0,7786,1.1930709,5839.87,251.57999,kv/gFnHKRS,com.sec.android.app.shealth,15bcb0f7-bcdf-4422-b8c4-c03339e6a78c,1766102400000,
fb60495f-33cc-4631-8948-997e981c1fa3.binning_data.json,2025-12-20 23:35:14.621,2025-12-20 00:05:56.593,com.sec.android.app.shealth,-2,6738,1.2430234,5093.4897,224.73,VfS0qUERdZ,com.sec.android.app.shealth,fb60495f-33cc-4631-8948-997e981c1fa3,1766188800000,
b9ba4be1-f335-48d0-a147-ec1aa1dcdead.binning_data.json,2025-12-21 00:56:57.979,2025-12-21 00:56:57.979,com.sec.android.app.shealth,0,6738,1.2430234,5093.4897,224.73,kv/gFnHKRS,com.sec.android.app.shealth,b9ba4be1-f335-48d0-a147-ec1aa1dcdead,1766188800000,
380a4dbd-9de5-4316-b718-a3a980b9984a.binning_data.json,2025-12-21 19:45:23.250,2025-12-21 04:05:15.549,com.sec.android.app.shealth,-2,12376,1.1150103,9046.22,399.53,VfS0qUERdZ,com.sec.android.app.shealth,380a4dbd-9de5-4316-b718-a3a980b9984a,1766275200000,
2d6129c5-184d-4a75-a633-f26c250032ce.binning_data.json,2025-12-21 23:00:45.587,2025-12-21 23:00:45.587,com.sec.android.app.shealth,0,12376,1.1150103,9046.22,399.53,kv/gFnHKRS,com.sec.android.app.shealth,2d6129c5-184d-4a75-a633-f26c250032ce,1766275200000,
c2bde0f1-c5c2-4bdf-a53a-e6d9bcc6dd6c.binning_data.json,2025-12-22 19:04:29.397,2025-12-22 07:15:28.886,com.sec.android.app.shealth,-2,21017,1.1413804,15392.12,649.43994,VfS0qUERdZ,com.sec.android.app.shealth,c2bde0f1-c5c2-4bdf-a53a-e6d9bcc6dd6c,1766361600000,
eef54606-ec6f-484a-b046-1348a4b870c8.binning_data.json,2025-12-22 23:00:04.063,2025-12-22 23:00:04.063,com.sec.android.app.shealth,0,21017,1.1413804,15392.12,649.43994,kv/gFnHKRS,com.sec.android.app.shealth,eef54606-ec6f-484a-b046-1348a4b870c8,1766361600000,
41ede7d0-7342-44bc-a08f-7be45be501b3.binning_data.json,2025-12-23 23:56:01.407,2025-12-23 07:08:53.246,com.sec.android.app.shealth,-2,8870,1.2031982,6583.36,291.41998,VfS0qUERdZ,com.sec.android.app.shealth,41ede7d0-7342-44bc-a08f-7be45be501b3,1766448000000,
ab317aaf-d729-42b5-9392-d16d0289313e.binning_data.json,2025-12-24 00:00:02.019,2025-12-23 13:11:02.320,com.sec.android.app.shealth,0,8870,1.2031982,6583.36,291.41998,kv/gFnHKRS,com.sec.android.app.shealth,ab317aaf-d729-42b5-9392-d16d0289313e,1766448000000,
6304da9d-0806-430b-b0dd-9fb0425d923a.binning_data.json,2025-12-25 00:00:58.456,2025-12-24 00:42:46.002,com.sec.android.app.shealth,-2,4534,1.2303642,3440.4,151.76,VfS0qUERdZ,com.sec.android.app.shealth,6304da9d-0806-430b-b0dd-9fb0425d923a,1766534400000,
b5cb6e3d-89d5-4dfa-89f4-f3a4fee7b5db.binning_data.json,2025-12-25 23:30:09.750,2025-12-25 00:00:53.571,com.sec.android.app.shealth,-2,6085,1.2456049,4657.64,206.99998,VfS0qUERdZ,com.sec.android.app.shealth,b5cb6e3d-89d5-4dfa-89f4-f3a4fee7b5db,1766620800000,
028fbe9f-11b2-494c-b8c2-95bd4312ba43.binning_data.json,2025-12-26 00:00:01.928,2025-12-25 00:00:55.248,com.sec.android.app.shealth,0,6085,1.2456049,4657.64,206.99998,kv/gFnHKRS,com.sec.android.app.shealth,028fbe9f-11b2-494c-b8c2-95bd4312ba43,1766620800000,
0dfe4d34-5f54-49b2-9a3f-0dc0cc2514ab.binning_data.json,2025-12-25 00:00:55.251,2025-12-25 00:00:55.251,com.sec.android.app.shealth,0,4534,1.2303642,3440.4,151.76,kv/gFnHKRS,com.sec.android.app.shealth,0dfe4d34-5f54-49b2-9a3f-0dc0cc2514ab,1766534400000,
2ca72945-2bef-4571-80c9-e39555fa65a8.binning_data.json,2025-12-26 23:31:59.273,2025-12-26 15:57:30.846,com.sec.android.app.shealth,-2,373,1.2654159,286.92,15.21,VfS0qUERdZ,com.sec.android.app.shealth,2ca72945-2bef-4571-80c9-e39555fa65a8,1766707200000,
9efb75d4-2bc8-448c-a563-7e03d8188d26.binning_data.json,2025-12-27 00:00:04.095,2025-12-27 00:00:04.095,com.sec.android.app.shealth,0,373,1.2654159,286.92,15.21,kv/gFnHKRS,com.sec.android.app.shealth,9efb75d4-2bc8-448c-a563-7e03d8188d26,1766707200000,
f5035c77-d6bf-47da-bd4e-2f7ac86aa7e7.binning_data.json,2025-12-27 23:23:04.801,2025-12-27 10:33:20.756,com.sec.android.app.shealth,-2,6491,1.2601969,4850.52,215.51999,VfS0qUERdZ,com.sec.android.app.shealth,f5035c77-d6bf-47da-bd4e-2f7ac86aa7e7,1766793600000,
ead34e5a-e7cb-47c1-aee3-12d8202d9c37.binning_data.json,2025-12-28 00:00:02.133,2025-12-28 00:00:02.133,com.sec.android.app.shealth,0,6491,1.2601969,4850.52,215.51999,kv/gFnHKRS,com.sec.android.app.shealth,ead34e5a-e7cb-47c1-aee3-12d8202d9c37,1766793600000,
49f95cea-19b0-4560-ac3b-4d02f7ef4d7e.binning_data.json,2025-12-30 00:00:03.071,2025-12-28 01:24:51.866,com.sec.android.app.shealth,-2,7378,1.17016,5411.7,245.06999,VfS0qUERdZ,com.sec.android.app.shealth,49f95cea-19b0-4560-ac3b-4d02f7ef4d7e,1766880000000,
f48cb2fa-f2b4-454e-a564-6d0c2e3a8512.binning_data.json,2025-12-29 00:15:01.335,2025-12-29 00:00:02.178,com.sec.android.app.shealth,0,7378,1.17016,5411.7,245.06999,kv/gFnHKRS,com.sec.android.app.shealth,f48cb2fa-f2b4-454e-a564-6d0c2e3a8512,1766880000000,
a8f4e2e1-f99b-4549-b093-b4247d2b7cab.binning_data.json,2025-12-29 23:47:52.038,2025-12-29 00:15:01.320,com.sec.android.app.shealth,-2,11830,1.1582546,8700.9,381.80997,VfS0qUERdZ,com.sec.android.app.shealth,a8f4e2e1-f99b-4549-b093-b4247d2b7cab,1766966400000,
533b558b-c3f2-4e62-84df-37e981f17a3b.binning_data.json,2025-12-30 00:00:01.847,2025-12-29 00:15:01.327,com.sec.android.app.shealth,0,11830,1.1582546,8700.9,381.80997,kv/gFnHKRS,com.sec.android.app.shealth,533b558b-c3f2-4e62-84df-37e981f17a3b,1766966400000,
8075bc7e-1eb8-415b-b0c1-2ddee0ee3efd.binning_data.json,2025-12-30 23:31:29.062,2025-12-30 11:01:44.051,com.sec.android.app.shealth,-2,2947,1.2665998,2289.76,101.58999,VfS0qUERdZ,com.sec.android.app.shealth,8075bc7e-1eb8-415b-b0c1-2ddee0ee3efd,1767052800000,
827c67c0-5f86-477c-a49b-52e1e4f172e4.binning_data.json,2025-12-31 00:17:58.073,2025-12-31 00:17:58.073,com.sec.android.app.shealth,0,2947,1.2665998,2289.76,101.58999,kv/gFnHKRS,com.sec.android.app.shealth,827c67c0-5f86-477c-a49b-52e1e4f172e4,1767052800000,
ff31cefa-1cfa-4a91-9ffe-654d0347be9d.binning_data.json,2026-01-01 00:10:32.833,2025-12-31 10:55:06.380,com.sec.android.app.shealth,-2,9139,1.1971457,6808.37,292.03,VfS0qUERdZ,com.sec.android.app.shealth,ff31cefa-1cfa-4a91-9ffe-654d0347be9d,1767139200000,
37062f01-3d0c-439b-a26b-703a3f5c712b.binning_data.json,2026-01-01 23:40:14.162,2026-01-01 00:10:30.781,com.sec.android.app.shealth,-2,5698,1.2308987,4220.02,192.51999,VfS0qUERdZ,com.sec.android.app.shealth,37062f01-3d0c-439b-a26b-703a3f5c712b,1767225600000,
9b2804cb-60bd-4787-9fb1-6315977e06d7.binning_data.json,2026-01-02 00:04:44.602,2026-01-01 00:10:31.111,com.sec.android.app.shealth,0,5698,1.2308987,4220.02,192.51999,kv/gFnHKRS,com.sec.android.app.shealth,9b2804cb-60bd-4787-9fb1-6315977e06d7,1767225600000,
185976c2-e179-424d-a110-b560b123f685.binning_data.json,2026-01-01 00:10:31.119,2026-01-01 00:10:31.119,com.sec.android.app.shealth,0,9139,1.1971457,6808.37,292.03,kv/gFnHKRS,com.sec.android.app.shealth,185976c2-e179-424d-a110-b560b123f685,1767139200000,
1ffa8c28-52d9-4868-b757-26e7acc8dfdf.binning_data.json,2026-01-02 23:54:56.384,2026-01-02 00:12:22.673,com.sec.android.app.shealth,-2,4297,1.2247857,3302.44,145.2,VfS0qUERdZ,com.sec.android.app.shealth,1ffa8c28-52d9-4868-b757-26e7acc8dfdf,1767312000000,
5c825924-5c29-446e-8133-ee76cf9ae321.binning_data.json,2026-01-03 00:00:02.296,2026-01-03 00:00:02.296,com.sec.android.app.shealth,0,4297,1.2247857,3302.44,145.2,kv/gFnHKRS,com.sec.android.app.shealth,5c825924-5c29-446e-8133-ee76cf9ae321,1767312000000,
79449403-a59d-40d0-a4a4-57fbda9cca04.binning_data.json,2026-01-03 23:52:10.905,2026-01-03 00:01:33.175,com.sec.android.app.shealth,-2,3348,1.3047183,2667.2,121.77999,VfS0qUERdZ,com.sec.android.app.shealth,79449403-a59d-40d0-a4a4-57fbda9cca04,1767398400000,
01502174-7d20-4be8-8400-bbbba3e10ac6.binning_data.json,2026-01-04 00:00:01.822,2026-01-04 00:00:01.822,com.sec.android.app.shealth,0,3348,1.3047183,2667.2,121.77999,kv/gFnHKRS,com.sec.android.app.shealth,01502174-7d20-4be8-8400-bbbba3e10ac6,1767398400000,
4d7513d5-61d7-4de6-b2f5-0d8e58e8286e.binning_data.json,2026-01-04 22:57:26.890,2026-01-04 01:46:16.673,com.sec.android.app.shealth,-2,5705,1.1871482,4202.12,184.5,VfS0qUERdZ,com.sec.android.app.shealth,4d7513d5-61d7-4de6-b2f5-0d8e58e8286e,1767484800000,
71ec3492-c364-4a14-ae89-8106bcf6181f.binning_data.json,2026-01-05 00:23:03.591,2026-01-05 00:23:03.591,com.sec.android.app.shealth,0,5705,1.1871482,4202.12,184.5,kv/gFnHKRS,com.sec.android.app.shealth,71ec3492-c364-4a14-ae89-8106bcf6181f,1767484800000,
33ebe71b-dc98-4ab2-91c5-fadc490fd2a6.binning_data.json,2026-01-05 23:02:19.005,2026-01-05 00:34:48.600,com.sec.android.app.shealth,-2,8742,1.1403865,6536.26,285.46,VfS0qUERdZ,com.sec.android.app.shealth,33ebe71b-dc98-4ab2-91c5-fadc490fd2a6,1767571200000,
38acac1f-bfbb-4689-b92b-3c94c68c10b3.binning_data.json,2026-01-06 00:43:15.777,2026-01-06 00:43:15.777,com.sec.android.app.shealth,0,8742,1.1403865,6536.26,285.46,kv/gFnHKRS,com.sec.android.app.shealth,38acac1f-bfbb-4689-b92b-3c94c68c10b3,1767571200000,
b41a2446-fb86-49b7-b76d-47456979c139.binning_data.json,2026-01-06 22:14:21.902,2026-01-06 11:19:57.090,com.sec.android.app.shealth,-2,1957,1.2743913,1493.5,67.909996,VfS0qUERdZ,com.sec.android.app.shealth,b41a2446-fb86-49b7-b76d-47456979c139,1767657600000,
20003d8f-9457-4842-8e9e-00f6527bdc32.binning_data.json,2026-01-07 00:25:34.401,2026-01-07 00:25:34.401,com.sec.android.app.shealth,0,1957,1.2743913,1493.5,67.909996,kv/gFnHKRS,com.sec.android.app.shealth,20003d8f-9457-4842-8e9e-00f6527bdc32,1767657600000,
ffcf27f0-bdf2-443b-81f2-a5975c07d0a8.binning_data.json,2026-01-07 23:34:43.547,2026-01-07 08:34:51.191,com.sec.android.app.shealth,-2,12906,1.1645991,9150.84,426.35,VfS0qUERdZ,com.sec.android.app.shealth,ffcf27f0-bdf2-443b-81f2-a5975c07d0a8,1767744000000,
ec64543c-c11d-41f4-815f-1587d1adc00f.binning_data.json,2026-01-08 00:00:42.966,2026-01-08 00:00:42.966,com.sec.android.app.shealth,0,12906,1.1645991,9150.84,426.35,kv/gFnHKRS,com.sec.android.app.shealth,ec64543c-c11d-41f4-815f-1587d1adc00f,1767744000000,
ded85b91-3cbd-4176-8793-7da368990521.binning_data.json,2026-01-08 23:56:43.990,2026-01-08 10:13:20.827,com.sec.android.app.shealth,-2,10313,1.2616886,7742.08,331.68997,VfS0qUERdZ,com.sec.android.app.shealth,ded85b91-3cbd-4176-8793-7da368990521,1767830400000,
0ee83d2f-742e-47b4-adb4-957bd7da54f3.binning_data.json,2026-01-09 23:33:07.424,2026-01-09 00:06:58.490,com.sec.android.app.shealth,-2,1485,1.2362822,1134.99,49.679996,VfS0qUERdZ,com.sec.android.app.shealth,0ee83d2f-742e-47b4-adb4-957bd7da54f3,1767916800000,
c92fa56a-1cee-4ccd-bd1e-d856bf509dd5.binning_data.json,2026-01-10 00:00:04.005,2026-01-09 00:06:58.982,com.sec.android.app.shealth,0,1485,1.2362822,1134.99,49.679996,kv/gFnHKRS,com.sec.android.app.shealth,c92fa56a-1cee-4ccd-bd1e-d856bf509dd5,1767916800000,
b9532a33-e9e5-426c-9151-06d16dae4e5b.binning_data.json,2026-01-09 00:06:58.989,2026-01-09 00:06:58.989,com.sec.android.app.shealth,0,10313,1.2616886,7742.08,331.68997,kv/gFnHKRS,com.sec.android.app.shealth,b9532a33-e9e5-426c-9151-06d16dae4e5b,1767830400000,
26c80adb-7eb4-47b4-aae0-87a44b4aa490.binning_data.json,2026-01-11 00:15:59.750,2026-01-10 08:49:32.544,com.sec.android.app.shealth,-2,5185,1.2110498,3833.87,174.51,VfS0qUERdZ,com.sec.android.app.shealth,26c80adb-7eb4-47b4-aae0-87a44b4aa490,1768003200000,
dbbd6008-3a3f-416d-a889-8c9283e51e39.binning_data.json,2026-01-11 23:38:41.902,2026-01-11 00:15:14.100,com.sec.android.app.shealth,-2,2018,1.2825735,1595.83,72.829994,VfS0qUERdZ,com.sec.android.app.shealth,dbbd6008-3a3f-416d-a889-8c9283e51e39,1768089600000,
5d8e028d-acd6-4391-8169-7fe73cc15c0e.binning_data.json,2026-01-12 00:00:02.210,2026-01-11 00:15:14.689,com.sec.android.app.shealth,0,2018,1.2825735,1595.83,72.829994,kv/gFnHKRS,com.sec.android.app.shealth,5d8e028d-acd6-4391-8169-7fe73cc15c0e,1768089600000,
a13b64b7-bcca-4dc8-aba8-09c5ce764f2f.binning_data.json,2026-01-11 00:15:14.731,2026-01-11 00:15:14.731,com.sec.android.app.shealth,0,5185,1.2110498,3833.87,174.51,kv/gFnHKRS,com.sec.android.app.shealth,a13b64b7-bcca-4dc8-aba8-09c5ce764f2f,1768003200000,
b3b7a9ca-d3ac-4d41-bbf4-a706af46b592.binning_data.json,2026-01-12 22:25:17.289,2026-01-12 00:08:19.389,com.sec.android.app.shealth,-2,6616,1.2010957,4863.86,210.26997,VfS0qUERdZ,com.sec.android.app.shealth,b3b7a9ca-d3ac-4d41-bbf4-a706af46b592,1768176000000,
f189b6e0-1048-4f9c-8b4a-8e4ba2472276.binning_data.json,2026-01-13 00:47:56.058,2026-01-13 00:47:56.058,com.sec.android.app.shealth,0,6616,1.2010957,4863.86,210.26997,kv/gFnHKRS,com.sec.android.app.shealth,f189b6e0-1048-4f9c-8b4a-8e4ba2472276,1768176000000,
c8fc0cde-8c16-4323-a70a-ecd1f0b52794.binning_data.json,2026-01-15 00:00:03.335,2026-01-13 08:52:09.816,com.sec.android.app.shealth,-2,13387,1.269506,9986.581,429.26993,VfS0qUERdZ,com.sec.android.app.shealth,c8fc0cde-8c16-4323-a70a-ecd1f0b52794,1768262400000,
705e2d6d-c762-43c7-aab0-fbacd0289f44.binning_data.json,2026-01-14 00:02:35.544,2026-01-14 00:00:02.696,com.sec.android.app.shealth,0,13387,1.269506,9986.581,429.26993,kv/gFnHKRS,com.sec.android.app.shealth,705e2d6d-c762-43c7-aab0-fbacd0289f44,1768262400000,
1218acef-c4b6-40de-8c23-d0784561b286.binning_data.json,2026-01-14 23:52:54.171,2026-01-14 00:02:35.115,com.sec.android.app.shealth,-2,10912,1.298041,8236.48,356.29993,VfS0qUERdZ,com.sec.android.app.shealth,1218acef-c4b6-40de-8c23-d0784561b286,1768348800000,
fc7e2746-04ec-47fe-a0ee-e73db8ca1a3e.binning_data.json,2026-01-15 00:00:02.305,2026-01-14 00:02:35.525,com.sec.android.app.shealth,0,10912,1.298041,8236.48,356.29993,kv/gFnHKRS,com.sec.android.app.shealth,fc7e2746-04ec-47fe-a0ee-e73db8ca1a3e,1768348800000,
bda6e6a0-6906-400f-b86b-7e79060c2dcb.binning_data.json,2026-01-16 00:00:56.542,2026-01-15 00:09:59.240,com.sec.android.app.shealth,-2,10336,1.2665122,7633.1206,326.04996,VfS0qUERdZ,com.sec.android.app.shealth,bda6e6a0-6906-400f-b86b-7e79060c2dcb,1768435200000,
13d453e7-3a55-4bca-b6db-c27edc9fd24f.binning_data.json,2026-01-16 23:52:37.807,2026-01-16 00:00:54.106,com.sec.android.app.shealth,-2,11047,1.2438804,8310.801,351.94995,VfS0qUERdZ,com.sec.android.app.shealth,13d453e7-3a55-4bca-b6db-c27edc9fd24f,1768521600000,
60133da6-216d-4ba5-a42b-7f3ae6e8fc70.binning_data.json,2026-01-17 00:00:02.830,2026-01-16 00:00:54.974,com.sec.android.app.shealth,0,11047,1.2438804,8310.801,351.94995,kv/gFnHKRS,com.sec.android.app.shealth,60133da6-216d-4ba5-a42b-7f3ae6e8fc70,1768521600000,
6a3e0f20-81e4-43fe-ab74-97b1ffbaf5bd.binning_data.json,2026-01-16 00:00:54.989,2026-01-16 00:00:54.989,com.sec.android.app.shealth,0,10336,1.2665122,7633.1206,326.04996,kv/gFnHKRS,com.sec.android.app.shealth,6a3e0f20-81e4-43fe-ab74-97b1ffbaf5bd,1768435200000,
3b9290e9-6bd0-4835-9a39-179d1cfbc9b0.binning_data.json,2026-01-17 22:47:31.888,2026-01-17 00:04:26.807,com.sec.android.app.shealth,-2,3370,1.2410436,2579.08,117.799965,VfS0qUERdZ,com.sec.android.app.shealth,3b9290e9-6bd0-4835-9a39-179d1cfbc9b0,1768608000000,
846a41f6-133d-4e29-9f40-cdfe02e7caba.binning_data.json,2026-01-18 00:09:36.865,2026-01-18 00:09:36.865,com.sec.android.app.shealth,0,3370,1.2410436,2579.08,117.799965,kv/gFnHKRS,com.sec.android.app.shealth,846a41f6-133d-4e29-9f40-cdfe02e7caba,1768608000000,
00d1bb22-1ace-4196-9933-d6e14ba78a23.binning_data.json,2026-01-18 23:04:42.805,2026-01-18 01:38:29.619,com.sec.android.app.shealth,-2,1038,1.3836827,820.26,38.449997,VfS0qUERdZ,com.sec.android.app.shealth,00d1bb22-1ace-4196-9933-d6e14ba78a23,1768694400000,
85396daf-4481-4a3a-b42c-b74ba3186042.binning_data.json,2026-01-19 00:00:01.899,2026-01-19 00:00:01.899,com.sec.android.app.shealth,0,1038,1.3836827,820.26,38.449997,kv/gFnHKRS,com.sec.android.app.shealth,85396daf-4481-4a3a-b42c-b74ba3186042,1768694400000,
c4f8e06d-c36f-4d2a-9c85-bd7f33bd1684.binning_data.json,2026-01-19 22:43:36.059,2026-01-19 09:43:03.851,com.sec.android.app.shealth,-2,7324,1.2430559,5426.43,239.20996,VfS0qUERdZ,com.sec.android.app.shealth,c4f8e06d-c36f-4d2a-9c85-bd7f33bd1684,1768780800000,
db0baa1e-f4bf-4833-87e0-090d969fbb84.binning_data.json,2026-01-20 00:00:02.186,2026-01-20 00:00:02.186,com.sec.android.app.shealth,0,7324,1.2430559,5426.43,239.20996,kv/gFnHKRS,com.sec.android.app.shealth,db0baa1e-f4bf-4833-87e0-090d969fbb84,1768780800000,
cf69b339-83be-45d5-886b-bfd68bfb13d8.binning_data.json,2026-01-20 23:06:49.816,2026-01-20 10:56:24.131,com.sec.android.app.shealth,-2,6021,1.2157497,4355.0303,195.88995,VfS0qUERdZ,com.sec.android.app.shealth,cf69b339-83be-45d5-886b-bfd68bfb13d8,1768867200000,
981b9fc1-434e-4008-b4fc-920b1b7789e8.binning_data.json,2026-01-21 00:00:02.314,2026-01-21 00:00:02.314,com.sec.android.app.shealth,0,6021,1.2157497,4355.0303,195.88995,kv/gFnHKRS,com.sec.android.app.shealth,981b9fc1-434e-4008-b4fc-920b1b7789e8,1768867200000,
e7cdbcc5-f29a-4f76-9b70-ecdb876523b1.binning_data.json,2026-01-21 23:17:32.849,2026-01-21 00:32:14.405,com.sec.android.app.shealth,-2,6845,1.1661911,5074.6504,223.38998,VfS0qUERdZ,com.sec.android.app.shealth,e7cdbcc5-f29a-4f76-9b70-ecdb876523b1,1768953600000,
883638c5-3b04-47a1-b7c3-df94f2f0fb6e.binning_data.json,2026-01-22 00:00:02.651,2026-01-22 00:00:02.651,com.sec.android.app.shealth,0,6845,1.1661911,5074.6504,223.38998,kv/gFnHKRS,com.sec.android.app.shealth,883638c5-3b04-47a1-b7c3-df94f2f0fb6e,1768953600000,
a5acbec2-c777-4985-b9a8-73b1d419dade.binning_data.json,2026-01-23 00:05:13.674,2026-01-22 10:14:42.773,com.sec.android.app.shealth,-2,9741,1.2131869,7120.72,311.96994,VfS0qUERdZ,com.sec.android.app.shealth,a5acbec2-c777-4985-b9a8-73b1d419dade,1769040000000,
202907da-8fc1-4dcd-92b0-b86ab0a19cd0.binning_data.json,2026-01-23 23:48:57.198,2026-01-23 00:05:10.925,com.sec.android.app.shealth,-2,5676,1.2011052,4031.8904,190.72997,VfS0qUERdZ,com.sec.android.app.shealth,202907da-8fc1-4dcd-92b0-b86ab0a19cd0,1769126400000,
3e59dd92-9f87-41c2-b68f-b4415277b45e.binning_data.json,2026-01-23 00:05:11.537,2026-01-23 00:05:11.537,com.sec.android.app.shealth,0,9741,1.2131869,7120.72,311.96994,kv/gFnHKRS,com.sec.android.app.shealth,3e59dd92-9f87-41c2-b68f-b4415277b45e,1769040000000,
cc9079f3-adbb-4ca1-baf2-3ec434c257a9.binning_data.json,2026-01-24 00:00:02.563,2026-01-23 00:05:11.577,com.sec.android.app.shealth,0,5676,1.2011052,4031.8904,190.72997,kv/gFnHKRS,com.sec.android.app.shealth,cc9079f3-adbb-4ca1-baf2-3ec434c257a9,1769126400000,
38c3faf2-387b-4eeb-a7b2-bb359131e52a.binning_data.json,2026-01-24 23:48:45.934,2026-01-24 01:23:28.342,com.sec.android.app.shealth,-2,1003,1.2891814,781.11,35.039997,VfS0qUERdZ,com.sec.android.app.shealth,38c3faf2-387b-4eeb-a7b2-bb359131e52a,1769212800000,
a716e60d-41c1-4334-98a7-6669746ff16b.binning_data.json,2026-01-25 00:00:02.023,2026-01-25 00:00:02.023,com.sec.android.app.shealth,0,1003,1.2891814,781.11,35.039997,kv/gFnHKRS,com.sec.android.app.shealth,a716e60d-41c1-4334-98a7-6669746ff16b,1769212800000,
0b407351-30e3-4a13-93d6-bc7a15006a76.binning_data.json,2026-01-25 23:56:45.447,2026-01-25 00:26:50.380,com.sec.android.app.shealth,-2,1101,1.2309504,853.94,38.859997,VfS0qUERdZ,com.sec.android.app.shealth,0b407351-30e3-4a13-93d6-bc7a15006a76,1769299200000,
2959b789-a91a-4112-ae07-46591004323f.binning_data.json,2026-01-26 00:00:02.377,2026-01-26 00:00:02.377,com.sec.android.app.shealth,0,1101,1.2309504,853.94,38.859997,kv/gFnHKRS,com.sec.android.app.shealth,2959b789-a91a-4112-ae07-46591004323f,1769299200000,
2c27bf23-af98-4581-b7ec-2718c5118483.binning_data.json,2026-01-26 22:18:53.234,2026-01-26 00:26:58.652,com.sec.android.app.shealth,-2,8444,1.2363688,6269.27,265.29996,VfS0qUERdZ,com.sec.android.app.shealth,2c27bf23-af98-4581-b7ec-2718c5118483,1769385600000,
514e6f84-728a-4611-a9ea-820faf29ad9e.binning_data.json,2026-01-27 00:00:03.038,2026-01-27 00:00:03.038,com.sec.android.app.shealth,0,8444,1.2363688,6269.27,265.29996,kv/gFnHKRS,com.sec.android.app.shealth,514e6f84-728a-4611-a9ea-820faf29ad9e,1769385600000,
43d105c0-8041-4971-befa-12d77fc803cd.binning_data.json,2026-01-27 23:50:25.573,2026-01-27 10:49:50.928,com.sec.android.app.shealth,-2,7084,1.214007,5165.49,226.58995,VfS0qUERdZ,com.sec.android.app.shealth,43d105c0-8041-4971-befa-12d77fc803cd,1769472000000,
c7bdfec4-9da8-47f4-8176-ce2919313ef7.binning_data.json,2026-01-28 00:00:02.747,2026-01-28 00:00:02.747,com.sec.android.app.shealth,0,7084,1.214007,5165.49,226.58995,kv/gFnHKRS,com.sec.android.app.shealth,c7bdfec4-9da8-47f4-8176-ce2919313ef7,1769472000000,
22a679ac-57f3-4e4e-8bee-b38070e199c2.binning_data.json,2026-01-28 20:54:55.082,2026-01-28 09:09:57.809,com.sec.android.app.shealth,-2,7090,1.204058,5250.2,229.99995,VfS0qUERdZ,com.sec.android.app.shealth,22a679ac-57f3-4e4e-8bee-b38070e199c2,1769558400000,
f28a4508-a997-468f-97ca-c0ceed110ad0.binning_data.json,2026-01-29 00:00:02.445,2026-01-29 00:00:02.445,com.sec.android.app.shealth,0,7090,1.204058,5250.2,229.99995,kv/gFnHKRS,com.sec.android.app.shealth,f28a4508-a997-468f-97ca-c0ceed110ad0,1769558400000,
e669a8b7-f8a0-4af1-9f31-14f2c860e755.binning_data.json,2026-01-30 00:15:09.024,2026-01-29 00:27:44.767,com.sec.android.app.shealth,-2,12587,1.2887837,9379.841,401.16992,VfS0qUERdZ,com.sec.android.app.shealth,e669a8b7-f8a0-4af1-9f31-14f2c860e755,1769644800000,
dad889a2-fee2-49fe-8829-63a423a4a1f0.binning_data.json,2026-01-30 23:50:47.153,2026-01-30 00:15:06.491,com.sec.android.app.shealth,-2,5711,1.2614864,4119.09,187.51,VfS0qUERdZ,com.sec.android.app.shealth,dad889a2-fee2-49fe-8829-63a423a4a1f0,1769731200000,
2b277b27-533d-434a-8b0c-bf92dbe6fc96.binning_data.json,2026-01-31 00:00:01.995,2026-01-30 00:15:06.775,com.sec.android.app.shealth,0,5711,1.2614864,4119.09,187.51,kv/gFnHKRS,com.sec.android.app.shealth,2b277b27-533d-434a-8b0c-bf92dbe6fc96,1769731200000,
7a0ded88-c2d5-4982-8c1f-f19ad003771b.binning_data.json,2026-01-30 00:15:06.797,2026-01-30 00:15:06.797,com.sec.android.app.shealth,0,12587,1.2887837,9379.841,401.16992,kv/gFnHKRS,com.sec.android.app.shealth,7a0ded88-c2d5-4982-8c1f-f19ad003771b,1769644800000,
9c0aa7f9-4ab0-4b78-ac34-f9842ba63caa.binning_data.json,2026-01-31 21:38:34.683,2026-01-31 00:06:51.375,com.sec.android.app.shealth,-2,823,1.4250528,678.91,31.509996,VfS0qUERdZ,com.sec.android.app.shealth,9c0aa7f9-4ab0-4b78-ac34-f9842ba63caa,1769817600000,
b949bcaf-be6b-40c1-9fb3-4b82cdd0c441.binning_data.json,2026-02-01 00:00:02.140,2026-02-01 00:00:02.140,com.sec.android.app.shealth,0,823,1.4250528,678.91,31.509996,kv/gFnHKRS,com.sec.android.app.shealth,b949bcaf-be6b-40c1-9fb3-4b82cdd0c441,1769817600000,
1601b623-78d2-4524-a469-1d249dc25c53.binning_data.json,2026-02-01 23:59:08.562,2026-02-01 04:39:43.611,com.sec.android.app.shealth,-2,6162,1.1595539,4502.34,188.81996,VfS0qUERdZ,com.sec.android.app.shealth,1601b623-78d2-4524-a469-1d249dc25c53,1769904000000,
81be579c-53a2-43e6-b344-76a731e946b7.binning_data.json,2026-02-02 00:00:02.457,2026-02-02 00:00:02.457,com.sec.android.app.shealth,0,6162,1.1595539,4502.34,188.81996,kv/gFnHKRS,com.sec.android.app.shealth,81be579c-53a2-43e6-b344-76a731e946b7,1769904000000,
a9167c0b-bb81-45ba-b648-fd8bb88a7f90.binning_data.json,2026-02-02 23:56:20.557,2026-02-02 00:34:32.647,com.sec.android.app.shealth,-2,744,1.3321768,578.05,24.589998,VfS0qUERdZ,com.sec.android.app.shealth,a9167c0b-bb81-45ba-b648-fd8bb88a7f90,1769990400000,
cd7549d5-afaf-42a4-8bc2-4c8d54a12290.binning_data.json,2026-02-03 00:00:02.123,2026-02-03 00:00:02.123,com.sec.android.app.shealth,0,744,1.3321768,578.05,24.589998,kv/gFnHKRS,com.sec.android.app.shealth,cd7549d5-afaf-42a4-8bc2-4c8d54a12290,1769990400000,
046e3507-8acd-4094-9432-02c0acd25d85.binning_data.json,2026-02-03 22:17:36.162,2026-02-03 00:51:22.557,com.sec.android.app.shealth,-2,7055,1.2184242,5152.23,225.37997,VfS0qUERdZ,com.sec.android.app.shealth,046e3507-8acd-4094-9432-02c0acd25d85,1770076800000,
0f1a8e07-53cf-4c53-bdb8-50fcc9530d19.binning_data.json,2026-02-04 00:17:13.116,2026-02-04 00:17:13.116,com.sec.android.app.shealth,0,7055,1.2184242,5152.23,225.37997,kv/gFnHKRS,com.sec.android.app.shealth,0f1a8e07-53cf-4c53-bdb8-50fcc9530d19,1770076800000,
8518ff5d-34c0-41f6-b4eb-d72ebc627f40.binning_data.json,2026-02-04 20:46:19.892,2026-02-04 07:57:33.616,com.sec.android.app.shealth,-2,8237,1.1875935,6051.7705,258.8499,VfS0qUERdZ,com.sec.android.app.shealth,8518ff5d-34c0-41f6-b4eb-d72ebc627f40,1770163200000,
3e335146-62d8-4134-a403-aa09cd7064fa.binning_data.json,2026-02-05 00:08:02.933,2026-02-05 00:08:02.933,com.sec.android.app.shealth,0,8237,1.1875935,6051.7705,258.8499,kv/gFnHKRS,com.sec.android.app.shealth,3e335146-62d8-4134-a403-aa09cd7064fa,1770163200000,
0d5caa83-ad37-447c-a915-1ab8cb7c619f.binning_data.json,2026-02-06 00:04:18.281,2026-02-05 08:32:11.553,com.sec.android.app.shealth,-2,13478,1.2282112,10025.721,429.98996,VfS0qUERdZ,com.sec.android.app.shealth,0d5caa83-ad37-447c-a915-1ab8cb7c619f,1770249600000,
995b0f08-00d6-4a40-b09f-6cd582a6be3c.binning_data.json,2026-02-06 00:04:17.003,2026-02-06 00:04:17.003,com.sec.android.app.shealth,0,13478,1.2282112,10025.721,429.98996,kv/gFnHKRS,com.sec.android.app.shealth,995b0f08-00d6-4a40-b09f-6cd582a6be3c,1770249600000,
80ad496a-ac1a-4ef2-b2f4-c22f1af6b7d2.binning_data.json,2026-02-06 23:56:56.379,2026-02-06 00:06:32.675,com.sec.android.app.shealth,-2,4311,1.2478626,3257.43,143.01997,VfS0qUERdZ,com.sec.android.app.shealth,80ad496a-ac1a-4ef2-b2f4-c22f1af6b7d2,1770336000000,
a7fbf1de-a3b0-4b7b-a237-92c0e9d1c963.binning_data.json,2026-02-07 00:00:02.365,2026-02-07 00:00:02.365,com.sec.android.app.shealth,0,4311,1.2478626,3257.43,143.01997,kv/gFnHKRS,com.sec.android.app.shealth,a7fbf1de-a3b0-4b7b-a237-92c0e9d1c963,1770336000000,
cfb08322-041d-43d6-af66-7b764bd99236.binning_data.json,2026-02-07 23:32:19.130,2026-02-07 00:03:23.583,com.sec.android.app.shealth,-2,1808,1.2796874,1392.41,70.36999,VfS0qUERdZ,com.sec.android.app.shealth,cfb08322-041d-43d6-af66-7b764bd99236,1770422400000,
983ca9f8-f7c4-4ba6-bfd3-ed7b926b6b68.binning_data.json,2026-02-08 00:00:01.826,2026-02-08 00:00:01.826,com.sec.android.app.shealth,0,1808,1.2796874,1392.41,70.36999,kv/gFnHKRS,com.sec.android.app.shealth,983ca9f8-f7c4-4ba6-bfd3-ed7b926b6b68,1770422400000,
8273ab3d-7679-42f7-b489-caf96e0fca02.binning_data.json,2026-02-08 23:27:20.514,2026-02-08 00:21:27.898,com.sec.android.app.shealth,-2,793,1.3674775,642.48,29.369997,VfS0qUERdZ,com.sec.android.app.shealth,8273ab3d-7679-42f7-b489-caf96e0fca02,1770508800000,
47a87c73-b50f-4736-ac9e-6b559e992bfe.binning_data.json,2026-02-09 00:00:01.902,2026-02-09 00:00:01.902,com.sec.android.app.shealth,0,793,1.3674775,642.48,29.369997,kv/gFnHKRS,com.sec.android.app.shealth,47a87c73-b50f-4736-ac9e-6b559e992bfe,1770508800000,
9a92eeca-9f28-47eb-afaa-be739874ac7b.binning_data.json,2026-02-09 22:47:52.049,2026-02-09 02:14:30.393,com.sec.android.app.shealth,-2,772,1.3470032,613.8,29.919998,VfS0qUERdZ,com.sec.android.app.shealth,9a92eeca-9f28-47eb-afaa-be739874ac7b,1770595200000,
2f075770-40c7-47be-8e3a-84d9936c765c.binning_data.json,2026-02-10 00:00:02.142,2026-02-10 00:00:02.142,com.sec.android.app.shealth,0,772,1.3470032,613.8,29.919998,kv/gFnHKRS,com.sec.android.app.shealth,2f075770-40c7-47be-8e3a-84d9936c765c,1770595200000,
d4051fac-f233-4ae5-9dcd-b44b1cb9ed30.binning_data.json,2026-02-10 21:40:01.644,2026-02-10 00:23:34.500,com.sec.android.app.shealth,-2,12129,1.1650608,8904.78,382.07993,VfS0qUERdZ,com.sec.android.app.shealth,d4051fac-f233-4ae5-9dcd-b44b1cb9ed30,1770681600000,
c56d0f66-7a61-4235-b014-1e86b1449be8.binning_data.json,2026-02-11 00:00:02.279,2026-02-11 00:00:02.279,com.sec.android.app.shealth,0,12129,1.1650608,8904.78,382.07993,kv/gFnHKRS,com.sec.android.app.shealth,c56d0f66-7a61-4235-b014-1e86b1449be8,1770681600000,
a4996345-3b38-48f2-a958-755ce20c44e4.binning_data.json,2026-02-11 23:36:22.127,2026-02-11 09:04:09.683,com.sec.android.app.shealth,-2,6398,1.1711065,4653.5503,204.71994,VfS0qUERdZ,com.sec.android.app.shealth,a4996345-3b38-48f2-a958-755ce20c44e4,1770768000000,
656e413b-1a84-48ce-86a1-138d2f2bbe48.binning_data.json,2026-02-12 00:03:04.930,2026-02-12 00:03:04.930,com.sec.android.app.shealth,0,6398,1.1711065,4653.5503,204.71994,kv/gFnHKRS,com.sec.android.app.shealth,656e413b-1a84-48ce-86a1-138d2f2bbe48,1770768000000,
2a9401e8-a352-493a-a636-7a19f4a0c0ea.binning_data.json,2026-02-12 22:59:11.324,2026-02-12 08:06:36.082,com.sec.android.app.shealth,-2,11392,1.1639048,8325.49,356.05,VfS0qUERdZ,com.sec.android.app.shealth,2a9401e8-a352-493a-a636-7a19f4a0c0ea,1770854400000,
4decc129-d6d4-4828-b45d-2d17efd8cf48.binning_data.json,2026-02-13 00:18:39.166,2026-02-13 00:18:39.166,com.sec.android.app.shealth,0,11392,1.1639048,8325.49,356.05,kv/gFnHKRS,com.sec.android.app.shealth,4decc129-d6d4-4828-b45d-2d17efd8cf48,1770854400000,
86cb495c-96ed-4a87-bcf8-1e4e9f50daf8.binning_data.json,2026-02-13 23:37:30.084,2026-02-13 08:25:36.616,com.sec.android.app.shealth,-2,12455,1.1546718,9072.16,395.13998,VfS0qUERdZ,com.sec.android.app.shealth,86cb495c-96ed-4a87-bcf8-1e4e9f50daf8,1770940800000,
d17afdd8-8e69-45a5-bd31-9fbe5aa5c4a0.binning_data.json,2026-02-14 00:00:01.935,2026-02-14 00:00:01.935,com.sec.android.app.shealth,0,12455,1.1546718,9072.16,395.13998,kv/gFnHKRS,com.sec.android.app.shealth,d17afdd8-8e69-45a5-bd31-9fbe5aa5c4a0,1770940800000,
7cc3d2bd-983c-4281-85d5-8c2af58b4da4.binning_data.json,2026-02-14 23:06:11.182,2026-02-14 00:25:21.290,com.sec.android.app.shealth,-2,12453,1.147626,9114.91,398.78998,VfS0qUERdZ,com.sec.android.app.shealth,7cc3d2bd-983c-4281-85d5-8c2af58b4da4,1771027200000,
15c47a26-670d-4d4a-b0dd-bc3ab48a1561.binning_data.json,2026-02-15 00:51:15.821,2026-02-15 00:51:15.821,com.sec.android.app.shealth,0,12453,1.147626,9114.91,398.78998,kv/gFnHKRS,com.sec.android.app.shealth,15c47a26-670d-4d4a-b0dd-bc3ab48a1561,1771027200000,
e4552541-10b6-4c2b-b1a9-49c02ad78b2a.binning_data.json,2026-02-15 23:42:16.256,2026-02-15 10:22:27.150,com.sec.android.app.shealth,-2,8314,1.2205913,6192.78,269.85,VfS0qUERdZ,com.sec.android.app.shealth,e4552541-10b6-4c2b-b1a9-49c02ad78b2a,1771113600000,
55ad1fc7-5a82-4c48-9393-db1c16272635.binning_data.json,2026-02-16 00:00:01.656,2026-02-16 00:00:01.656,com.sec.android.app.shealth,0,8314,1.2205913,6192.78,269.85,kv/gFnHKRS,com.sec.android.app.shealth,55ad1fc7-5a82-4c48-9393-db1c16272635,1771113600000,
7ee4d62a-0a33-4f9e-bcf6-bd0e077b0720.binning_data.json,2026-02-16 23:59:17.525,2026-02-16 00:01:42.635,com.sec.android.app.shealth,-2,5375,1.2602273,4005.34,170.62,VfS0qUERdZ,com.sec.android.app.shealth,7ee4d62a-0a33-4f9e-bcf6-bd0e077b0720,1771200000000,
106b8864-f1c5-417d-8338-ca6bf0e6f99f.binning_data.json,2026-02-17 00:00:02.023,2026-02-17 00:00:02.023,com.sec.android.app.shealth,0,5375,1.2602273,4005.34,170.62,kv/gFnHKRS,com.sec.android.app.shealth,106b8864-f1c5-417d-8338-ca6bf0e6f99f,1771200000000,
df7ee5a6-e1a4-4857-9d15-fcdbb95fa3ca.binning_data.json,2026-02-17 23:44:52.860,2026-02-17 09:11:29.737,com.sec.android.app.shealth,-2,7814,1.2173065,5829.94,256.22998,VfS0qUERdZ,com.sec.android.app.shealth,df7ee5a6-e1a4-4857-9d15-fcdbb95fa3ca,1771286400000,
bbf7ae60-d62f-404a-9b95-adade79ff6cd.binning_data.json,2026-02-18 00:47:34.554,2026-02-18 00:47:34.554,com.sec.android.app.shealth,0,7814,1.2173065,5829.94,256.22998,kv/gFnHKRS,com.sec.android.app.shealth,bbf7ae60-d62f-404a-9b95-adade79ff6cd,1771286400000,
04d37a6c-7c55-4a36-9a48-1378d66ca940.binning_data.json,2026-02-19 00:07:18.531,2026-02-18 10:36:48.765,com.sec.android.app.shealth,-2,8171,1.2323394,6129.77,264.50998,VfS0qUERdZ,com.sec.android.app.shealth,04d37a6c-7c55-4a36-9a48-1378d66ca940,1771372800000,
6bbd29df-89d9-4b65-b439-5fdaeaa9ae7c.binning_data.json,2026-02-19 23:39:49.297,2026-02-19 00:07:15.521,com.sec.android.app.shealth,-2,8815,1.1995808,6433.5005,277.03995,VfS0qUERdZ,com.sec.android.app.shealth,6bbd29df-89d9-4b65-b439-5fdaeaa9ae7c,1771459200000,
9375af83-8cd6-43c0-926b-c5d4d5318791.binning_data.json,2026-02-20 00:00:12.440,2026-02-19 00:07:16.524,com.sec.android.app.shealth,0,8815,1.1995808,6433.5005,277.03995,kv/gFnHKRS,com.sec.android.app.shealth,9375af83-8cd6-43c0-926b-c5d4d5318791,1771459200000,
b71dca7e-33a1-4c36-851c-89b840207ef3.binning_data.json,2026-02-19 00:07:16.615,2026-02-19 00:07:16.615,com.sec.android.app.shealth,0,8171,1.2323394,6129.77,264.50998,kv/gFnHKRS,com.sec.android.app.shealth,b71dca7e-33a1-4c36-851c-89b840207ef3,1771372800000,
8f361961-8aa1-4800-ac24-6bfa844e8d98.binning_data.json,2026-02-20 20:38:34.983,2026-02-20 09:25:11.964,com.sec.android.app.shealth,-2,3308,1.3675265,2566.01,111.44998,VfS0qUERdZ,com.sec.android.app.shealth,8f361961-8aa1-4800-ac24-6bfa844e8d98,1771545600000,
ba1e86d2-6473-485e-8f5f-1d6a5b88e6e4.binning_data.json,2026-02-21 00:00:02.336,2026-02-21 00:00:02.336,com.sec.android.app.shealth,0,3308,1.3675265,2566.01,111.44998,kv/gFnHKRS,com.sec.android.app.shealth,ba1e86d2-6473-485e-8f5f-1d6a5b88e6e4,1771545600000,
36aefa62-f0c2-4bb6-ab9a-dd94fcbd8a46.binning_data.json,2026-02-21 23:46:57.983,2026-02-21 02:01:42.733,com.sec.android.app.shealth,-2,1020,1.3698369,818.38,38.179996,VfS0qUERdZ,com.sec.android.app.shealth,36aefa62-f0c2-4bb6-ab9a-dd94fcbd8a46,1771632000000,
86c1c8d7-2240-4143-8489-4c6197006959.binning_data.json,2026-02-22 00:00:01.784,2026-02-22 00:00:01.784,com.sec.android.app.shealth,0,1020,1.3698369,818.38,38.179996,kv/gFnHKRS,com.sec.android.app.shealth,86c1c8d7-2240-4143-8489-4c6197006959,1771632000000,
e6f2ad55-a91e-40f4-8119-9be2889f9ef8.binning_data.json,2026-02-22 23:52:08.519,2026-02-22 00:20:21.230,com.sec.android.app.shealth,-2,1258,1.2997557,978.89,47.789997,VfS0qUERdZ,com.sec.android.app.shealth,e6f2ad55-a91e-40f4-8119-9be2889f9ef8,1771718400000,
46e7928a-1c0d-4f57-bdd6-5464ac8f9946.binning_data.json,2026-02-23 00:00:03.506,2026-02-23 00:00:03.506,com.sec.android.app.shealth,0,1258,1.2997557,978.89,47.789997,kv/gFnHKRS,com.sec.android.app.shealth,46e7928a-1c0d-4f57-bdd6-5464ac8f9946,1771718400000,
a45f6b3d-a1fd-4c61-9721-d1cd7c724cf7.binning_data.json,2026-02-23 22:31:08.412,2026-02-23 00:11:16.484,com.sec.android.app.shealth,-2,5333,1.2417107,4000.3303,204.88995,VfS0qUERdZ,com.sec.android.app.shealth,a45f6b3d-a1fd-4c61-9721-d1cd7c724cf7,1771804800000,
45d21c61-3025-44b7-bbd4-f19b2f8ce65d.binning_data.json,2026-02-24 01:32:24.148,2026-02-24 01:32:24.148,com.sec.android.app.shealth,0,5333,1.2417107,4000.3303,204.88995,kv/gFnHKRS,com.sec.android.app.shealth,45d21c61-3025-44b7-bbd4-f19b2f8ce65d,1771804800000,
282c9681-e313-4e50-87ce-32ced049b345.binning_data.json,2026-02-24 22:55:30.971,2026-02-24 09:23:57.304,com.sec.android.app.shealth,-2,7061,1.1634471,5131.95,222.34998,VfS0qUERdZ,com.sec.android.app.shealth,282c9681-e313-4e50-87ce-32ced049b345,1771891200000,
ae4dc9d5-4412-4ca3-b4c1-c48eb0f2986e.binning_data.json,2026-02-25 00:00:06.877,2026-02-25 00:00:06.877,com.sec.android.app.shealth,0,7061,1.1634471,5131.95,222.34998,kv/gFnHKRS,com.sec.android.app.shealth,ae4dc9d5-4412-4ca3-b4c1-c48eb0f2986e,1771891200000,
e5adf001-4944-4eae-a736-c2e15a99a8aa.binning_data.json,2026-02-25 22:43:18.067,2026-02-25 08:24:28.402,com.sec.android.app.shealth,-2,5565,1.2629414,4100.56,176.08998,VfS0qUERdZ,com.sec.android.app.shealth,e5adf001-4944-4eae-a736-c2e15a99a8aa,1771977600000,
972fb6a0-2ae9-4033-91ae-770b0aed7796.binning_data.json,2026-02-26 00:00:17.335,2026-02-26 00:00:17.335,com.sec.android.app.shealth,0,5565,1.2629414,4100.56,176.08998,kv/gFnHKRS,com.sec.android.app.shealth,972fb6a0-2ae9-4033-91ae-770b0aed7796,1771977600000,
07297823-2b0a-4bc4-9244-53a1bad4e833.binning_data.json,2026-02-27 00:02:42.932,2026-02-26 09:40:49.743,com.sec.android.app.shealth,-2,11568,1.220276,8601.44,364.78995,VfS0qUERdZ,com.sec.android.app.shealth,07297823-2b0a-4bc4-9244-53a1bad4e833,1772064000000,
1e9cb1ef-ccb8-466a-a9ce-00c3231b355f.binning_data.json,2026-02-27 00:02:41.466,2026-02-27 00:02:41.466,com.sec.android.app.shealth,0,11568,1.220276,8601.44,364.78995,kv/gFnHKRS,com.sec.android.app.shealth,1e9cb1ef-ccb8-466a-a9ce-00c3231b355f,1772064000000,
6f1a21bc-2c13-441a-b052-557db32267f7.binning_data.json,2026-02-27 23:44:07.380,2026-02-27 00:10:33.354,com.sec.android.app.shealth,-2,5586,1.2380974,4183.4204,184.18996,VfS0qUERdZ,com.sec.android.app.shealth,6f1a21bc-2c13-441a-b052-557db32267f7,1772150400000,
386bddd9-a31d-4cdd-a163-8e31a500ee1b.binning_data.json,2026-02-28 00:00:02.292,2026-02-28 00:00:02.292,com.sec.android.app.shealth,0,5586,1.2380974,4183.4204,184.18996,kv/gFnHKRS,com.sec.android.app.shealth,386bddd9-a31d-4cdd-a163-8e31a500ee1b,1772150400000,
877c2d26-0cba-4efd-ba92-a81a8a7a1a77.binning_data.json,2026-02-28 23:03:02.621,2026-02-28 11:17:47.398,com.sec.android.app.shealth,-2,1208,1.3246164,929.11,42.749996,VfS0qUERdZ,com.sec.android.app.shealth,877c2d26-0cba-4efd-ba92-a81a8a7a1a77,1772236800000,
df6cfab8-f50c-4cd5-a1b3-c3a81fbdb513.binning_data.json,2026-03-01 00:00:03.605,2026-03-01 00:00:03.605,com.sec.android.app.shealth,0,1208,1.3246164,929.11,42.749996,kv/gFnHKRS,com.sec.android.app.shealth,df6cfab8-f50c-4cd5-a1b3-c3a81fbdb513,1772236800000,
03449381-24e3-41ea-b421-797b07253471.binning_data.json,2026-03-01 23:57:29.317,2026-03-01 00:04:55.595,com.sec.android.app.shealth,-2,1047,1.2690029,811.46,36.699997,VfS0qUERdZ,com.sec.android.app.shealth,03449381-24e3-41ea-b421-797b07253471,1772323200000,
d9db6f52-2e23-464d-a53f-938475d1f608.binning_data.json,2026-03-02 00:00:02.257,2026-03-02 00:00:02.257,com.sec.android.app.shealth,0,1047,1.2690029,811.46,36.699997,kv/gFnHKRS,com.sec.android.app.shealth,d9db6f52-2e23-464d-a53f-938475d1f608,1772323200000,
ea4676aa-7253-46df-b1a1-7c67c9486c78.binning_data.json,2026-03-02 23:10:45.840,2026-03-02 00:15:13.184,com.sec.android.app.shealth,-2,8002,1.3000607,5990.35,321.52997,VfS0qUERdZ,com.sec.android.app.shealth,ea4676aa-7253-46df-b1a1-7c67c9486c78,1772409600000,
dd2b914a-9257-4d72-bf78-63d4f3f7f786.binning_data.json,2026-03-03 00:00:03.599,2026-03-03 00:00:03.599,com.sec.android.app.shealth,0,8002,1.3000607,5990.35,321.52997,kv/gFnHKRS,com.sec.android.app.shealth,dd2b914a-9257-4d72-bf78-63d4f3f7f786,1772409600000,
0636fa30-0d28-4c93-9fe5-231d40feaee2.binning_data.json,2026-03-03 20:58:58.738,2026-03-03 11:07:24.735,com.sec.android.app.shealth,-2,4793,1.2351203,3493.6602,152.88997,VfS0qUERdZ,com.sec.android.app.shealth,0636fa30-0d28-4c93-9fe5-231d40feaee2,1772496000000,
bcfde809-8076-429e-bf0c-1c676c4c0445.binning_data.json,2026-03-04 00:00:03.062,2026-03-04 00:00:03.062,com.sec.android.app.shealth,0,4793,1.2351203,3493.6602,152.88997,kv/gFnHKRS,com.sec.android.app.shealth,bcfde809-8076-429e-bf0c-1c676c4c0445,1772496000000,
4eef27b8-f5b1-4dea-b646-bb9b68cf1483.binning_data.json,2026-03-04 22:07:26.950,2026-03-04 00:47:59.115,com.sec.android.app.shealth,-2,6387,1.2556578,4686.8403,207.53995,VfS0qUERdZ,com.sec.android.app.shealth,4eef27b8-f5b1-4dea-b646-bb9b68cf1483,1772582400000,
faf3ad43-9a6a-482e-a9b9-6b84725cf977.binning_data.json,2026-03-05 00:00:03.213,2026-03-05 00:00:03.213,com.sec.android.app.shealth,0,6387,1.2556578,4686.8403,207.53995,kv/gFnHKRS,com.sec.android.app.shealth,faf3ad43-9a6a-482e-a9b9-6b84725cf977,1772582400000,
c9a79db2-515f-4411-b8e5-171855f6c314.binning_data.json,2026-03-05 22:47:46.249,2026-03-05 00:11:29.415,com.sec.android.app.shealth,-2,6548,1.2849693,4807.29,214.38995,VfS0qUERdZ,com.sec.android.app.shealth,c9a79db2-515f-4411-b8e5-171855f6c314,1772668800000,
21f8efdc-5ed5-4bca-963c-88ca89fa13a7.binning_data.json,2026-03-06 00:16:33.797,2026-03-06 00:16:33.797,com.sec.android.app.shealth,0,6548,1.2849693,4807.29,214.38995,kv/gFnHKRS,com.sec.android.app.shealth,21f8efdc-5ed5-4bca-963c-88ca89fa13a7,1772668800000,
d6efff59-eb13-4fd2-8de6-61c302c1d863.binning_data.json,2026-03-06 23:50:03.415,2026-03-06 09:16:37.471,com.sec.android.app.shealth,-2,4715,1.2941725,3546.32,152.21997,VfS0qUERdZ,com.sec.android.app.shealth,d6efff59-eb13-4fd2-8de6-61c302c1d863,1772755200000,
254793f4-88fd-4fa1-9663-7086b3fbc294.binning_data.json,2026-03-07 00:00:03.929,2026-03-07 00:00:03.929,com.sec.android.app.shealth,0,4715,1.2941725,3546.32,152.21997,kv/gFnHKRS,com.sec.android.app.shealth,254793f4-88fd-4fa1-9663-7086b3fbc294,1772755200000,
60e87096-665f-4bc2-94ee-38742ee37414.binning_data.json,2026-03-07 22:44:10.374,2026-03-07 00:09:24.074,com.sec.android.app.shealth,-2,12015,1.2389281,8881.32,376.49997,VfS0qUERdZ,com.sec.android.app.shealth,60e87096-665f-4bc2-94ee-38742ee37414,1772841600000,
16cf017a-ae4d-41b2-9c48-1c692f34c71d.binning_data.json,2026-03-08 00:03:17.835,2026-03-08 00:03:17.835,com.sec.android.app.shealth,0,12015,1.2389281,8881.32,376.49997,kv/gFnHKRS,com.sec.android.app.shealth,16cf017a-ae4d-41b2-9c48-1c692f34c71d,1772841600000,
d6497645-16a7-412a-a989-83dbe55dca2e.binning_data.json,2026-03-09 00:00:04.970,2026-03-08 00:06:13.679,com.sec.android.app.shealth,-2,4544,1.2051123,3358.15,147.25998,VfS0qUERdZ,com.sec.android.app.shealth,d6497645-16a7-412a-a989-83dbe55dca2e,1772928000000,
f1ffaeb2-3c8a-4365-ac38-9c829b8a8d4b.binning_data.json,2026-03-09 00:00:03.349,2026-03-09 00:00:03.349,com.sec.android.app.shealth,0,4544,1.2051123,3358.15,147.25998,kv/gFnHKRS,com.sec.android.app.shealth,f1ffaeb2-3c8a-4365-ac38-9c829b8a8d4b,1772928000000,
a3d21739-ae08-44dc-b8af-7826fcddc946.binning_data.json,2026-03-09 23:58:44.019,2026-03-09 00:11:55.474,com.sec.android.app.shealth,-2,9210,1.1879387,6723.49,287.03995,VfS0qUERdZ,com.sec.android.app.shealth,a3d21739-ae08-44dc-b8af-7826fcddc946,1773014400000,
26a56f5b-d629-4865-885e-8ebf7770508f.binning_data.json,2026-03-10 00:00:04.673,2026-03-10 00:00:04.673,com.sec.android.app.shealth,0,9210,1.1879387,6723.49,287.03995,kv/gFnHKRS,com.sec.android.app.shealth,26a56f5b-d629-4865-885e-8ebf7770508f,1773014400000,
589a721d-bc86-4e45-9f6f-cd14aa643fb3.binning_data.json,2026-03-10 22:20:00.785,2026-03-10 00:01:29.600,com.sec.android.app.shealth,-2,5742,1.1834359,4185.24,185.81995,VfS0qUERdZ,com.sec.android.app.shealth,589a721d-bc86-4e45-9f6f-cd14aa643fb3,1773100800000,
3a894e00-01d6-4ff0-97fc-43d47d9c21b8.binning_data.json,2026-03-11 00:00:03.286,2026-03-11 00:00:03.286,com.sec.android.app.shealth,0,5742,1.1834359,4185.24,185.81995,kv/gFnHKRS,com.sec.android.app.shealth,3a894e00-01d6-4ff0-97fc-43d47d9c21b8,1773100800000,
e2afced4-9b07-408d-aa9a-ee69302e580c.binning_data.json,2026-03-11 22:07:09.563,2026-03-11 08:57:12.784,com.sec.android.app.shealth,-2,10800,1.2577877,7940.31,349.08994,VfS0qUERdZ,com.sec.android.app.shealth,e2afced4-9b07-408d-aa9a-ee69302e580c,1773187200000,
ef275afa-a85a-4320-aab4-a0f63bf299c8.binning_data.json,2026-03-12 00:52:30.700,2026-03-12 00:52:30.700,com.sec.android.app.shealth,0,10800,1.2577877,7940.31,349.08994,kv/gFnHKRS,com.sec.android.app.shealth,ef275afa-a85a-4320-aab4-a0f63bf299c8,1773187200000,
088919c5-97b6-4ea3-a42b-b96cb9612bb5.binning_data.json,2026-03-12 23:56:35.771,2026-03-12 08:50:18.856,com.sec.android.app.shealth,-2,3160,1.2050732,2389.83,103.609985,VfS0qUERdZ,com.sec.android.app.shealth,088919c5-97b6-4ea3-a42b-b96cb9612bb5,1773273600000,
95dd14a6-150c-42fb-813b-8be89b5f0622.binning_data.json,2026-03-13 00:00:03.640,2026-03-13 00:00:03.640,com.sec.android.app.shealth,0,3160,1.2050732,2389.83,103.609985,kv/gFnHKRS,com.sec.android.app.shealth,95dd14a6-150c-42fb-813b-8be89b5f0622,1773273600000,
8e547406-aad6-4ab0-8bdf-c4b73ffb5753.binning_data.json,2026-03-13 21:12:58.546,2026-03-13 00:11:12.063,com.sec.android.app.shealth,-2,802,1.2452972,623.14,28.449997,VfS0qUERdZ,com.sec.android.app.shealth,8e547406-aad6-4ab0-8bdf-c4b73ffb5753,1773360000000,
36545d0f-d387-4c88-9580-580fe4db4cce.binning_data.json,2026-03-14 00:00:03.063,2026-03-14 00:00:03.063,com.sec.android.app.shealth,0,802,1.2452972,623.14,28.449997,kv/gFnHKRS,com.sec.android.app.shealth,36545d0f-d387-4c88-9580-580fe4db4cce,1773360000000,
80927fae-26d1-464e-afdd-097f211d5c1c.binning_data.json,2026-03-14 23:41:14.282,2026-03-14 00:26:22.529,com.sec.android.app.shealth,-2,8147,1.2642051,6162.1104,267.80994,VfS0qUERdZ,com.sec.android.app.shealth,80927fae-26d1-464e-afdd-097f211d5c1c,1773446400000,
34763432-f2bc-4f80-a569-59886fbe7297.binning_data.json,2026-03-15 23:31:10.545,2026-03-15 00:15:10.202,com.sec.android.app.shealth,-2,8220,1.2407228,6205.0103,263.2299,VfS0qUERdZ,com.sec.android.app.shealth,34763432-f2bc-4f80-a569-59886fbe7297,1773532800000,
3b381edc-b772-4d6d-a120-4e6c79ac27ec.binning_data.json,2026-03-16 00:00:03.117,2026-03-15 00:26:16.288,com.sec.android.app.shealth,0,8220,1.2407228,6205.0103,263.2299,kv/gFnHKRS,com.sec.android.app.shealth,3b381edc-b772-4d6d-a120-4e6c79ac27ec,1773532800000,
66c05044-3788-41a2-9dcc-ac832f2032bb.binning_data.json,2026-03-15 00:26:16.368,2026-03-15 00:26:16.368,com.sec.android.app.shealth,0,8147,1.2642051,6162.1104,267.80994,kv/gFnHKRS,com.sec.android.app.shealth,66c05044-3788-41a2-9dcc-ac832f2032bb,1773446400000,
e06c659f-2c23-44f8-b8a0-fd8b05674086.binning_data.json,2026-03-17 00:05:33.163,2026-03-16 00:43:23.611,com.sec.android.app.shealth,-2,9586,1.1875975,6751.13,325.38998,VfS0qUERdZ,com.sec.android.app.shealth,e06c659f-2c23-44f8-b8a0-fd8b05674086,1773619200000,
a40d6ffe-1954-46d9-b199-a288e0a569e7.binning_data.json,2026-03-17 23:56:28.527,2026-03-17 00:05:23.351,com.sec.android.app.shealth,-2,13180,1.2402384,9876.61,420.91992,VfS0qUERdZ,com.sec.android.app.shealth,a40d6ffe-1954-46d9-b199-a288e0a569e7,1773705600000,
e7318c35-29a4-4176-9fbc-acf39979fcfe.binning_data.json,2026-03-18 00:02:04.861,2026-03-17 00:05:23.863,com.sec.android.app.shealth,0,13180,1.2402384,9876.61,420.91992,kv/gFnHKRS,com.sec.android.app.shealth,e7318c35-29a4-4176-9fbc-acf39979fcfe,1773705600000,
9c4e2830-1bae-420d-ac5d-a9dc09089606.binning_data.json,2026-03-17 00:05:24.317,2026-03-17 00:05:24.317,com.sec.android.app.shealth,0,9586,1.1875975,6751.13,325.38998,kv/gFnHKRS,com.sec.android.app.shealth,9c4e2830-1bae-420d-ac5d-a9dc09089606,1773619200000,
a34f7ba7-d095-490c-88ed-176884b56d9a.binning_data.json,2026-03-18 22:59:34.788,2026-03-18 00:04:56.744,com.sec.android.app.shealth,-2,6364,1.1290573,4627.18,201.7899,VfS0qUERdZ,com.sec.android.app.shealth,a34f7ba7-d095-490c-88ed-176884b56d9a,1773792000000,
cecff883-b677-4d1d-bb00-d57f473d2122.binning_data.json,2026-03-19 00:39:18.042,2026-03-19 00:39:18.042,com.sec.android.app.shealth,0,6364,1.1290573,4627.18,201.7899,kv/gFnHKRS,com.sec.android.app.shealth,cecff883-b677-4d1d-bb00-d57f473d2122,1773792000000,
d8972907-4db3-4f12-80d9-37979e2f5b0d.binning_data.json,2026-03-19 20:33:25.134,2026-03-19 07:47:59.727,com.sec.android.app.shealth,-2,13336,1.2338558,9807.13,418.85995,VfS0qUERdZ,com.sec.android.app.shealth,d8972907-4db3-4f12-80d9-37979e2f5b0d,1773878400000,
99c00b01-d90a-4192-b0d7-c6d825cff979.binning_data.json,2026-03-20 00:00:02.779,2026-03-20 00:00:02.779,com.sec.android.app.shealth,0,13336,1.2338558,9807.13,418.85995,kv/gFnHKRS,com.sec.android.app.shealth,99c00b01-d90a-4192-b0d7-c6d825cff979,1773878400000,
4f17eee7-f7d2-415f-923e-59e5aa53772a.binning_data.json,2026-03-22 00:00:15.077,2026-03-20 08:39:50.671,com.sec.android.app.shealth,-2,13954,1.2301736,10393.261,439.74997,VfS0qUERdZ,com.sec.android.app.shealth,4f17eee7-f7d2-415f-923e-59e5aa53772a,1773964800000,
c7fadfe0-986e-4d36-b0cc-335fd1163b3c.binning_data.json,2026-03-21 00:00:26.495,2026-03-21 00:00:06.831,com.sec.android.app.shealth,0,13954,1.2301736,10393.261,439.74997,kv/gFnHKRS,com.sec.android.app.shealth,c7fadfe0-986e-4d36-b0cc-335fd1163b3c,1773964800000,
13ab3c03-34eb-455d-923c-eb623b7279f6.binning_data.json,2026-03-21 22:45:44.245,2026-03-21 00:15:09.600,com.sec.android.app.shealth,-2,19659,1.2211701,14528.261,608.0399,VfS0qUERdZ,com.sec.android.app.shealth,13ab3c03-34eb-455d-923c-eb623b7279f6,1774051200000,
b4c8f8c3-df94-4c3d-84fa-d68f7d3c9394.binning_data.json,2026-03-22 00:00:11.997,2026-03-22 00:00:11.997,com.sec.android.app.shealth,0,19659,1.2211701,14528.261,608.0399,kv/gFnHKRS,com.sec.android.app.shealth,b4c8f8c3-df94-4c3d-84fa-d68f7d3c9394,1774051200000,
32c1923b-5172-4eab-b806-8cbe859b2c53.binning_data.json,2026-03-29 00:00:10.923,2026-03-22 11:17:15.111,com.sec.android.app.shealth,-2,1214,1.2531312,970.06,45.09,VfS0qUERdZ,com.sec.android.app.shealth,32c1923b-5172-4eab-b806-8cbe859b2c53,1774137600000,
7a047a80-a372-4ce9-8a42-6a522aa3c1f5.binning_data.json,2026-03-23 00:00:03.585,2026-03-23 00:00:03.585,com.sec.android.app.shealth,0,1214,1.2531312,970.06,45.09,kv/gFnHKRS,com.sec.android.app.shealth,7a047a80-a372-4ce9-8a42-6a522aa3c1f5,1774137600000,
96863e0c-749c-4ddc-b4fa-f191edca2298.binning_data.json,2026-03-29 23:00:08.141,2026-03-23 09:56:03.729,com.sec.android.app.shealth,-2,2821,1.187257,2079.7102,87.589966,VfS0qUERdZ,com.sec.android.app.shealth,96863e0c-749c-4ddc-b4fa-f191edca2298,1774224000000,
12e1ed04-3efd-43a3-8728-38f11c56e64e.binning_data.json,2026-03-24 00:00:09.178,2026-03-24 00:00:09.178,com.sec.android.app.shealth,0,2821,1.187257,2079.7102,87.589966,kv/gFnHKRS,com.sec.android.app.shealth,12e1ed04-3efd-43a3-8728-38f11c56e64e,1774224000000,
9305f1a3-a862-449b-a034-2b800b972efc.binning_data.json,2026-03-30 23:00:09.931,2026-03-24 03:55:01.605,com.sec.android.app.shealth,-2,5528,1.1478574,4013.25,179.82996,VfS0qUERdZ,com.sec.android.app.shealth,9305f1a3-a862-449b-a034-2b800b972efc,1774310400000,
0493d59c-f1e6-4298-89fd-7fa7485479e0.binning_data.json,2026-03-25 00:00:04.486,2026-03-25 00:00:04.486,com.sec.android.app.shealth,0,5528,1.1478574,4013.25,179.82996,kv/gFnHKRS,com.sec.android.app.shealth,0493d59c-f1e6-4298-89fd-7fa7485479e0,1774310400000,
e8f39d2e-5435-40ab-8a7e-fc60b43eb28d.binning_data.json,2026-03-31 23:00:09.983,2026-03-25 00:09:52.120,com.sec.android.app.shealth,-2,877,1.4375463,715.26,32.289997,VfS0qUERdZ,com.sec.android.app.shealth,e8f39d2e-5435-40ab-8a7e-fc60b43eb28d,1774396800000,
f1b37102-d2e9-4f70-b18f-39823bb5e4a5.binning_data.json,2026-03-26 00:00:03.184,2026-03-26 00:00:03.184,com.sec.android.app.shealth,0,877,1.4375463,715.26,32.289997,kv/gFnHKRS,com.sec.android.app.shealth,f1b37102-d2e9-4f70-b18f-39823bb5e4a5,1774396800000,
90d091a8-a640-4ab5-8b99-e1059de8ec62.binning_data.json,2026-04-01 23:00:07.296,2026-03-26 09:13:18.882,com.sec.android.app.shealth,-2,17781,1.2199504,13172.341,568.3799,VfS0qUERdZ,com.sec.android.app.shealth,90d091a8-a640-4ab5-8b99-e1059de8ec62,1774483200000,
9bf43c14-4506-4c40-85f9-829805a6e340.binning_data.json,2026-03-27 00:03:03.029,2026-03-27 00:01:48.088,com.sec.android.app.shealth,0,17781,1.2199504,13172.341,568.3799,kv/gFnHKRS,com.sec.android.app.shealth,9bf43c14-4506-4c40-85f9-829805a6e340,1774483200000,
206b262a-d12d-4196-83ca-79cb64d4c471.binning_data.json,2026-04-02 23:00:09.984,2026-03-27 00:03:33.928,com.sec.android.app.shealth,-2,4496,1.4307194,3655.05,160.26999,VfS0qUERdZ,com.sec.android.app.shealth,206b262a-d12d-4196-83ca-79cb64d4c471,1774569600000,
3c5843ae-b19e-487b-9c9a-04382375a2dc.binning_data.json,2026-03-28 00:00:04.381,2026-03-28 00:00:04.381,com.sec.android.app.shealth,0,4496,1.4307194,3655.05,160.26999,kv/gFnHKRS,com.sec.android.app.shealth,3c5843ae-b19e-487b-9c9a-04382375a2dc,1774569600000,
28af138d-de70-4165-950e-a06873edec50.binning_data.json,2026-04-03 23:02:34.054,2026-03-28 00:09:54.128,com.sec.android.app.shealth,-2,15201,1.3591992,11626.891,496.0699,VfS0qUERdZ,com.sec.android.app.shealth,28af138d-de70-4165-950e-a06873edec50,1774656000000,
0283dea0-c838-442f-af2f-853a733bd459.binning_data.json,2026-03-29 23:00:03.549,2026-03-29 00:00:04.392,com.sec.android.app.shealth,0,5029,1.304787,3891.53,166.93999,kv/gFnHKRS,com.sec.android.app.shealth,0283dea0-c838-442f-af2f-853a733bd459,1774742400000,
10c53aae-c6a7-4de9-a3d7-af9bc22ed102.binning_data.json,2026-03-29 00:00:04.400,2026-03-29 00:00:04.400,com.sec.android.app.shealth,0,15201,1.3591992,11626.891,496.0699,kv/gFnHKRS,com.sec.android.app.shealth,10c53aae-c6a7-4de9-a3d7-af9bc22ed102,1774656000000,
f66ce03c-d2b9-4933-9ba6-74874f93ffb4.binning_data.json,2026-03-29 21:09:31.097,2026-03-29 00:00:06.428,com.sec.android.app.shealth,-2,5029,1.304787,3891.53,166.93999,VfS0qUERdZ,com.sec.android.app.shealth,f66ce03c-d2b9-4933-9ba6-74874f93ffb4,1774742400000,
ff1f9409-67f5-411a-ad45-cdbef721397d.binning_data.json,2026-03-30 19:54:26.300,2026-03-30 00:42:15.911,com.sec.android.app.shealth,-2,702,1.3373936,544.3,27.25,VfS0qUERdZ,com.sec.android.app.shealth,ff1f9409-67f5-411a-ad45-cdbef721397d,1774828800000,
347c3291-6115-49b6-8c47-8297205349be.binning_data.json,2026-03-30 23:00:03.975,2026-03-30 23:00:03.975,com.sec.android.app.shealth,0,702,1.3373936,544.3,27.25,kv/gFnHKRS,com.sec.android.app.shealth,347c3291-6115-49b6-8c47-8297205349be,1774828800000,
77fb3c10-8b40-45f1-9790-20533b61206f.binning_data.json,2026-03-31 22:53:53.422,2026-03-30 23:48:37.657,com.sec.android.app.shealth,-2,7137,1.2208457,5273.1406,295.2199,VfS0qUERdZ,com.sec.android.app.shealth,77fb3c10-8b40-45f1-9790-20533b61206f,1774915200000,
1debc396-4dfd-441a-9ad7-e085b79f3d93.binning_data.json,2026-03-31 23:00:03.633,2026-03-31 23:00:03.633,com.sec.android.app.shealth,0,7137,1.2208457,5273.1406,295.2199,kv/gFnHKRS,com.sec.android.app.shealth,1debc396-4dfd-441a-9ad7-e085b79f3d93,1774915200000,
bc93624e-627c-4476-a73f-de3a64eb15c4.binning_data.json,2026-04-01 22:48:06.305,2026-03-31 23:19:35.916,com.sec.android.app.shealth,-2,544,1.3332226,425.95,19.15,VfS0qUERdZ,com.sec.android.app.shealth,bc93624e-627c-4476-a73f-de3a64eb15c4,1775001600000,
40e13ec6-72d4-4aca-9966-787bc60d8e6d.binning_data.json,2026-04-01 23:00:03.151,2026-04-01 23:00:03.151,com.sec.android.app.shealth,0,544,1.3332226,425.95,19.15,kv/gFnHKRS,com.sec.android.app.shealth,40e13ec6-72d4-4aca-9966-787bc60d8e6d,1775001600000,
c0f33784-b449-415a-bf9e-6c221a550ec1.binning_data.json,2026-04-02 22:59:47.510,2026-04-02 00:37:42.853,com.sec.android.app.shealth,-2,8391,1.2650589,6324.06,275.55994,VfS0qUERdZ,com.sec.android.app.shealth,c0f33784-b449-415a-bf9e-6c221a550ec1,1775088000000,
2390d58f-a79f-4e39-a3c9-ed95cf6fd25e.binning_data.json,2026-04-02 23:00:03.349,2026-04-02 23:00:03.349,com.sec.android.app.shealth,0,8391,1.2650589,6324.06,275.55994,kv/gFnHKRS,com.sec.android.app.shealth,2390d58f-a79f-4e39-a3c9-ed95cf6fd25e,1775088000000,
1969722b-b727-4998-afd1-ccd3a422e53a.binning_data.json,2026-04-03 21:30:11.163,2026-04-02 23:03:27.163,com.sec.android.app.shealth,-2,6017,1.2266799,4499.69,202.43,VfS0qUERdZ,com.sec.android.app.shealth,1969722b-b727-4998-afd1-ccd3a422e53a,1775174400000,
44582441-4ec1-4ef5-8821-b1225741a957.binning_data.json,2026-04-03 23:02:28.801,2026-04-03 23:02:28.801,com.sec.android.app.shealth,0,6017,1.2266799,4499.69,202.43,kv/gFnHKRS,com.sec.android.app.shealth,44582441-4ec1-4ef5-8821-b1225741a957,1775174400000,
11a4471b-2958-4c51-90f7-e0c4d6745be6.binning_data.json,2026-04-05 23:03:27.753,2026-04-04 07:50:15.638,com.sec.android.app.shealth,-2,7147,1.2080021,5376.9,237.33,VfS0qUERdZ,com.sec.android.app.shealth,11a4471b-2958-4c51-90f7-e0c4d6745be6,1775260800000,
103e9581-7830-4728-9a60-4fb1c8e2b600.binning_data.json,2026-04-05 22:34:10.260,2026-04-04 23:00:56.427,com.sec.android.app.shealth,-2,4219,1.2590001,3217.93,143.93999,VfS0qUERdZ,com.sec.android.app.shealth,103e9581-7830-4728-9a60-4fb1c8e2b600,1775347200000,
5f087d6c-9d9d-49b2-b9ca-556b00cfcf15.binning_data.json,2026-04-05 23:01:19.068,2026-04-04 23:00:56.722,com.sec.android.app.shealth,0,4219,1.2590001,3217.93,143.93999,kv/gFnHKRS,com.sec.android.app.shealth,5f087d6c-9d9d-49b2-b9ca-556b00cfcf15,1775347200000,
d421f898-5a66-4de0-a14b-9c1e3e8d7e70.binning_data.json,2026-04-04 23:00:56.776,2026-04-04 23:00:56.776,com.sec.android.app.shealth,0,7147,1.2080021,5376.9,237.33,kv/gFnHKRS,com.sec.android.app.shealth,d421f898-5a66-4de0-a14b-9c1e3e8d7e70,1775260800000,
1540cb93-15f3-4d43-8e69-3fc101788122.binning_data.json,2026-04-06 22:09:37.353,2026-04-06 10:32:16.084,com.sec.android.app.shealth,-2,4303,1.1441169,3184.3,137.93999,VfS0qUERdZ,com.sec.android.app.shealth,1540cb93-15f3-4d43-8e69-3fc101788122,1775433600000,
e84ddcf0-9f17-4f86-92e0-e37247da6ccd.binning_data.json,2026-04-06 23:06:37.760,2026-04-06 23:06:37.760,com.sec.android.app.shealth,0,4303,1.1441169,3184.3,137.93999,kv/gFnHKRS,com.sec.android.app.shealth,e84ddcf0-9f17-4f86-92e0-e37247da6ccd,1775433600000,
2872c1fd-084d-45e3-aaf6-e784295b7c1a.binning_data.json,2026-04-07 21:19:13.267,2026-04-06 23:23:15.589,com.sec.android.app.shealth,-2,9437,1.193019,6902.89,311.69998,VfS0qUERdZ,com.sec.android.app.shealth,2872c1fd-084d-45e3-aaf6-e784295b7c1a,1775520000000,
f148a42b-c7ac-40bc-97f7-f1828588aae7.binning_data.json,2026-04-07 23:00:02.856,2026-04-07 23:00:02.856,com.sec.android.app.shealth,0,9437,1.193019,6902.89,311.69998,kv/gFnHKRS,com.sec.android.app.shealth,f148a42b-c7ac-40bc-97f7-f1828588aae7,1775520000000,
2a4fb086-cd90-49a8-8742-a6c855c1e1e6.binning_data.json,2026-04-08 19:26:54.345,2026-04-08 08:28:26.250,com.sec.android.app.shealth,-2,11721,1.1683705,8656.39,370.00998,VfS0qUERdZ,com.sec.android.app.shealth,2a4fb086-cd90-49a8-8742-a6c855c1e1e6,1775606400000,
3a598886-298c-4b5b-9c3b-4b88263ad3b5.binning_data.json,2026-04-08 23:00:05.424,2026-04-08 23:00:05.424,com.sec.android.app.shealth,0,11721,1.1683705,8656.39,370.00998,kv/gFnHKRS,com.sec.android.app.shealth,3a598886-298c-4b5b-9c3b-4b88263ad3b5,1775606400000,
17792a9d-c2f3-4a07-847c-54c53e255359.binning_data.json,2026-04-09 21:46:01.365,2026-04-09 09:05:35.006,com.sec.android.app.shealth,-2,7093,1.2238829,5353.12,230.83997,VfS0qUERdZ,com.sec.android.app.shealth,17792a9d-c2f3-4a07-847c-54c53e255359,1775692800000,
6985d025-eb5f-411e-9d0b-8683ce7d3cef.binning_data.json,2026-04-09 23:00:02.935,2026-04-09 23:00:02.935,com.sec.android.app.shealth,0,7093,1.2238829,5353.12,230.83997,kv/gFnHKRS,com.sec.android.app.shealth,6985d025-eb5f-411e-9d0b-8683ce7d3cef,1775692800000,
343f4d48-5443-45c3-9149-20f6f8f164e1.binning_data.json,2026-04-10 22:37:53.256,2026-04-09 23:34:26.838,com.sec.android.app.shealth,-2,4395,1.2390589,3393.79,149.23999,VfS0qUERdZ,com.sec.android.app.shealth,343f4d48-5443-45c3-9149-20f6f8f164e1,1775779200000,
7448a586-784b-4d20-852f-b756e13b1801.binning_data.json,2026-04-10 23:01:51.691,2026-04-10 23:01:51.691,com.sec.android.app.shealth,0,4395,1.2390589,3393.79,149.23999,kv/gFnHKRS,com.sec.android.app.shealth,7448a586-784b-4d20-852f-b756e13b1801,1775779200000,
f18e3cf7-4777-4c90-ac5f-1b90b40f0417.binning_data.json,2026-04-11 18:57:23.275,2026-04-10 23:25:10.019,com.sec.android.app.shealth,-2,5760,1.2038643,4297.63,190.29,VfS0qUERdZ,com.sec.android.app.shealth,f18e3cf7-4777-4c90-ac5f-1b90b40f0417,1775865600000,
2c03894a-2f5f-40cf-9b4a-7d2ce8e55aea.binning_data.json,2026-04-12 00:51:30.902,2026-04-12 00:51:30.902,com.sec.android.app.shealth,0,5760,1.2038643,4297.63,190.29,kv/gFnHKRS,com.sec.android.app.shealth,2c03894a-2f5f-40cf-9b4a-7d2ce8e55aea,1775865600000,
1d5b78b8-6b0e-4b3b-9e0e-79b68ae6a32b.binning_data.json,2026-04-12 22:25:44.075,2026-04-12 10:00:27.069,com.sec.android.app.shealth,-2,1164,1.2138609,885.86,39.1,VfS0qUERdZ,com.sec.android.app.shealth,1d5b78b8-6b0e-4b3b-9e0e-79b68ae6a32b,1775952000000,
57f92f3c-8dae-4984-aed9-fab35bcbb993.binning_data.json,2026-04-12 23:35:43.567,2026-04-12 23:35:43.567,com.sec.android.app.shealth,0,1164,1.2138609,885.86,39.1,kv/gFnHKRS,com.sec.android.app.shealth,57f92f3c-8dae-4984-aed9-fab35bcbb993,1775952000000,
bc46069d-62fc-42c6-b91d-fa154c25b5a7.binning_data.json,2026-04-13 21:42:52.232,2026-04-13 09:05:31.474,com.sec.android.app.shealth,-2,2160,1.2785085,1697.84,75.82,VfS0qUERdZ,com.sec.android.app.shealth,bc46069d-62fc-42c6-b91d-fa154c25b5a7,1776038400000,
9f385419-d81b-4c62-8f92-9d1682d20738.binning_data.json,2026-04-13 23:09:14.300,2026-04-13 23:09:14.300,com.sec.android.app.shealth,0,2160,1.2785085,1697.84,75.82,kv/gFnHKRS,com.sec.android.app.shealth,9f385419-d81b-4c62-8f92-9d1682d20738,1776038400000,
a164fb1d-3576-4109-9968-84a20408ee80.binning_data.json,2026-04-14 21:32:44.505,2026-04-14 08:09:33.719,com.sec.android.app.shealth,-2,10425,1.2178903,7734.33,329.83997,VfS0qUERdZ,com.sec.android.app.shealth,a164fb1d-3576-4109-9968-84a20408ee80,1776124800000,
d83684cd-22f1-4ed7-a59d-97a731e43b05.binning_data.json,2026-04-14 23:00:04.910,2026-04-14 23:00:04.910,com.sec.android.app.shealth,0,10425,1.2178903,7734.33,329.83997,kv/gFnHKRS,com.sec.android.app.shealth,d83684cd-22f1-4ed7-a59d-97a731e43b05,1776124800000,
11ac2161-5509-4c28-91db-9f79a6fac6e2.binning_data.json,2026-04-16 23:28:38.430,2026-04-15 08:52:42.308,com.sec.android.app.shealth,-2,16496,1.1736326,11995.19,536.58,VfS0qUERdZ,com.sec.android.app.shealth,11ac2161-5509-4c28-91db-9f79a6fac6e2,1776211200000,
f4fe533f-536f-4375-a064-2bbee477104c.binning_data.json,2026-04-16 22:24:24.011,2026-04-15 23:07:28.074,com.sec.android.app.shealth,-2,1918,1.2238185,1449.15,62.359997,VfS0qUERdZ,com.sec.android.app.shealth,f4fe533f-536f-4375-a064-2bbee477104c,1776297600000,
ed0ff101-9ec4-40c0-901e-e3c30b564be7.binning_data.json,2026-04-16 23:28:37.584,2026-04-15 23:07:28.518,com.sec.android.app.shealth,0,1918,1.2238185,1449.15,62.359997,kv/gFnHKRS,com.sec.android.app.shealth,ed0ff101-9ec4-40c0-901e-e3c30b564be7,1776297600000,
d5f7b536-a042-4db0-abb7-fb0714339ea0.binning_data.json,2026-04-15 23:07:28.538,2026-04-15 23:07:28.538,com.sec.android.app.shealth,0,16496,1.1736326,11995.19,536.58,kv/gFnHKRS,com.sec.android.app.shealth,d5f7b536-a042-4db0-abb7-fb0714339ea0,1776211200000,
f6f85630-d63e-4f12-9357-460658a82e4a.binning_data.json,2026-04-17 20:36:27.891,2026-04-17 08:31:54.291,com.sec.android.app.shealth,-2,3117,1.2329171,2403.75,105.38,VfS0qUERdZ,com.sec.android.app.shealth,f6f85630-d63e-4f12-9357-460658a82e4a,1776384000000,
1a3b3a20-2118-4460-b6a7-ae7e787328ff.binning_data.json,2026-04-17 23:01:06.831,2026-04-17 23:01:06.831,com.sec.android.app.shealth,0,3117,1.2329171,2403.75,105.38,kv/gFnHKRS,com.sec.android.app.shealth,1a3b3a20-2118-4460-b6a7-ae7e787328ff,1776384000000,
7c0832a0-a940-4b1d-907b-973b8bf0a4bb.binning_data.json,2026-04-18 20:16:09.598,2026-04-18 04:30:20.640,com.sec.android.app.shealth,-2,5144,1.2039243,3786.08,164.80998,VfS0qUERdZ,com.sec.android.app.shealth,7c0832a0-a940-4b1d-907b-973b8bf0a4bb,1776470400000,
676f3d42-f177-4e18-8dcd-4ebc6da5db0c.binning_data.json,2026-04-18 23:00:05.140,2026-04-18 23:00:05.140,com.sec.android.app.shealth,0,5144,1.2039243,3786.08,164.80998,kv/gFnHKRS,com.sec.android.app.shealth,676f3d42-f177-4e18-8dcd-4ebc6da5db0c,1776470400000,
4e0d6883-a2a4-4fc9-8580-b2b689ec59d3.binning_data.json,2026-04-19 22:25:48.061,2026-04-19 07:48:57.935,com.sec.android.app.shealth,-2,9003,1.3297346,6830.23,282.43997,VfS0qUERdZ,com.sec.android.app.shealth,4e0d6883-a2a4-4fc9-8580-b2b689ec59d3,1776556800000,
1557e15b-55ad-4e42-8ced-a216cb1b2065.binning_data.json,2026-04-19 23:00:05.939,2026-04-19 23:00:05.939,com.sec.android.app.shealth,0,9003,1.3297346,6830.23,282.43997,kv/gFnHKRS,com.sec.android.app.shealth,1557e15b-55ad-4e42-8ced-a216cb1b2065,1776556800000,
5459a236-e3bc-4759-8d8a-8d61d26fc60a.binning_data.json,2026-04-20 19:41:37.100,2026-04-20 07:26:42.827,com.sec.android.app.shealth,-2,515,1.3539251,404.5,18.13,VfS0qUERdZ,com.sec.android.app.shealth,5459a236-e3bc-4759-8d8a-8d61d26fc60a,1776643200000,
